2024-07-18 15:44:38.257023 INFO  BF_MC Write LAG node at addr 0x5011 with id 255 and next node 0x5012 0x00ff_05012c00ff05011c
2024-07-18 15:44:38.257059 INFO  BF_MC Write LAG node at addr 0x5012 with id 255 and next node 0x5013 0x0000_00000000ff05013c
2024-07-18 15:44:38.257065 INFO  BF_MC Write LAG node at addr 0x5013 with id 255 and next node 0x5014 0x00ff_05014c00ff05013c
2024-07-18 15:44:38.257069 INFO  BF_MC Write LAG node at addr 0x5014 with id 255 and next node 0x5015 0x0000_00000000ff05015c
2024-07-18 15:44:38.257088 INFO  BF_MC Write LAG node at addr 0x5015 with id 255 and next node 0x5016 0x00ff_05016c00ff05015c
2024-07-18 15:44:38.257094 INFO  BF_MC Write LAG node at addr 0x5016 with id 255 and next node 0x5017 0x0000_00000000ff05017c
2024-07-18 15:44:38.257098 INFO  BF_MC Write LAG node at addr 0x5017 with id 255 and next node 0x5018 0x00ff_05018c00ff05017c
2024-07-18 15:44:38.257103 INFO  BF_MC Write LAG node at addr 0x5018 with id 255 and next node 0x5019 0x0000_00000000ff05019c
2024-07-18 15:44:38.257110 INFO  BF_MC Write LAG node at addr 0x5019 with id 255 and next node 0x501a 0x00ff_0501ac00ff05019c
2024-07-18 15:44:38.257115 INFO  BF_MC Write LAG node at addr 0x501a with id 255 and next node 0x501b 0x0000_00000000ff0501bc
2024-07-18 15:44:38.257119 INFO  BF_MC Write LAG node at addr 0x501b with id 255 and next node 0x501c 0x00ff_0501cc00ff0501bc
2024-07-18 15:44:38.257124 INFO  BF_MC Write LAG node at addr 0x501c with id 255 and next node 0x501d 0x0000_00000000ff0501dc
2024-07-18 15:44:38.257128 INFO  BF_MC Write LAG node at addr 0x501d with id 255 and next node 0x501e 0x00ff_0501ec00ff0501dc
2024-07-18 15:44:38.257133 INFO  BF_MC Write LAG node at addr 0x501e with id 255 and next node 0x501f 0x0000_00000000ff0501fc
2024-07-18 15:44:38.257138 INFO  BF_MC Write LAG node at addr 0x501f with id 255 and next node 0x5020 0x00ff_05020c00ff0501fc
2024-07-18 15:44:38.257142 INFO  BF_MC Write LAG node at addr 0x5020 with id 255 and next node 0x5021 0x0000_00000000ff05021c
2024-07-18 15:44:38.257147 INFO  BF_MC Write LAG node at addr 0x5021 with id 255 and next node 0x5022 0x00ff_05022c00ff05021c
2024-07-18 15:44:38.257152 INFO  BF_MC Write LAG node at addr 0x5022 with id 255 and next node 0x5023 0x0000_00000000ff05023c
2024-07-18 15:44:38.257156 INFO  BF_MC Write LAG node at addr 0x5023 with id 255 and next node 0x5024 0x00ff_05024c00ff05023c
2024-07-18 15:44:38.257160 INFO  BF_MC Write LAG node at addr 0x5024 with id 255 and next node 0x5025 0x0000_00000000ff05025c
2024-07-18 15:44:38.257165 INFO  BF_MC Write LAG node at addr 0x5025 with id 255 and next node 0x5026 0x00ff_05026c00ff05025c
2024-07-18 15:44:38.257171 INFO  BF_MC Write LAG node at addr 0x5026 with id 255 and next node 0x5027 0x0000_00000000ff05027c
2024-07-18 15:44:38.257175 INFO  BF_MC Write LAG node at addr 0x5027 with id 255 and next node 0x5028 0x00ff_05028c00ff05027c
2024-07-18 15:44:38.257179 INFO  BF_MC Write LAG node at addr 0x5028 with id 255 and next node 0x5029 0x0000_00000000ff05029c
2024-07-18 15:44:38.257184 INFO  BF_MC Write LAG node at addr 0x5029 with id 255 and next node 0x502a 0x00ff_0502ac00ff05029c
2024-07-18 15:44:38.257189 INFO  BF_MC Write LAG node at addr 0x502a with id 255 and next node 0x502b 0x0000_00000000ff0502bc
2024-07-18 15:44:38.257194 INFO  BF_MC Write LAG node at addr 0x502b with id 255 and next node 0x502c 0x00ff_0502cc00ff0502bc
2024-07-18 15:44:38.257198 INFO  BF_MC Write LAG node at addr 0x502c with id 255 and next node 0x502d 0x0000_00000000ff0502dc
2024-07-18 15:44:38.257203 INFO  BF_MC Write LAG node at addr 0x502d with id 255 and next node 0x502e 0x00ff_0502ec00ff0502dc
2024-07-18 15:44:38.257208 INFO  BF_MC Write LAG node at addr 0x502e with id 255 and next node 0x502f 0x0000_00000000ff0502fc
2024-07-18 15:44:38.257212 INFO  BF_MC Write LAG node at addr 0x502f with id 255 and next node 0x5030 0x00ff_05030c00ff0502fc
2024-07-18 15:44:38.257217 INFO  BF_MC Write LAG node at addr 0x5030 with id 255 and next node 0x5031 0x0000_00000000ff05031c
2024-07-18 15:44:38.257221 INFO  BF_MC Write LAG node at addr 0x5031 with id 255 and next node 0x5032 0x00ff_05032c00ff05031c
2024-07-18 15:44:38.257229 INFO  BF_MC Write LAG node at addr 0x5032 with id 255 and next node 0x5033 0x0000_00000000ff05033c
2024-07-18 15:44:38.257234 INFO  BF_MC Write LAG node at addr 0x5033 with id 255 and next node 0x5034 0x00ff_05034c00ff05033c
2024-07-18 15:44:38.257238 INFO  BF_MC Write LAG node at addr 0x5034 with id 255 and next node 0x5035 0x0000_00000000ff05035c
2024-07-18 15:44:38.257242 INFO  BF_MC Write LAG node at addr 0x5035 with id 255 and next node 0x5036 0x00ff_05036c00ff05035c
2024-07-18 15:44:38.257248 INFO  BF_MC Write LAG node at addr 0x5036 with id 255 and next node 0x5037 0x0000_00000000ff05037c
2024-07-18 15:44:38.257252 INFO  BF_MC Write LAG node at addr 0x5037 with id 255 and next node 0x5038 0x00ff_05038c00ff05037c
2024-07-18 15:44:38.257257 INFO  BF_MC Write LAG node at addr 0x5038 with id 255 and next node 0x5039 0x0000_00000000ff05039c
2024-07-18 15:44:38.257262 INFO  BF_MC Write LAG node at addr 0x5039 with id 255 and next node 0x503a 0x00ff_0503ac00ff05039c
2024-07-18 15:44:38.257268 INFO  BF_MC Write LAG node at addr 0x503a with id 255 and next node 0x503b 0x0000_00000000ff0503bc
2024-07-18 15:44:38.257272 INFO  BF_MC Write LAG node at addr 0x503b with id 255 and next node 0x503c 0x00ff_0503cc00ff0503bc
2024-07-18 15:44:38.257277 INFO  BF_MC Write LAG node at addr 0x503c with id 255 and next node 0x503d 0x0000_00000000ff0503dc
2024-07-18 15:44:38.257281 INFO  BF_MC Write LAG node at addr 0x503d with id 255 and next node 0x503e 0x00ff_0503ec00ff0503dc
2024-07-18 15:44:38.257286 INFO  BF_MC Write LAG node at addr 0x503e with id 255 and next node 0x503f 0x0000_00000000ff0503fc
2024-07-18 15:44:38.257290 INFO  BF_MC Write LAG node at addr 0x503f with id 255 and next node 0x5040 0x00ff_05040c00ff0503fc
2024-07-18 15:44:38.257295 INFO  BF_MC Write LAG node at addr 0x5040 with id 255 and next node 0x5041 0x0000_00000000ff05041c
2024-07-18 15:44:38.257299 INFO  BF_MC Write LAG node at addr 0x5041 with id 255 and next node 0x5042 0x00ff_05042c00ff05041c
2024-07-18 15:44:38.257304 INFO  BF_MC Write LAG node at addr 0x5042 with id 255 and next node 0x5043 0x0000_00000000ff05043c
2024-07-18 15:44:38.257309 INFO  BF_MC Write LAG node at addr 0x5043 with id 255 and next node 0x5044 0x00ff_05044c00ff05043c
2024-07-18 15:44:38.257313 INFO  BF_MC Write LAG node at addr 0x5044 with id 255 and next node 0x5045 0x0000_00000000ff05045c
2024-07-18 15:44:38.257318 INFO  BF_MC Write LAG node at addr 0x5045 with id 255 and next node 0x5046 0x00ff_05046c00ff05045c
2024-07-18 15:44:38.257323 INFO  BF_MC Write LAG node at addr 0x5046 with id 255 and next node 0x5047 0x0000_00000000ff05047c
2024-07-18 15:44:38.257327 INFO  BF_MC Write LAG node at addr 0x5047 with id 255 and next node 0x5048 0x00ff_05048c00ff05047c
2024-07-18 15:44:38.257331 INFO  BF_MC Write LAG node at addr 0x5048 with id 255 and next node 0x5049 0x0000_00000000ff05049c
2024-07-18 15:44:38.257336 INFO  BF_MC Write LAG node at addr 0x5049 with id 255 and next node 0x504a 0x00ff_0504ac00ff05049c
2024-07-18 15:44:38.257341 INFO  BF_MC Write LAG node at addr 0x504a with id 255 and next node 0x504b 0x0000_00000000ff0504bc
2024-07-18 15:44:38.257346 INFO  BF_MC Write LAG node at addr 0x504b with id 255 and next node 0x504c 0x00ff_0504cc00ff0504bc
2024-07-18 15:44:38.257363 INFO  BF_MC Write LAG node at addr 0x504c with id 255 and next node 0x504d 0x0000_00000000ff0504dc
2024-07-18 15:44:38.257368 INFO  BF_MC Write LAG node at addr 0x504d with id 255 and next node 0x504e 0x00ff_0504ec00ff0504dc
2024-07-18 15:44:38.257373 INFO  BF_MC Write LAG node at addr 0x504e with id 255 and next node 0x504f 0x0000_00000000ff0504fc
2024-07-18 15:44:38.257377 INFO  BF_MC Write LAG node at addr 0x504f with id 255 and next node 0x5050 0x00ff_05050c00ff0504fc
2024-07-18 15:44:38.257382 INFO  BF_MC Write LAG node at addr 0x5050 with id 255 and next node 0x5051 0x0000_00000000ff05051c
2024-07-18 15:44:38.257386 INFO  BF_MC Write LAG node at addr 0x5051 with id 255 and next node 0x5052 0x00ff_05052c00ff05051c
2024-07-18 15:44:38.257391 INFO  BF_MC Write LAG node at addr 0x5052 with id 255 and next node 0x5053 0x0000_00000000ff05053c
2024-07-18 15:44:38.257400 INFO  BF_MC Write LAG node at addr 0x5053 with id 255 and next node 0x5054 0x00ff_05054c00ff05053c
2024-07-18 15:44:38.257407 INFO  BF_MC Write LAG node at addr 0x5054 with id 255 and next node 0x5055 0x0000_00000000ff05055c
2024-07-18 15:44:38.257412 INFO  BF_MC Write LAG node at addr 0x5055 with id 255 and next node 0x5056 0x00ff_05056c00ff05055c
2024-07-18 15:44:38.257422 INFO  BF_MC Write LAG node at addr 0x5056 with id 255 and next node 0x5057 0x0000_00000000ff05057c
2024-07-18 15:44:38.257428 INFO  BF_MC Write LAG node at addr 0x5057 with id 255 and next node 0x5058 0x00ff_05058c00ff05057c
2024-07-18 15:44:38.257433 INFO  BF_MC Write LAG node at addr 0x5058 with id 255 and next node 0x5059 0x0000_00000000ff05059c
2024-07-18 15:44:38.257439 INFO  BF_MC Write LAG node at addr 0x5059 with id 255 and next node 0x505a 0x00ff_0505ac00ff05059c
2024-07-18 15:44:38.257444 INFO  BF_MC Write LAG node at addr 0x505a with id 255 and next node 0x505b 0x0000_00000000ff0505bc
2024-07-18 15:44:38.257449 INFO  BF_MC Write LAG node at addr 0x505b with id 255 and next node 0x505c 0x00ff_0505cc00ff0505bc
2024-07-18 15:44:38.257453 INFO  BF_MC Write LAG node at addr 0x505c with id 255 and next node 0x505d 0x0000_00000000ff0505dc
2024-07-18 15:44:38.257457 INFO  BF_MC Write LAG node at addr 0x505d with id 255 and next node 0x505e 0x00ff_0505ec00ff0505dc
2024-07-18 15:44:38.257463 INFO  BF_MC Write LAG node at addr 0x505e with id 255 and next node 0x505f 0x0000_00000000ff0505fc
2024-07-18 15:44:38.257467 INFO  BF_MC Write LAG node at addr 0x505f with id 255 and next node 0x5060 0x00ff_05060c00ff0505fc
2024-07-18 15:44:38.257471 INFO  BF_MC Write LAG node at addr 0x5060 with id 255 and next node 0x5061 0x0000_00000000ff05061c
2024-07-18 15:44:38.257476 INFO  BF_MC Write LAG node at addr 0x5061 with id 255 and next node 0x5062 0x00ff_05062c00ff05061c
2024-07-18 15:44:38.257481 INFO  BF_MC Write LAG node at addr 0x5062 with id 255 and next node 0x5063 0x0000_00000000ff05063c
2024-07-18 15:44:38.257485 INFO  BF_MC Write LAG node at addr 0x5063 with id 255 and next node 0x5064 0x00ff_05064c00ff05063c
2024-07-18 15:44:38.257490 INFO  BF_MC Write LAG node at addr 0x5064 with id 255 and next node 0x5065 0x0000_00000000ff05065c
2024-07-18 15:44:38.257494 INFO  BF_MC Write LAG node at addr 0x5065 with id 255 and next node 0x5066 0x00ff_05066c00ff05065c
2024-07-18 15:44:38.257499 INFO  BF_MC Write LAG node at addr 0x5066 with id 255 and next node 0x5067 0x0000_00000000ff05067c
2024-07-18 15:44:38.257504 INFO  BF_MC Write LAG node at addr 0x5067 with id 255 and next node 0x5068 0x00ff_05068c00ff05067c
2024-07-18 15:44:38.257508 INFO  BF_MC Write LAG node at addr 0x5068 with id 255 and next node 0x5069 0x0000_00000000ff05069c
2024-07-18 15:44:38.257513 INFO  BF_MC Write LAG node at addr 0x5069 with id 255 and next node 0x506a 0x00ff_0506ac00ff05069c
2024-07-18 15:44:38.257518 INFO  BF_MC Write LAG node at addr 0x506a with id 255 and next node 0x506b 0x0000_00000000ff0506bc
2024-07-18 15:44:38.257522 INFO  BF_MC Write LAG node at addr 0x506b with id 255 and next node 0x506c 0x00ff_0506cc00ff0506bc
2024-07-18 15:44:38.257527 INFO  BF_MC Write LAG node at addr 0x506c with id 255 and next node 0x506d 0x0000_00000000ff0506dc
2024-07-18 15:44:38.257531 INFO  BF_MC Write LAG node at addr 0x506d with id 255 and next node 0x506e 0x00ff_0506ec00ff0506dc
2024-07-18 15:44:38.257536 INFO  BF_MC Write LAG node at addr 0x506e with id 255 and next node 0x506f 0x0000_00000000ff0506fc
2024-07-18 15:44:38.257541 INFO  BF_MC Write LAG node at addr 0x506f with id 255 and next node 0x5070 0x00ff_05070c00ff0506fc
2024-07-18 15:44:38.257545 INFO  BF_MC Write LAG node at addr 0x5070 with id 255 and next node 0x5071 0x0000_00000000ff05071c
2024-07-18 15:44:38.257550 INFO  BF_MC Write LAG node at addr 0x5071 with id 255 and next node 0x5072 0x00ff_05072c00ff05071c
2024-07-18 15:44:38.257555 INFO  BF_MC Write LAG node at addr 0x5072 with id 255 and next node 0x5073 0x0000_00000000ff05073c
2024-07-18 15:44:38.257561 INFO  BF_MC Write LAG node at addr 0x5073 with id 255 and next node 0x5074 0x00ff_05074c00ff05073c
2024-07-18 15:44:38.257566 INFO  BF_MC Write LAG node at addr 0x5074 with id 255 and next node 0x5075 0x0000_00000000ff05075c
2024-07-18 15:44:38.257570 INFO  BF_MC Write LAG node at addr 0x5075 with id 255 and next node 0x5076 0x00ff_05076c00ff05075c
2024-07-18 15:44:38.257576 INFO  BF_MC Write LAG node at addr 0x5076 with id 255 and next node 0x5077 0x0000_00000000ff05077c
2024-07-18 15:44:38.257580 INFO  BF_MC Write LAG node at addr 0x5077 with id 255 and next node 0x5078 0x00ff_05078c00ff05077c
2024-07-18 15:44:38.257585 INFO  BF_MC Write LAG node at addr 0x5078 with id 255 and next node 0x5079 0x0000_00000000ff05079c
2024-07-18 15:44:38.257590 INFO  BF_MC Write LAG node at addr 0x5079 with id 255 and next node 0x507a 0x00ff_0507ac00ff05079c
2024-07-18 15:44:38.257595 INFO  BF_MC Write LAG node at addr 0x507a with id 255 and next node 0x507b 0x0000_00000000ff0507bc
2024-07-18 15:44:38.257600 INFO  BF_MC Write LAG node at addr 0x507b with id 255 and next node 0x507c 0x00ff_0507cc00ff0507bc
2024-07-18 15:44:38.257604 INFO  BF_MC Write LAG node at addr 0x507c with id 255 and next node 0x507d 0x0000_00000000ff0507dc
2024-07-18 15:44:38.257609 INFO  BF_MC Write LAG node at addr 0x507d with id 255 and next node 0x507e 0x00ff_0507ec00ff0507dc
2024-07-18 15:44:38.257614 INFO  BF_MC Write LAG node at addr 0x507e with id 255 and next node 0x507f 0x0000_00000000ff0507fc
2024-07-18 15:44:38.257619 INFO  BF_MC Write LAG node at addr 0x507f with id 255 and next node 0x5080 0x00ff_05080c00ff0507fc
2024-07-18 15:44:38.257638 INFO  BF_MC Write LAG node at addr 0x5080 with id 255 and next node 0x5081 0x0000_00000000ff05081c
2024-07-18 15:44:38.257643 INFO  BF_MC Write LAG node at addr 0x5081 with id 255 and next node 0x5082 0x00ff_05082c00ff05081c
2024-07-18 15:44:38.257648 INFO  BF_MC Write LAG node at addr 0x5082 with id 255 and next node 0x5083 0x0000_00000000ff05083c
2024-07-18 15:44:38.257653 INFO  BF_MC Write LAG node at addr 0x5083 with id 255 and next node 0x5084 0x00ff_05084c00ff05083c
2024-07-18 15:44:38.257657 INFO  BF_MC Write LAG node at addr 0x5084 with id 255 and next node 0x5085 0x0000_00000000ff05085c
2024-07-18 15:44:38.257662 INFO  BF_MC Write LAG node at addr 0x5085 with id 255 and next node 0x5086 0x00ff_05086c00ff05085c
2024-07-18 15:44:38.257667 INFO  BF_MC Write LAG node at addr 0x5086 with id 255 and next node 0x5087 0x0000_00000000ff05087c
2024-07-18 15:44:38.257671 INFO  BF_MC Write LAG node at addr 0x5087 with id 255 and next node 0x5088 0x00ff_05088c00ff05087c
2024-07-18 15:44:38.257676 INFO  BF_MC Write LAG node at addr 0x5088 with id 255 and next node 0x5089 0x0000_00000000ff05089c
2024-07-18 15:44:38.257680 INFO  BF_MC Write LAG node at addr 0x5089 with id 255 and next node 0x508a 0x00ff_0508ac00ff05089c
2024-07-18 15:44:38.257686 INFO  BF_MC Write LAG node at addr 0x508a with id 255 and next node 0x508b 0x0000_00000000ff0508bc
2024-07-18 15:44:38.257690 INFO  BF_MC Write LAG node at addr 0x508b with id 255 and next node 0x508c 0x00ff_0508cc00ff0508bc
2024-07-18 15:44:38.257695 INFO  BF_MC Write LAG node at addr 0x508c with id 255 and next node 0x508d 0x0000_00000000ff0508dc
2024-07-18 15:44:38.257699 INFO  BF_MC Write LAG node at addr 0x508d with id 255 and next node 0x508e 0x00ff_0508ec00ff0508dc
2024-07-18 15:44:38.257704 INFO  BF_MC Write LAG node at addr 0x508e with id 255 and next node 0x508f 0x0000_00000000ff0508fc
2024-07-18 15:44:38.257709 INFO  BF_MC Write LAG node at addr 0x508f with id 255 and next node 0x5090 0x00ff_05090c00ff0508fc
2024-07-18 15:44:38.257713 INFO  BF_MC Write LAG node at addr 0x5090 with id 255 and next node 0x5091 0x0000_00000000ff05091c
2024-07-18 15:44:38.257718 INFO  BF_MC Write LAG node at addr 0x5091 with id 255 and next node 0x5092 0x00ff_05092c00ff05091c
2024-07-18 15:44:38.257723 INFO  BF_MC Write LAG node at addr 0x5092 with id 255 and next node 0x5093 0x0000_00000000ff05093c
2024-07-18 15:44:38.257727 INFO  BF_MC Write LAG node at addr 0x5093 with id 255 and next node 0x5094 0x00ff_05094c00ff05093c
2024-07-18 15:44:38.257734 INFO  BF_MC Write LAG node at addr 0x5094 with id 255 and next node 0x5095 0x0000_00000000ff05095c
2024-07-18 15:44:38.257738 INFO  BF_MC Write LAG node at addr 0x5095 with id 255 and next node 0x5096 0x00ff_05096c00ff05095c
2024-07-18 15:44:38.257744 INFO  BF_MC Write LAG node at addr 0x5096 with id 255 and next node 0x5097 0x0000_00000000ff05097c
2024-07-18 15:44:38.257748 INFO  BF_MC Write LAG node at addr 0x5097 with id 255 and next node 0x5098 0x00ff_05098c00ff05097c
2024-07-18 15:44:38.257753 INFO  BF_MC Write LAG node at addr 0x5098 with id 255 and next node 0x5099 0x0000_00000000ff05099c
2024-07-18 15:44:38.257762 INFO  BF_MC Write LAG node at addr 0x5099 with id 255 and next node 0x509a 0x00ff_0509ac00ff05099c
2024-07-18 15:44:38.257768 INFO  BF_MC Write LAG node at addr 0x509a with id 255 and next node 0x509b 0x0000_00000000ff0509bc
2024-07-18 15:44:38.257772 INFO  BF_MC Write LAG node at addr 0x509b with id 255 and next node 0x509c 0x00ff_0509cc00ff0509bc
2024-07-18 15:44:38.257777 INFO  BF_MC Write LAG node at addr 0x509c with id 255 and next node 0x509d 0x0000_00000000ff0509dc
2024-07-18 15:44:38.257782 INFO  BF_MC Write LAG node at addr 0x509d with id 255 and next node 0x509e 0x00ff_0509ec00ff0509dc
2024-07-18 15:44:38.257787 INFO  BF_MC Write LAG node at addr 0x509e with id 255 and next node 0x509f 0x0000_00000000ff0509fc
2024-07-18 15:44:38.257791 INFO  BF_MC Write LAG node at addr 0x509f with id 255 and next node 0x50a0 0x00ff_050a0c00ff0509fc
2024-07-18 15:44:38.257796 INFO  BF_MC Write LAG node at addr 0x50a0 with id 255 and next node 0x50a1 0x0000_00000000ff050a1c
2024-07-18 15:44:38.257800 INFO  BF_MC Write LAG node at addr 0x50a1 with id 255 and next node 0x50a2 0x00ff_050a2c00ff050a1c
2024-07-18 15:44:38.257806 INFO  BF_MC Write LAG node at addr 0x50a2 with id 255 and next node 0x50a3 0x0000_00000000ff050a3c
2024-07-18 15:44:38.257810 INFO  BF_MC Write LAG node at addr 0x50a3 with id 255 and next node 0x50a4 0x00ff_050a4c00ff050a3c
2024-07-18 15:44:38.257814 INFO  BF_MC Write LAG node at addr 0x50a4 with id 255 and next node 0x50a5 0x0000_00000000ff050a5c
2024-07-18 15:44:38.257819 INFO  BF_MC Write LAG node at addr 0x50a5 with id 255 and next node 0x50a6 0x00ff_050a6c00ff050a5c
2024-07-18 15:44:38.257824 INFO  BF_MC Write LAG node at addr 0x50a6 with id 255 and next node 0x50a7 0x0000_00000000ff050a7c
2024-07-18 15:44:38.257828 INFO  BF_MC Write LAG node at addr 0x50a7 with id 255 and next node 0x50a8 0x00ff_050a8c00ff050a7c
2024-07-18 15:44:38.257833 INFO  BF_MC Write LAG node at addr 0x50a8 with id 255 and next node 0x50a9 0x0000_00000000ff050a9c
2024-07-18 15:44:38.257837 INFO  BF_MC Write LAG node at addr 0x50a9 with id 255 and next node 0x50aa 0x00ff_050aac00ff050a9c
2024-07-18 15:44:38.257843 INFO  BF_MC Write LAG node at addr 0x50aa with id 255 and next node 0x50ab 0x0000_00000000ff050abc
2024-07-18 15:44:38.257847 INFO  BF_MC Write LAG node at addr 0x50ab with id 255 and next node 0x50ac 0x00ff_050acc00ff050abc
2024-07-18 15:44:38.257852 INFO  BF_MC Write LAG node at addr 0x50ac with id 255 and next node 0x50ad 0x0000_00000000ff050adc
2024-07-18 15:44:38.257856 INFO  BF_MC Write LAG node at addr 0x50ad with id 255 and next node 0x50ae 0x00ff_050aec00ff050adc
2024-07-18 15:44:38.257861 INFO  BF_MC Write LAG node at addr 0x50ae with id 255 and next node 0x50af 0x0000_00000000ff050afc
2024-07-18 15:44:38.257866 INFO  BF_MC Write LAG node at addr 0x50af with id 255 and next node 0x50b0 0x00ff_050b0c00ff050afc
2024-07-18 15:44:38.257870 INFO  BF_MC Write LAG node at addr 0x50b0 with id 255 and next node 0x50b1 0x0000_00000000ff050b1c
2024-07-18 15:44:38.257875 INFO  BF_MC Write LAG node at addr 0x50b1 with id 255 and next node 0x50b2 0x00ff_050b2c00ff050b1c
2024-07-18 15:44:38.257880 INFO  BF_MC Write LAG node at addr 0x50b2 with id 255 and next node 0x50b3 0x0000_00000000ff050b3c
2024-07-18 15:44:38.257884 INFO  BF_MC Write LAG node at addr 0x50b3 with id 255 and next node 0x50b4 0x00ff_050b4c00ff050b3c
2024-07-18 15:44:38.257894 INFO  BF_MC Write LAG node at addr 0x50b4 with id 255 and next node 0x50b5 0x0000_00000000ff050b5c
2024-07-18 15:44:38.257914 INFO  BF_MC Write LAG node at addr 0x50b5 with id 255 and next node 0x50b6 0x00ff_050b6c00ff050b5c
2024-07-18 15:44:38.257919 INFO  BF_MC Write LAG node at addr 0x50b6 with id 255 and next node 0x50b7 0x0000_00000000ff050b7c
2024-07-18 15:44:38.257923 INFO  BF_MC Write LAG node at addr 0x50b7 with id 255 and next node 0x50b8 0x00ff_050b8c00ff050b7c
2024-07-18 15:44:38.257928 INFO  BF_MC Write LAG node at addr 0x50b8 with id 255 and next node 0x50b9 0x0000_00000000ff050b9c
2024-07-18 15:44:38.257933 INFO  BF_MC Write LAG node at addr 0x50b9 with id 255 and next node 0x50ba 0x00ff_050bac00ff050b9c
2024-07-18 15:44:38.257939 INFO  BF_MC Write LAG node at addr 0x50ba with id 255 and next node 0x50bb 0x0000_00000000ff050bbc
2024-07-18 15:44:38.257943 INFO  BF_MC Write LAG node at addr 0x50bb with id 255 and next node 0x50bc 0x00ff_050bcc00ff050bbc
2024-07-18 15:44:38.257948 INFO  BF_MC Write LAG node at addr 0x50bc with id 255 and next node 0x50bd 0x0000_00000000ff050bdc
2024-07-18 15:44:38.257952 INFO  BF_MC Write LAG node at addr 0x50bd with id 255 and next node 0x50be 0x00ff_050bec00ff050bdc
2024-07-18 15:44:38.257957 INFO  BF_MC Write LAG node at addr 0x50be with id 255 and next node 0x50bf 0x0000_00000000ff050bfc
2024-07-18 15:44:38.257962 INFO  BF_MC Write LAG node at addr 0x50bf with id 255 and next node 0x50c0 0x00ff_050c0c00ff050bfc
2024-07-18 15:44:38.257966 INFO  BF_MC Write LAG node at addr 0x50c0 with id 255 and next node 0x50c1 0x0000_00000000ff050c1c
2024-07-18 15:44:38.257970 INFO  BF_MC Write LAG node at addr 0x50c1 with id 255 and next node 0x50c2 0x00ff_050c2c00ff050c1c
2024-07-18 15:44:38.257976 INFO  BF_MC Write LAG node at addr 0x50c2 with id 255 and next node 0x50c3 0x0000_00000000ff050c3c
2024-07-18 15:44:38.257980 INFO  BF_MC Write LAG node at addr 0x50c3 with id 255 and next node 0x50c4 0x00ff_050c4c00ff050c3c
2024-07-18 15:44:38.257984 INFO  BF_MC Write LAG node at addr 0x50c4 with id 255 and next node 0x50c5 0x0000_00000000ff050c5c
2024-07-18 15:44:38.260412 INFO  BF_PM bf_pm_pltfm_front_port_eligible_for_autoneg:3163 0:7/0:1(an_eligibility)
2024-07-18 15:44:38.260451 INFO  BF_PM bf_pm_pltfm_front_port_ready_for_bringup:3062 0:7/0:1(ready)
2024-07-18 15:44:38.260465 INFO  BF_PM bf_pm_pltfm_front_port_eligible_for_autoneg:3163 0:7/1:1(an_eligibility)
2024-07-18 15:44:38.260477 INFO  BF_PM bf_pm_pltfm_front_port_ready_for_bringup:3062 0:7/1:1(ready)
2024-07-18 15:44:38.260489 INFO  BF_PM bf_pm_pltfm_front_port_eligible_for_autoneg:3163 0:7/2:1(an_eligibility)
2024-07-18 15:44:38.260502 INFO  BF_PM bf_pm_pltfm_front_port_ready_for_bringup:3062 0:7/2:1(ready)
2024-07-18 15:44:38.260514 INFO  BF_PM bf_pm_pltfm_front_port_eligible_for_autoneg:3163 0:7/3:1(an_eligibility)
2024-07-18 15:44:38.260527 INFO  BF_PM bf_pm_pltfm_front_port_ready_for_bringup:3062 0:7/3:1(ready)
2024-07-18 15:44:38.260540 DEBUG BF_PLTFM QSFP:  7 : QSFP_FSM_ST_INSERTED         --> QSFP_FSM_ST_DETECTED         (0ms)
2024-07-18 15:44:38.261470 INFO  BF_MC Write LAG node at addr 0x50c5 with id 255 and next node 0x50c6 0x00ff_050c6c00ff050c5c
2024-07-18 15:44:38.261482 INFO  BF_MC Write LAG node at addr 0x50c6 with id 255 and next node 0x50c7 0x0000_00000000ff050c7c
2024-07-18 15:44:38.261486 INFO  BF_MC Write LAG node at addr 0x50c7 with id 255 and next node 0x50c8 0x00ff_050c8c00ff050c7c
2024-07-18 15:44:38.261491 INFO  BF_MC Write LAG node at addr 0x50c8 with id 255 and next node 0x50c9 0x0000_00000000ff050c9c
2024-07-18 15:44:38.261496 INFO  BF_MC Write LAG node at addr 0x50c9 with id 255 and next node 0x50ca 0x00ff_050cac00ff050c9c
2024-07-18 15:44:38.261501 INFO  BF_MC Write LAG node at addr 0x50ca with id 255 and next node 0x50cb 0x0000_00000000ff050cbc
2024-07-18 15:44:38.261505 INFO  BF_MC Write LAG node at addr 0x50cb with id 255 and next node 0x50cc 0x00ff_050ccc00ff050cbc
2024-07-18 15:44:38.261510 INFO  BF_MC Write LAG node at addr 0x50cc with id 255 and next node 0x50cd 0x0000_00000000ff050cdc
2024-07-18 15:44:38.261520 INFO  BF_MC Write LAG node at addr 0x50cd with id 255 and next node 0x50ce 0x00ff_050cec00ff050cdc
2024-07-18 15:44:38.261524 INFO  BF_MC Write LAG node at addr 0x50ce with id 255 and next node 0x50cf 0x0000_00000000ff050cfc
2024-07-18 15:44:38.261529 INFO  BF_MC Write LAG node at addr 0x50cf with id 255 and next node 0x50d0 0x00ff_050d0c00ff050cfc
2024-07-18 15:44:38.261534 INFO  BF_MC Write LAG node at addr 0x50d0 with id 255 and next node 0x50d1 0x0000_00000000ff050d1c
2024-07-18 15:44:38.261539 INFO  BF_MC Write LAG node at addr 0x50d1 with id 255 and next node 0x50d2 0x00ff_050d2c00ff050d1c
2024-07-18 15:44:38.261544 INFO  BF_MC Write LAG node at addr 0x50d2 with id 255 and next node 0x50d3 0x0000_00000000ff050d3c
2024-07-18 15:44:38.261548 INFO  BF_MC Write LAG node at addr 0x50d3 with id 255 and next node 0x50d4 0x00ff_050d4c00ff050d3c
2024-07-18 15:44:38.261553 INFO  BF_MC Write LAG node at addr 0x50d4 with id 255 and next node 0x50d5 0x0000_00000000ff050d5c
2024-07-18 15:44:38.261558 INFO  BF_MC Write LAG node at addr 0x50d5 with id 255 and next node 0x50d6 0x00ff_050d6c00ff050d5c
2024-07-18 15:44:38.261562 INFO  BF_MC Write LAG node at addr 0x50d6 with id 255 and next node 0x50d7 0x0000_00000000ff050d7c
2024-07-18 15:44:38.261567 INFO  BF_MC Write LAG node at addr 0x50d7 with id 255 and next node 0x50d8 0x00ff_050d8c00ff050d7c
2024-07-18 15:44:38.261571 INFO  BF_MC Write LAG node at addr 0x50d8 with id 255 and next node 0x50d9 0x0000_00000000ff050d9c
2024-07-18 15:44:38.261578 INFO  BF_MC Write LAG node at addr 0x50d9 with id 255 and next node 0x50da 0x00ff_050dac00ff050d9c
2024-07-18 15:44:38.261582 INFO  BF_MC Write LAG node at addr 0x50da with id 255 and next node 0x50db 0x0000_00000000ff050dbc
2024-07-18 15:44:38.261587 INFO  BF_MC Write LAG node at addr 0x50db with id 255 and next node 0x50dc 0x00ff_050dcc00ff050dbc
2024-07-18 15:44:38.261591 INFO  BF_MC Write LAG node at addr 0x50dc with id 255 and next node 0x50dd 0x0000_00000000ff050ddc
2024-07-18 15:44:38.261597 INFO  BF_MC Write LAG node at addr 0x50dd with id 255 and next node 0x50de 0x00ff_050dec00ff050ddc
2024-07-18 15:44:38.261601 INFO  BF_MC Write LAG node at addr 0x50de with id 255 and next node 0x50df 0x0000_00000000ff050dfc
2024-07-18 15:44:38.261605 INFO  BF_MC Write LAG node at addr 0x50df with id 255 and next node 0x50e0 0x00ff_050e0c00ff050dfc
2024-07-18 15:44:38.261610 INFO  BF_MC Write LAG node at addr 0x50e0 with id 255 and next node 0x50e1 0x0000_00000000ff050e1c
2024-07-18 15:44:38.261615 INFO  BF_MC Write LAG node at addr 0x50e1 with id 255 and next node 0x50e2 0x00ff_050e2c00ff050e1c
2024-07-18 15:44:38.261619 INFO  BF_MC Write LAG node at addr 0x50e2 with id 255 and next node 0x50e3 0x0000_00000000ff050e3c
2024-07-18 15:44:38.261624 INFO  BF_MC Write LAG node at addr 0x50e3 with id 255 and next node 0x50e4 0x00ff_050e4c00ff050e3c
2024-07-18 15:44:38.261628 INFO  BF_MC Write LAG node at addr 0x50e4 with id 255 and next node 0x50e5 0x0000_00000000ff050e5c
2024-07-18 15:44:38.261634 INFO  BF_MC Write LAG node at addr 0x50e5 with id 255 and next node 0x50e6 0x00ff_050e6c00ff050e5c
2024-07-18 15:44:38.261638 INFO  BF_MC Write LAG node at addr 0x50e6 with id 255 and next node 0x50e7 0x0000_00000000ff050e7c
2024-07-18 15:44:38.261643 INFO  BF_MC Write LAG node at addr 0x50e7 with id 255 and next node 0x50e8 0x00ff_050e8c00ff050e7c
2024-07-18 15:44:38.261647 INFO  BF_MC Write LAG node at addr 0x50e8 with id 255 and next node 0x50e9 0x0000_00000000ff050e9c
2024-07-18 15:44:38.261652 INFO  BF_MC Write LAG node at addr 0x50e9 with id 255 and next node 0x50ea 0x00ff_050eac00ff050e9c
2024-07-18 15:44:38.261657 INFO  BF_MC Write LAG node at addr 0x50ea with id 255 and next node 0x50eb 0x0000_00000000ff050ebc
2024-07-18 15:44:38.261661 INFO  BF_MC Write LAG node at addr 0x50eb with id 255 and next node 0x50ec 0x00ff_050ecc00ff050ebc
2024-07-18 15:44:38.261666 INFO  BF_MC Write LAG node at addr 0x50ec with id 255 and next node 0x50ed 0x0000_00000000ff050edc
2024-07-18 15:44:38.261673 INFO  BF_MC Write LAG node at addr 0x50ed with id 255 and next node 0x50ee 0x00ff_050eec00ff050edc
2024-07-18 15:44:38.261678 INFO  BF_MC Write LAG node at addr 0x50ee with id 255 and next node 0x50ef 0x0000_00000000ff050efc
2024-07-18 15:44:38.261697 INFO  BF_MC Write LAG node at addr 0x50ef with id 255 and next node 0x50f0 0x00ff_050f0c00ff050efc
2024-07-18 15:44:38.261701 INFO  BF_MC Write LAG node at addr 0x50f0 with id 255 and next node 0x50f1 0x0000_00000000ff050f1c
2024-07-18 15:44:38.261706 INFO  BF_MC Write LAG node at addr 0x50f1 with id 255 and next node 0x50f2 0x00ff_050f2c00ff050f1c
2024-07-18 15:44:38.261711 INFO  BF_MC Write LAG node at addr 0x50f2 with id 255 and next node 0x50f3 0x0000_00000000ff050f3c
2024-07-18 15:44:38.261715 INFO  BF_MC Write LAG node at addr 0x50f3 with id 255 and next node 0x50f4 0x00ff_050f4c00ff050f3c
2024-07-18 15:44:38.261720 INFO  BF_MC Write LAG node at addr 0x50f4 with id 255 and next node 0x50f5 0x0000_00000000ff050f5c
2024-07-18 15:44:38.261725 INFO  BF_MC Write LAG node at addr 0x50f5 with id 255 and next node 0x50f6 0x00ff_050f6c00ff050f5c
2024-07-18 15:44:38.261730 INFO  BF_MC Write LAG node at addr 0x50f6 with id 255 and next node 0x50f7 0x0000_00000000ff050f7c
2024-07-18 15:44:38.261734 INFO  BF_MC Write LAG node at addr 0x50f7 with id 255 and next node 0x50f8 0x00ff_050f8c00ff050f7c
2024-07-18 15:44:38.261739 INFO  BF_MC Write LAG node at addr 0x50f8 with id 255 and next node 0x50f9 0x0000_00000000ff050f9c
2024-07-18 15:44:38.261745 INFO  BF_MC Write LAG node at addr 0x50f9 with id 255 and next node 0x50fa 0x00ff_050fac00ff050f9c
2024-07-18 15:44:38.261749 INFO  BF_MC Write LAG node at addr 0x50fa with id 255 and next node 0x50fb 0x0000_00000000ff050fbc
2024-07-18 15:44:38.261754 INFO  BF_MC Write LAG node at addr 0x50fb with id 255 and next node 0x50fc 0x00ff_050fcc00ff050fbc
2024-07-18 15:44:38.261758 INFO  BF_MC Write LAG node at addr 0x50fc with id 255 and next node 0x50fd 0x0000_00000000ff050fdc
2024-07-18 15:44:38.261763 INFO  BF_MC Write LAG node at addr 0x50fd with id 255 and next node 0x50fe 0x00ff_050fec00ff050fdc
2024-07-18 15:44:38.261768 INFO  BF_MC Write LAG node at addr 0x50fe with id 255 and next node 0x50ff 0x0000_00000000ff050ffc
2024-07-18 15:44:38.261772 INFO  BF_MC Write LAG node at addr 0x50ff with id 255 and next node 0x5100 0x00ff_05100c00ff050ffc
2024-07-18 15:44:38.261777 INFO  BF_MC Write LAG node at addr 0x5100 with id 255 and next node 0x5101 0x0000_00000000ff05101c
2024-07-18 15:44:38.261782 INFO  BF_MC Write LAG node at addr 0x5101 with id 255 and next node 0x5102 0x00ff_05102c00ff05101c
2024-07-18 15:44:38.261786 INFO  BF_MC Write LAG node at addr 0x5102 with id 255 and next node 0x5103 0x0000_00000000ff05103c
2024-07-18 15:44:38.261791 INFO  BF_MC Write LAG node at addr 0x5103 with id 255 and next node 0 0x00ff_00000c00ff05103c
2024-07-18 15:44:38.261797 INFO  BF_MC Allocated RDM addresses 0x11c0 - 0x11df
2024-07-18 15:44:38.261803 INFO  BF_MC Write L1End node at addr 0x11c0, rid 0, l2 0x5101
2024-07-18 15:44:38.261807 INFO  BF_MC Write L1End node at addr 0x11c1, rid 0, l2 0x5100
2024-07-18 15:44:38.261812 INFO  BF_MC Write L1End node at addr 0x11c2, rid 0, l2 0x50ff
2024-07-18 15:44:38.261816 INFO  BF_MC Write L1End node at addr 0x11c3, rid 0, l2 0x50fe
2024-07-18 15:44:38.261821 INFO  BF_MC Write L1End node at addr 0x11c4, rid 0, l2 0x50fd
2024-07-18 15:44:38.261825 INFO  BF_MC Write L1End node at addr 0x11c5, rid 0, l2 0x50fc
2024-07-18 15:44:38.261830 INFO  BF_MC Write L1End node at addr 0x11c6, rid 0, l2 0x50fb
2024-07-18 15:44:38.261834 INFO  BF_MC Write L1End node at addr 0x11c7, rid 0, l2 0x50fa
2024-07-18 15:44:38.261839 INFO  BF_MC Write L1End node at addr 0x11c8, rid 0, l2 0x50f8
2024-07-18 15:44:38.261843 INFO  BF_MC Write L1End node at addr 0x11c9, rid 0, l2 0x50f6
2024-07-18 15:44:38.261847 INFO  BF_MC Write L1End node at addr 0x11ca, rid 0, l2 0x50f4
2024-07-18 15:44:38.261851 INFO  BF_MC Write L1End node at addr 0x11cb, rid 0, l2 0x50f2
2024-07-18 15:44:38.261856 INFO  BF_MC Write L1End node at addr 0x11cc, rid 0, l2 0x50f0
2024-07-18 15:44:38.261863 INFO  BF_MC Write L1End node at addr 0x11cd, rid 0, l2 0x50ee
2024-07-18 15:44:38.261867 INFO  BF_MC Write L1End node at addr 0x11ce, rid 0, l2 0x50ec
2024-07-18 15:44:38.261871 INFO  BF_MC Write L1End node at addr 0x11cf, rid 0, l2 0x50ea
2024-07-18 15:44:38.261876 INFO  BF_MC Write L1End node at addr 0x11d0, rid 0, l2 0x50e8
2024-07-18 15:44:38.261880 INFO  BF_MC Write L1End node at addr 0x11d1, rid 0, l2 0x50e6
2024-07-18 15:44:38.261884 INFO  BF_MC Write L1End node at addr 0x11d2, rid 0, l2 0x50e4
2024-07-18 15:44:38.261889 INFO  BF_MC Write L1End node at addr 0x11d3, rid 0, l2 0x50e0
2024-07-18 15:44:38.261895 INFO  BF_MC Write L1End node at addr 0x11d4, rid 0, l2 0x50dc
2024-07-18 15:44:38.261899 INFO  BF_MC Write L1End node at addr 0x11d5, rid 0, l2 0x50d8
2024-07-18 15:44:38.261903 INFO  BF_MC Write L1End node at addr 0x11d6, rid 0, l2 0x50d4
2024-07-18 15:44:38.261907 INFO  BF_MC Write L1End node at addr 0x11d7, rid 0, l2 0x50cc
2024-07-18 15:44:38.261912 INFO  BF_MC Write L1End node at addr 0x11d8, rid 0, l2 0x50c4
2024-07-18 15:44:38.261916 INFO  BF_MC Write L1End node at addr 0x11d9, rid 0, l2 0x50bc
2024-07-18 15:44:38.261920 INFO  BF_MC Write L1End node at addr 0x11da, rid 0, l2 0x50a0
2024-07-18 15:44:38.261924 INFO  BF_MC Write L1End node at addr 0x11db, rid 0, l2 0x5087
2024-07-18 15:44:38.261929 INFO  BF_MC Write L1End node at addr 0x11dc, rid 0, l2 0x506e
2024-07-18 15:44:38.261933 INFO  BF_MC Write L1End node at addr 0x11dd, rid 0, l2 0x5055
2024-07-18 15:44:38.261937 INFO  BF_MC Write L1End node at addr 0x11de, rid 0, l2 0x503c
2024-07-18 15:44:38.261942 INFO  BF_MC Write L1End node at addr 0x11df, rid 0, l2 0x5000
2024-07-18 15:44:38.261948 INFO  BF_MC Allocated RDM addresses 0x6000 - 0x6103
2024-07-18 15:44:38.261967 INFO  BF_MC Write LAG node at addr 0x6000 with id 255 and next node 0x6001 0x0000_00000000ff06001c
2024-07-18 15:44:38.261971 INFO  BF_MC Write LAG node at addr 0x6001 with id 255 and next node 0x6002 0x00ff_06002c00ff06001c
2024-07-18 15:44:38.261976 INFO  BF_MC Write LAG node at addr 0x6002 with id 255 and next node 0x6003 0x0000_00000000ff06003c
2024-07-18 15:44:38.261981 INFO  BF_MC Write LAG node at addr 0x6003 with id 255 and next node 0x6004 0x00ff_06004c00ff06003c
2024-07-18 15:44:38.261986 INFO  BF_MC Write LAG node at addr 0x6004 with id 255 and next node 0x6005 0x0000_00000000ff06005c
2024-07-18 15:44:38.261990 INFO  BF_MC Write LAG node at addr 0x6005 with id 255 and next node 0x6006 0x00ff_06006c00ff06005c
2024-07-18 15:44:38.261995 INFO  BF_MC Write LAG node at addr 0x6006 with id 255 and next node 0x6007 0x0000_00000000ff06007c
2024-07-18 15:44:38.262000 INFO  BF_MC Write LAG node at addr 0x6007 with id 255 and next node 0x6008 0x00ff_06008c00ff06007c
2024-07-18 15:44:38.262004 INFO  BF_MC Write LAG node at addr 0x6008 with id 255 and next node 0x6009 0x0000_00000000ff06009c
2024-07-18 15:44:38.262009 INFO  BF_MC Write LAG node at addr 0x6009 with id 255 and next node 0x600a 0x00ff_0600ac00ff06009c
2024-07-18 15:44:38.262013 INFO  BF_MC Write LAG node at addr 0x600a with id 255 and next node 0x600b 0x0000_00000000ff0600bc
2024-07-18 15:44:38.262018 INFO  BF_MC Write LAG node at addr 0x600b with id 255 and next node 0x600c 0x00ff_0600cc00ff0600bc
2024-07-18 15:44:38.262023 INFO  BF_MC Write LAG node at addr 0x600c with id 255 and next node 0x600d 0x0000_00000000ff0600dc
2024-07-18 15:44:38.262027 INFO  BF_MC Write LAG node at addr 0x600d with id 255 and next node 0x600e 0x00ff_0600ec00ff0600dc
2024-07-18 15:44:38.262031 INFO  BF_MC Write LAG node at addr 0x600e with id 255 and next node 0x600f 0x0000_00000000ff0600fc
2024-07-18 15:44:38.262036 INFO  BF_MC Write LAG node at addr 0x600f with id 255 and next node 0x6010 0x00ff_06010c00ff0600fc
2024-07-18 15:44:38.262041 INFO  BF_MC Write LAG node at addr 0x6010 with id 255 and next node 0x6011 0x0000_00000000ff06011c
2024-07-18 15:44:38.262045 INFO  BF_MC Write LAG node at addr 0x6011 with id 255 and next node 0x6012 0x00ff_06012c00ff06011c
2024-07-18 15:44:38.262050 INFO  BF_MC Write LAG node at addr 0x6012 with id 255 and next node 0x6013 0x0000_00000000ff06013c
2024-07-18 15:44:38.262059 INFO  BF_MC Write LAG node at addr 0x6013 with id 255 and next node 0x6014 0x00ff_06014c00ff06013c
2024-07-18 15:44:38.262063 INFO  BF_MC Write LAG node at addr 0x6014 with id 255 and next node 0x6015 0x0000_00000000ff06015c
2024-07-18 15:44:38.262067 INFO  BF_MC Write LAG node at addr 0x6015 with id 255 and next node 0x6016 0x00ff_06016c00ff06015c
2024-07-18 15:44:38.262072 INFO  BF_MC Write LAG node at addr 0x6016 with id 255 and next node 0x6017 0x0000_00000000ff06017c
2024-07-18 15:44:38.262077 INFO  BF_MC Write LAG node at addr 0x6017 with id 255 and next node 0x6018 0x00ff_06018c00ff06017c
2024-07-18 15:44:38.262081 INFO  BF_MC Write LAG node at addr 0x6018 with id 255 and next node 0x6019 0x0000_00000000ff06019c
2024-07-18 15:44:38.262086 INFO  BF_MC Write LAG node at addr 0x6019 with id 255 and next node 0x601a 0x00ff_0601ac00ff06019c
2024-07-18 15:44:38.262090 INFO  BF_MC Write LAG node at addr 0x601a with id 255 and next node 0x601b 0x0000_00000000ff0601bc
2024-07-18 15:44:38.262095 INFO  BF_MC Write LAG node at addr 0x601b with id 255 and next node 0x601c 0x00ff_0601cc00ff0601bc
2024-07-18 15:44:38.262100 INFO  BF_MC Write LAG node at addr 0x601c with id 255 and next node 0x601d 0x0000_00000000ff0601dc
2024-07-18 15:44:38.262104 INFO  BF_MC Write LAG node at addr 0x601d with id 255 and next node 0x601e 0x00ff_0601ec00ff0601dc
2024-07-18 15:44:38.262109 INFO  BF_MC Write LAG node at addr 0x601e with id 255 and next node 0x601f 0x0000_00000000ff0601fc
2024-07-18 15:44:38.262114 INFO  BF_MC Write LAG node at addr 0x601f with id 255 and next node 0x6020 0x00ff_06020c00ff0601fc
2024-07-18 15:44:38.262118 INFO  BF_MC Write LAG node at addr 0x6020 with id 255 and next node 0x6021 0x0000_00000000ff06021c
2024-07-18 15:44:38.262123 INFO  BF_MC Write LAG node at addr 0x6021 with id 255 and next node 0x6022 0x00ff_06022c00ff06021c
2024-07-18 15:44:38.262127 INFO  BF_MC Write LAG node at addr 0x6022 with id 255 and next node 0x6023 0x0000_00000000ff06023c
2024-07-18 15:44:38.262132 INFO  BF_MC Write LAG node at addr 0x6023 with id 255 and next node 0x6024 0x00ff_06024c00ff06023c
2024-07-18 15:44:38.262137 INFO  BF_MC Write LAG node at addr 0x6024 with id 255 and next node 0x6025 0x0000_00000000ff06025c
2024-07-18 15:44:38.262141 INFO  BF_MC Write LAG node at addr 0x6025 with id 255 and next node 0x6026 0x00ff_06026c00ff06025c
2024-07-18 15:44:38.262146 INFO  BF_MC Write LAG node at addr 0x6026 with id 255 and next node 0x6027 0x0000_00000000ff06027c
2024-07-18 15:44:38.262151 INFO  BF_MC Write LAG node at addr 0x6027 with id 255 and next node 0x6028 0x00ff_06028c00ff06027c
2024-07-18 15:44:38.262155 INFO  BF_MC Write LAG node at addr 0x6028 with id 255 and next node 0x6029 0x0000_00000000ff06029c
2024-07-18 15:44:38.262160 INFO  BF_MC Write LAG node at addr 0x6029 with id 255 and next node 0x602a 0x00ff_0602ac00ff06029c
2024-07-18 15:44:38.262164 INFO  BF_MC Write LAG node at addr 0x602a with id 255 and next node 0x602b 0x0000_00000000ff0602bc
2024-07-18 15:44:38.262169 INFO  BF_MC Write LAG node at addr 0x602b with id 255 and next node 0x602c 0x00ff_0602cc00ff0602bc
2024-07-18 15:44:38.262173 INFO  BF_MC Write LAG node at addr 0x602c with id 255 and next node 0x602d 0x0000_00000000ff0602dc
2024-07-18 15:44:38.262178 INFO  BF_MC Write LAG node at addr 0x602d with id 255 and next node 0x602e 0x00ff_0602ec00ff0602dc
2024-07-18 15:44:38.262182 INFO  BF_MC Write LAG node at addr 0x602e with id 255 and next node 0x602f 0x0000_00000000ff0602fc
2024-07-18 15:44:38.262187 INFO  BF_MC Write LAG node at addr 0x602f with id 255 and next node 0x6030 0x00ff_06030c00ff0602fc
2024-07-18 15:44:38.262192 INFO  BF_MC Write LAG node at addr 0x6030 with id 255 and next node 0x6031 0x0000_00000000ff06031c
2024-07-18 15:44:38.262196 INFO  BF_MC Write LAG node at addr 0x6031 with id 255 and next node 0x6032 0x00ff_06032c00ff06031c
2024-07-18 15:44:38.262201 INFO  BF_MC Write LAG node at addr 0x6032 with id 255 and next node 0x6033 0x0000_00000000ff06033c
2024-07-18 15:44:38.262209 INFO  BF_MC Write LAG node at addr 0x6033 with id 255 and next node 0x6034 0x00ff_06034c00ff06033c
2024-07-18 15:44:38.262214 INFO  BF_MC Write LAG node at addr 0x6034 with id 255 and next node 0x6035 0x0000_00000000ff06035c
2024-07-18 15:44:38.262218 INFO  BF_MC Write LAG node at addr 0x6035 with id 255 and next node 0x6036 0x00ff_06036c00ff06035c
2024-07-18 15:44:38.262237 INFO  BF_MC Write LAG node at addr 0x6036 with id 255 and next node 0x6037 0x0000_00000000ff06037c
2024-07-18 15:44:38.262242 INFO  BF_MC Write LAG node at addr 0x6037 with id 255 and next node 0x6038 0x00ff_06038c00ff06037c
2024-07-18 15:44:38.262246 INFO  BF_MC Write LAG node at addr 0x6038 with id 255 and next node 0x6039 0x0000_00000000ff06039c
2024-07-18 15:44:38.262251 INFO  BF_MC Write LAG node at addr 0x6039 with id 255 and next node 0x603a 0x00ff_0603ac00ff06039c
2024-07-18 15:44:38.262255 INFO  BF_MC Write LAG node at addr 0x603a with id 255 and next node 0x603b 0x0000_00000000ff0603bc
2024-07-18 15:44:38.262261 INFO  BF_MC Write LAG node at addr 0x603b with id 255 and next node 0x603c 0x00ff_0603cc00ff0603bc
2024-07-18 15:44:38.262265 INFO  BF_MC Write LAG node at addr 0x603c with id 255 and next node 0x603d 0x0000_00000000ff0603dc
2024-07-18 15:44:38.262269 INFO  BF_MC Write LAG node at addr 0x603d with id 255 and next node 0x603e 0x00ff_0603ec00ff0603dc
2024-07-18 15:44:38.262274 INFO  BF_MC Write LAG node at addr 0x603e with id 255 and next node 0x603f 0x0000_00000000ff0603fc
2024-07-18 15:44:38.262279 INFO  BF_MC Write LAG node at addr 0x603f with id 255 and next node 0x6040 0x00ff_06040c00ff0603fc
2024-07-18 15:44:38.262283 INFO  BF_MC Write LAG node at addr 0x6040 with id 255 and next node 0x6041 0x0000_00000000ff06041c
2024-07-18 15:44:38.262288 INFO  BF_MC Write LAG node at addr 0x6041 with id 255 and next node 0x6042 0x00ff_06042c00ff06041c
2024-07-18 15:44:38.262292 INFO  BF_MC Write LAG node at addr 0x6042 with id 255 and next node 0x6043 0x0000_00000000ff06043c
2024-07-18 15:44:38.262297 INFO  BF_MC Write LAG node at addr 0x6043 with id 255 and next node 0x6044 0x00ff_06044c00ff06043c
2024-07-18 15:44:38.262302 INFO  BF_MC Write LAG node at addr 0x6044 with id 255 and next node 0x6045 0x0000_00000000ff06045c
2024-07-18 15:44:38.262306 INFO  BF_MC Write LAG node at addr 0x6045 with id 255 and next node 0x6046 0x00ff_06046c00ff06045c
2024-07-18 15:44:38.262311 INFO  BF_MC Write LAG node at addr 0x6046 with id 255 and next node 0x6047 0x0000_00000000ff06047c
2024-07-18 15:44:38.262316 INFO  BF_MC Write LAG node at addr 0x6047 with id 255 and next node 0x6048 0x00ff_06048c00ff06047c
2024-07-18 15:44:38.262320 INFO  BF_MC Write LAG node at addr 0x6048 with id 255 and next node 0x6049 0x0000_00000000ff06049c
2024-07-18 15:44:38.262325 INFO  BF_MC Write LAG node at addr 0x6049 with id 255 and next node 0x604a 0x00ff_0604ac00ff06049c
2024-07-18 15:44:38.262329 INFO  BF_MC Write LAG node at addr 0x604a with id 255 and next node 0x604b 0x0000_00000000ff0604bc
2024-07-18 15:44:38.262334 INFO  BF_MC Write LAG node at addr 0x604b with id 255 and next node 0x604c 0x00ff_0604cc00ff0604bc
2024-07-18 15:44:38.262340 INFO  BF_MC Write LAG node at addr 0x604c with id 255 and next node 0x604d 0x0000_00000000ff0604dc
2024-07-18 15:44:38.262348 INFO  BF_MC Write LAG node at addr 0x604d with id 255 and next node 0x604e 0x00ff_0604ec00ff0604dc
2024-07-18 15:44:38.262353 INFO  BF_MC Write LAG node at addr 0x604e with id 255 and next node 0x604f 0x0000_00000000ff0604fc
2024-07-18 15:44:38.262359 INFO  BF_MC Write LAG node at addr 0x604f with id 255 and next node 0x6050 0x00ff_06050c00ff0604fc
2024-07-18 15:44:38.262363 INFO  BF_MC Write LAG node at addr 0x6050 with id 255 and next node 0x6051 0x0000_00000000ff06051c
2024-07-18 15:44:38.262368 INFO  BF_MC Write LAG node at addr 0x6051 with id 255 and next node 0x6052 0x00ff_06052c00ff06051c
2024-07-18 15:44:38.262372 INFO  BF_MC Write LAG node at addr 0x6052 with id 255 and next node 0x6053 0x0000_00000000ff06053c
2024-07-18 15:44:38.262379 INFO  BF_MC Write LAG node at addr 0x6053 with id 255 and next node 0x6054 0x00ff_06054c00ff06053c
2024-07-18 15:44:38.262386 INFO  BF_MC Write LAG node at addr 0x6054 with id 255 and next node 0x6055 0x0000_00000000ff06055c
2024-07-18 15:44:38.262391 INFO  BF_MC Write LAG node at addr 0x6055 with id 255 and next node 0x6056 0x00ff_06056c00ff06055c
2024-07-18 15:44:38.262395 INFO  BF_MC Write LAG node at addr 0x6056 with id 255 and next node 0x6057 0x0000_00000000ff06057c
2024-07-18 15:44:38.262400 INFO  BF_MC Write LAG node at addr 0x6057 with id 255 and next node 0x6058 0x00ff_06058c00ff06057c
2024-07-18 15:44:38.262405 INFO  BF_MC Write LAG node at addr 0x6058 with id 255 and next node 0x6059 0x0000_00000000ff06059c
2024-07-18 15:44:38.262409 INFO  BF_MC Write LAG node at addr 0x6059 with id 255 and next node 0x605a 0x00ff_0605ac00ff06059c
2024-07-18 15:44:38.262413 INFO  BF_MC Write LAG node at addr 0x605a with id 255 and next node 0x605b 0x0000_00000000ff0605bc
2024-07-18 15:44:38.262427 INFO  BF_MC Write LAG node at addr 0x605b with id 255 and next node 0x605c 0x00ff_0605cc00ff0605bc
2024-07-18 15:44:38.262433 INFO  BF_MC Write LAG node at addr 0x605c with id 255 and next node 0x605d 0x0000_00000000ff0605dc
2024-07-18 15:44:38.262438 INFO  BF_MC Write LAG node at addr 0x605d with id 255 and next node 0x605e 0x00ff_0605ec00ff0605dc
2024-07-18 15:44:38.262442 INFO  BF_MC Write LAG node at addr 0x605e with id 255 and next node 0x605f 0x0000_00000000ff0605fc
2024-07-18 15:44:38.262447 INFO  BF_MC Write LAG node at addr 0x605f with id 255 and next node 0x6060 0x00ff_06060c00ff0605fc
2024-07-18 15:44:38.262452 INFO  BF_MC Write LAG node at addr 0x6060 with id 255 and next node 0x6061 0x0000_00000000ff06061c
2024-07-18 15:44:38.262456 INFO  BF_MC Write LAG node at addr 0x6061 with id 255 and next node 0x6062 0x00ff_06062c00ff06061c
2024-07-18 15:44:38.262461 INFO  BF_MC Write LAG node at addr 0x6062 with id 255 and next node 0x6063 0x0000_00000000ff06063c
2024-07-18 15:44:38.262466 INFO  BF_MC Write LAG node at addr 0x6063 with id 255 and next node 0x6064 0x00ff_06064c00ff06063c
2024-07-18 15:44:38.262471 INFO  BF_MC Write LAG node at addr 0x6064 with id 255 and next node 0x6065 0x0000_00000000ff06065c
2024-07-18 15:44:38.262475 INFO  BF_MC Write LAG node at addr 0x6065 with id 255 and next node 0x6066 0x00ff_06066c00ff06065c
2024-07-18 15:44:38.262480 INFO  BF_MC Write LAG node at addr 0x6066 with id 255 and next node 0x6067 0x0000_00000000ff06067c
2024-07-18 15:44:38.262485 INFO  BF_MC Write LAG node at addr 0x6067 with id 255 and next node 0x6068 0x00ff_06068c00ff06067c
2024-07-18 15:44:38.262503 INFO  BF_MC Write LAG node at addr 0x6068 with id 255 and next node 0x6069 0x0000_00000000ff06069c
2024-07-18 15:44:38.262508 INFO  BF_MC Write LAG node at addr 0x6069 with id 255 and next node 0x606a 0x00ff_0606ac00ff06069c
2024-07-18 15:44:38.262513 INFO  BF_MC Write LAG node at addr 0x606a with id 255 and next node 0x606b 0x0000_00000000ff0606bc
2024-07-18 15:44:38.262518 INFO  BF_MC Write LAG node at addr 0x606b with id 255 and next node 0x606c 0x00ff_0606cc00ff0606bc
2024-07-18 15:44:38.262523 INFO  BF_MC Write LAG node at addr 0x606c with id 255 and next node 0x606d 0x0000_00000000ff0606dc
2024-07-18 15:44:38.262527 INFO  BF_MC Write LAG node at addr 0x606d with id 255 and next node 0x606e 0x00ff_0606ec00ff0606dc
2024-07-18 15:44:38.262532 INFO  BF_MC Write LAG node at addr 0x606e with id 255 and next node 0x606f 0x0000_00000000ff0606fc
2024-07-18 15:44:38.262537 INFO  BF_MC Write LAG node at addr 0x606f with id 255 and next node 0x6070 0x00ff_06070c00ff0606fc
2024-07-18 15:44:38.262542 INFO  BF_MC Write LAG node at addr 0x6070 with id 255 and next node 0x6071 0x0000_00000000ff06071c
2024-07-18 15:44:38.262546 INFO  BF_MC Write LAG node at addr 0x6071 with id 255 and next node 0x6072 0x00ff_06072c00ff06071c
2024-07-18 15:44:38.262551 INFO  BF_MC Write LAG node at addr 0x6072 with id 255 and next node 0x6073 0x0000_00000000ff06073c
2024-07-18 15:44:38.262557 INFO  BF_MC Write LAG node at addr 0x6073 with id 255 and next node 0x6074 0x00ff_06074c00ff06073c
2024-07-18 15:44:38.262564 INFO  BF_MC Write LAG node at addr 0x6074 with id 255 and next node 0x6075 0x0000_00000000ff06075c
2024-07-18 15:44:38.262569 INFO  BF_MC Write LAG node at addr 0x6075 with id 255 and next node 0x6076 0x00ff_06076c00ff06075c
2024-07-18 15:44:38.262573 INFO  BF_MC Write LAG node at addr 0x6076 with id 255 and next node 0x6077 0x0000_00000000ff06077c
2024-07-18 15:44:38.262579 INFO  BF_MC Write LAG node at addr 0x6077 with id 255 and next node 0x6078 0x00ff_06078c00ff06077c
2024-07-18 15:44:38.262583 INFO  BF_MC Write LAG node at addr 0x6078 with id 255 and next node 0x6079 0x0000_00000000ff06079c
2024-07-18 15:44:38.262587 INFO  BF_MC Write LAG node at addr 0x6079 with id 255 and next node 0x607a 0x00ff_0607ac00ff06079c
2024-07-18 15:44:38.262592 INFO  BF_MC Write LAG node at addr 0x607a with id 255 and next node 0x607b 0x0000_00000000ff0607bc
2024-07-18 15:44:38.262597 INFO  BF_MC Write LAG node at addr 0x607b with id 255 and next node 0x607c 0x00ff_0607cc00ff0607bc
2024-07-18 15:44:38.262601 INFO  BF_MC Write LAG node at addr 0x607c with id 255 and next node 0x607d 0x0000_00000000ff0607dc
2024-07-18 15:44:38.262624 INFO  BF_MC Write LAG node at addr 0x607d with id 255 and next node 0x607e 0x00ff_0607ec00ff0607dc
2024-07-18 15:44:38.262629 INFO  BF_MC Write LAG node at addr 0x607e with id 255 and next node 0x607f 0x0000_00000000ff0607fc
2024-07-18 15:44:38.262634 INFO  BF_MC Write LAG node at addr 0x607f with id 255 and next node 0x6080 0x00ff_06080c00ff0607fc
2024-07-18 15:44:38.262638 INFO  BF_MC Write LAG node at addr 0x6080 with id 255 and next node 0x6081 0x0000_00000000ff06081c
2024-07-18 15:44:38.262643 INFO  BF_MC Write LAG node at addr 0x6081 with id 255 and next node 0x6082 0x00ff_06082c00ff06081c
2024-07-18 15:44:38.262647 INFO  BF_MC Write LAG node at addr 0x6082 with id 255 and next node 0x6083 0x0000_00000000ff06083c
2024-07-18 15:44:38.262652 INFO  BF_MC Write LAG node at addr 0x6083 with id 255 and next node 0x6084 0x00ff_06084c00ff06083c
2024-07-18 15:44:38.262657 INFO  BF_MC Write LAG node at addr 0x6084 with id 255 and next node 0x6085 0x0000_00000000ff06085c
2024-07-18 15:44:38.262661 INFO  BF_MC Write LAG node at addr 0x6085 with id 255 and next node 0x6086 0x00ff_06086c00ff06085c
2024-07-18 15:44:38.262665 INFO  BF_MC Write LAG node at addr 0x6086 with id 255 and next node 0x6087 0x0000_00000000ff06087c
2024-07-18 15:44:38.262671 INFO  BF_MC Write LAG node at addr 0x6087 with id 255 and next node 0x6088 0x00ff_06088c00ff06087c
2024-07-18 15:44:38.262675 INFO  BF_MC Write LAG node at addr 0x6088 with id 255 and next node 0x6089 0x0000_00000000ff06089c
2024-07-18 15:44:38.262679 INFO  BF_MC Write LAG node at addr 0x6089 with id 255 and next node 0x608a 0x00ff_0608ac00ff06089c
2024-07-18 15:44:38.262684 INFO  BF_MC Write LAG node at addr 0x608a with id 255 and next node 0x608b 0x0000_00000000ff0608bc
2024-07-18 15:44:38.262689 INFO  BF_MC Write LAG node at addr 0x608b with id 255 and next node 0x608c 0x00ff_0608cc00ff0608bc
2024-07-18 15:44:38.262693 INFO  BF_MC Write LAG node at addr 0x608c with id 255 and next node 0x608d 0x0000_00000000ff0608dc
2024-07-18 15:44:38.262698 INFO  BF_MC Write LAG node at addr 0x608d with id 255 and next node 0x608e 0x00ff_0608ec00ff0608dc
2024-07-18 15:44:38.262702 INFO  BF_MC Write LAG node at addr 0x608e with id 255 and next node 0x608f 0x0000_00000000ff0608fc
2024-07-18 15:44:38.262707 INFO  BF_MC Write LAG node at addr 0x608f with id 255 and next node 0x6090 0x00ff_06090c00ff0608fc
2024-07-18 15:44:38.262712 INFO  BF_MC Write LAG node at addr 0x6090 with id 255 and next node 0x6091 0x0000_00000000ff06091c
2024-07-18 15:44:38.262716 INFO  BF_MC Write LAG node at addr 0x6091 with id 255 and next node 0x6092 0x00ff_06092c00ff06091c
2024-07-18 15:44:38.262720 INFO  BF_MC Write LAG node at addr 0x6092 with id 255 and next node 0x6093 0x0000_00000000ff06093c
2024-07-18 15:44:38.262727 INFO  BF_MC Write LAG node at addr 0x6093 with id 255 and next node 0x6094 0x00ff_06094c00ff06093c
2024-07-18 15:44:38.262731 INFO  BF_MC Write LAG node at addr 0x6094 with id 255 and next node 0x6095 0x0000_00000000ff06095c
2024-07-18 15:44:38.262738 INFO  BF_MC Write LAG node at addr 0x6095 with id 255 and next node 0x6096 0x00ff_06096c00ff06095c
2024-07-18 15:44:38.262742 INFO  BF_MC Write LAG node at addr 0x6096 with id 255 and next node 0x6097 0x0000_00000000ff06097c
2024-07-18 15:44:38.262747 INFO  BF_MC Write LAG node at addr 0x6097 with id 255 and next node 0x6098 0x00ff_06098c00ff06097c
2024-07-18 15:44:38.262752 INFO  BF_MC Write LAG node at addr 0x6098 with id 255 and next node 0x6099 0x0000_00000000ff06099c
2024-07-18 15:44:38.262756 INFO  BF_MC Write LAG node at addr 0x6099 with id 255 and next node 0x609a 0x00ff_0609ac00ff06099c
2024-07-18 15:44:38.262761 INFO  BF_MC Write LAG node at addr 0x609a with id 255 and next node 0x609b 0x0000_00000000ff0609bc
2024-07-18 15:44:38.262779 INFO  BF_MC Write LAG node at addr 0x609b with id 255 and next node 0x609c 0x00ff_0609cc00ff0609bc
2024-07-18 15:44:38.262783 INFO  BF_MC Write LAG node at addr 0x609c with id 255 and next node 0x609d 0x0000_00000000ff0609dc
2024-07-18 15:44:38.262788 INFO  BF_MC Write LAG node at addr 0x609d with id 255 and next node 0x609e 0x00ff_0609ec00ff0609dc
2024-07-18 15:44:38.262792 INFO  BF_MC Write LAG node at addr 0x609e with id 255 and next node 0x609f 0x0000_00000000ff0609fc
2024-07-18 15:44:38.262797 INFO  BF_MC Write LAG node at addr 0x609f with id 255 and next node 0x60a0 0x00ff_060a0c00ff0609fc
2024-07-18 15:44:38.262802 INFO  BF_MC Write LAG node at addr 0x60a0 with id 255 and next node 0x60a1 0x0000_00000000ff060a1c
2024-07-18 15:44:38.262806 INFO  BF_MC Write LAG node at addr 0x60a1 with id 255 and next node 0x60a2 0x00ff_060a2c00ff060a1c
2024-07-18 15:44:38.262811 INFO  BF_MC Write LAG node at addr 0x60a2 with id 255 and next node 0x60a3 0x0000_00000000ff060a3c
2024-07-18 15:44:38.262816 INFO  BF_MC Write LAG node at addr 0x60a3 with id 255 and next node 0x60a4 0x00ff_060a4c00ff060a3c
2024-07-18 15:44:38.262820 INFO  BF_MC Write LAG node at addr 0x60a4 with id 255 and next node 0x60a5 0x0000_00000000ff060a5c
2024-07-18 15:44:38.262825 INFO  BF_MC Write LAG node at addr 0x60a5 with id 255 and next node 0x60a6 0x00ff_060a6c00ff060a5c
2024-07-18 15:44:38.262829 INFO  BF_MC Write LAG node at addr 0x60a6 with id 255 and next node 0x60a7 0x0000_00000000ff060a7c
2024-07-18 15:44:38.262834 INFO  BF_MC Write LAG node at addr 0x60a7 with id 255 and next node 0x60a8 0x00ff_060a8c00ff060a7c
2024-07-18 15:44:38.262839 INFO  BF_MC Write LAG node at addr 0x60a8 with id 255 and next node 0x60a9 0x0000_00000000ff060a9c
2024-07-18 15:44:38.262843 INFO  BF_MC Write LAG node at addr 0x60a9 with id 255 and next node 0x60aa 0x00ff_060aac00ff060a9c
2024-07-18 15:44:38.262848 INFO  BF_MC Write LAG node at addr 0x60aa with id 255 and next node 0x60ab 0x0000_00000000ff060abc
2024-07-18 15:44:38.262853 INFO  BF_MC Write LAG node at addr 0x60ab with id 255 and next node 0x60ac 0x00ff_060acc00ff060abc
2024-07-18 15:44:38.262857 INFO  BF_MC Write LAG node at addr 0x60ac with id 255 and next node 0x60ad 0x0000_00000000ff060adc
2024-07-18 15:44:38.262861 INFO  BF_MC Write LAG node at addr 0x60ad with id 255 and next node 0x60ae 0x00ff_060aec00ff060adc
2024-07-18 15:44:38.262866 INFO  BF_MC Write LAG node at addr 0x60ae with id 255 and next node 0x60af 0x0000_00000000ff060afc
2024-07-18 15:44:38.262871 INFO  BF_MC Write LAG node at addr 0x60af with id 255 and next node 0x60b0 0x00ff_060b0c00ff060afc
2024-07-18 15:44:38.262875 INFO  BF_MC Write LAG node at addr 0x60b0 with id 255 and next node 0x60b1 0x0000_00000000ff060b1c
2024-07-18 15:44:38.262880 INFO  BF_MC Write LAG node at addr 0x60b1 with id 255 and next node 0x60b2 0x00ff_060b2c00ff060b1c
2024-07-18 15:44:38.262884 INFO  BF_MC Write LAG node at addr 0x60b2 with id 255 and next node 0x60b3 0x0000_00000000ff060b3c
2024-07-18 15:44:38.262890 INFO  BF_MC Write LAG node at addr 0x60b3 with id 255 and next node 0x60b4 0x00ff_060b4c00ff060b3c
2024-07-18 15:44:38.262895 INFO  BF_MC Write LAG node at addr 0x60b4 with id 255 and next node 0x60b5 0x0000_00000000ff060b5c
2024-07-18 15:44:38.262902 INFO  BF_MC Write LAG node at addr 0x60b5 with id 255 and next node 0x60b6 0x00ff_060b6c00ff060b5c
2024-07-18 15:44:38.262906 INFO  BF_MC Write LAG node at addr 0x60b6 with id 255 and next node 0x60b7 0x0000_00000000ff060b7c
2024-07-18 15:44:38.262912 INFO  BF_MC Write LAG node at addr 0x60b7 with id 255 and next node 0x60b8 0x00ff_060b8c00ff060b7c
2024-07-18 15:44:38.262916 INFO  BF_MC Write LAG node at addr 0x60b8 with id 255 and next node 0x60b9 0x0000_00000000ff060b9c
2024-07-18 15:44:38.262920 INFO  BF_MC Write LAG node at addr 0x60b9 with id 255 and next node 0x60ba 0x00ff_060bac00ff060b9c
2024-07-18 15:44:38.262925 INFO  BF_MC Write LAG node at addr 0x60ba with id 255 and next node 0x60bb 0x0000_00000000ff060bbc
2024-07-18 15:44:38.262930 INFO  BF_MC Write LAG node at addr 0x60bb with id 255 and next node 0x60bc 0x00ff_060bcc00ff060bbc
2024-07-18 15:44:38.262934 INFO  BF_MC Write LAG node at addr 0x60bc with id 255 and next node 0x60bd 0x0000_00000000ff060bdc
2024-07-18 15:44:38.262939 INFO  BF_MC Write LAG node at addr 0x60bd with id 255 and next node 0x60be 0x00ff_060bec00ff060bdc
2024-07-18 15:44:38.262943 INFO  BF_MC Write LAG node at addr 0x60be with id 255 and next node 0x60bf 0x0000_00000000ff060bfc
2024-07-18 15:44:38.262948 INFO  BF_MC Write LAG node at addr 0x60bf with id 255 and next node 0x60c0 0x00ff_060c0c00ff060bfc
2024-07-18 15:44:38.262953 INFO  BF_MC Write LAG node at addr 0x60c0 with id 255 and next node 0x60c1 0x0000_00000000ff060c1c
2024-07-18 15:44:38.262957 INFO  BF_MC Write LAG node at addr 0x60c1 with id 255 and next node 0x60c2 0x00ff_060c2c00ff060c1c
2024-07-18 15:44:38.262961 INFO  BF_MC Write LAG node at addr 0x60c2 with id 255 and next node 0x60c3 0x0000_00000000ff060c3c
2024-07-18 15:44:38.262967 INFO  BF_MC Write LAG node at addr 0x60c3 with id 255 and next node 0x60c4 0x00ff_060c4c00ff060c3c
2024-07-18 15:44:38.262971 INFO  BF_MC Write LAG node at addr 0x60c4 with id 255 and next node 0x60c5 0x0000_00000000ff060c5c
2024-07-18 15:44:38.262975 INFO  BF_MC Write LAG node at addr 0x60c5 with id 255 and next node 0x60c6 0x00ff_060c6c00ff060c5c
2024-07-18 15:44:38.262980 INFO  BF_MC Write LAG node at addr 0x60c6 with id 255 and next node 0x60c7 0x0000_00000000ff060c7c
2024-07-18 15:44:38.262985 INFO  BF_MC Write LAG node at addr 0x60c7 with id 255 and next node 0x60c8 0x00ff_060c8c00ff060c7c
2024-07-18 15:44:38.262989 INFO  BF_MC Write LAG node at addr 0x60c8 with id 255 and next node 0x60c9 0x0000_00000000ff060c9c
2024-07-18 15:44:38.262994 INFO  BF_MC Write LAG node at addr 0x60c9 with id 255 and next node 0x60ca 0x00ff_060cac00ff060c9c
2024-07-18 15:44:38.262998 INFO  BF_MC Write LAG node at addr 0x60ca with id 255 and next node 0x60cb 0x0000_00000000ff060cbc
2024-07-18 15:44:38.263003 INFO  BF_MC Write LAG node at addr 0x60cb with id 255 and next node 0x60cc 0x00ff_060ccc00ff060cbc
2024-07-18 15:44:38.263008 INFO  BF_MC Write LAG node at addr 0x60cc with id 255 and next node 0x60cd 0x0000_00000000ff060cdc
2024-07-18 15:44:38.263012 INFO  BF_MC Write LAG node at addr 0x60cd with id 255 and next node 0x60ce 0x00ff_060cec00ff060cdc
2024-07-18 15:44:38.263017 INFO  BF_MC Write LAG node at addr 0x60ce with id 255 and next node 0x60cf 0x0000_00000000ff060cfc
2024-07-18 15:44:38.263022 INFO  BF_MC Write LAG node at addr 0x60cf with id 255 and next node 0x60d0 0x00ff_060d0c00ff060cfc
2024-07-18 15:44:38.263026 INFO  BF_MC Write LAG node at addr 0x60d0 with id 255 and next node 0x60d1 0x0000_00000000ff060d1c
2024-07-18 15:44:38.263030 INFO  BF_MC Write LAG node at addr 0x60d1 with id 255 and next node 0x60d2 0x00ff_060d2c00ff060d1c
2024-07-18 15:44:38.263035 INFO  BF_MC Write LAG node at addr 0x60d2 with id 255 and next node 0x60d3 0x0000_00000000ff060d3c
2024-07-18 15:44:38.263041 INFO  BF_MC Write LAG node at addr 0x60d3 with id 255 and next node 0x60d4 0x00ff_060d4c00ff060d3c
2024-07-18 15:44:38.263045 INFO  BF_MC Write LAG node at addr 0x60d4 with id 255 and next node 0x60d5 0x0000_00000000ff060d5c
2024-07-18 15:44:38.263050 INFO  BF_MC Write LAG node at addr 0x60d5 with id 255 and next node 0x60d6 0x00ff_060d6c00ff060d5c
2024-07-18 15:44:38.263057 INFO  BF_MC Write LAG node at addr 0x60d6 with id 255 and next node 0x60d7 0x0000_00000000ff060d7c
2024-07-18 15:44:38.263062 INFO  BF_MC Write LAG node at addr 0x60d7 with id 255 and next node 0x60d8 0x00ff_060d8c00ff060d7c
2024-07-18 15:44:38.263066 INFO  BF_MC Write LAG node at addr 0x60d8 with id 255 and next node 0x60d9 0x0000_00000000ff060d9c
2024-07-18 15:44:38.263071 INFO  BF_MC Write LAG node at addr 0x60d9 with id 255 and next node 0x60da 0x00ff_060dac00ff060d9c
2024-07-18 15:44:38.263075 INFO  BF_MC Write LAG node at addr 0x60da with id 255 and next node 0x60db 0x0000_00000000ff060dbc
2024-07-18 15:44:38.263080 INFO  BF_MC Write LAG node at addr 0x60db with id 255 and next node 0x60dc 0x00ff_060dcc00ff060dbc
2024-07-18 15:44:38.263085 INFO  BF_MC Write LAG node at addr 0x60dc with id 255 and next node 0x60dd 0x0000_00000000ff060ddc
2024-07-18 15:44:38.263089 INFO  BF_MC Write LAG node at addr 0x60dd with id 255 and next node 0x60de 0x00ff_060dec00ff060ddc
2024-07-18 15:44:38.263094 INFO  BF_MC Write LAG node at addr 0x60de with id 255 and next node 0x60df 0x0000_00000000ff060dfc
2024-07-18 15:44:38.263099 INFO  BF_MC Write LAG node at addr 0x60df with id 255 and next node 0x60e0 0x00ff_060e0c00ff060dfc
2024-07-18 15:44:38.263103 INFO  BF_MC Write LAG node at addr 0x60e0 with id 255 and next node 0x60e1 0x0000_00000000ff060e1c
2024-07-18 15:44:38.263108 INFO  BF_MC Write LAG node at addr 0x60e1 with id 255 and next node 0x60e2 0x00ff_060e2c00ff060e1c
2024-07-18 15:44:38.263112 INFO  BF_MC Write LAG node at addr 0x60e2 with id 255 and next node 0x60e3 0x0000_00000000ff060e3c
2024-07-18 15:44:38.263117 INFO  BF_MC Write LAG node at addr 0x60e3 with id 255 and next node 0x60e4 0x00ff_060e4c00ff060e3c
2024-07-18 15:44:38.263122 INFO  BF_MC Write LAG node at addr 0x60e4 with id 255 and next node 0x60e5 0x0000_00000000ff060e5c
2024-07-18 15:44:38.263126 INFO  BF_MC Write LAG node at addr 0x60e5 with id 255 and next node 0x60e6 0x00ff_060e6c00ff060e5c
2024-07-18 15:44:38.263131 INFO  BF_MC Write LAG node at addr 0x60e6 with id 255 and next node 0x60e7 0x0000_00000000ff060e7c
2024-07-18 15:44:38.263136 INFO  BF_MC Write LAG node at addr 0x60e7 with id 255 and next node 0x60e8 0x00ff_060e8c00ff060e7c
2024-07-18 15:44:38.263140 INFO  BF_MC Write LAG node at addr 0x60e8 with id 255 and next node 0x60e9 0x0000_00000000ff060e9c
2024-07-18 15:44:38.263145 INFO  BF_MC Write LAG node at addr 0x60e9 with id 255 and next node 0x60ea 0x00ff_060eac00ff060e9c
2024-07-18 15:44:38.263149 INFO  BF_MC Write LAG node at addr 0x60ea with id 255 and next node 0x60eb 0x0000_00000000ff060ebc
2024-07-18 15:44:38.263154 INFO  BF_MC Write LAG node at addr 0x60eb with id 255 and next node 0x60ec 0x00ff_060ecc00ff060ebc
2024-07-18 15:44:38.263158 INFO  BF_MC Write LAG node at addr 0x60ec with id 255 and next node 0x60ed 0x0000_00000000ff060edc
2024-07-18 15:44:38.263163 INFO  BF_MC Write LAG node at addr 0x60ed with id 255 and next node 0x60ee 0x00ff_060eec00ff060edc
2024-07-18 15:44:38.263167 INFO  BF_MC Write LAG node at addr 0x60ee with id 255 and next node 0x60ef 0x0000_00000000ff060efc
2024-07-18 15:44:38.263172 INFO  BF_MC Write LAG node at addr 0x60ef with id 255 and next node 0x60f0 0x00ff_060f0c00ff060efc
2024-07-18 15:44:38.263177 INFO  BF_MC Write LAG node at addr 0x60f0 with id 255 and next node 0x60f1 0x0000_00000000ff060f1c
2024-07-18 15:44:38.263181 INFO  BF_MC Write LAG node at addr 0x60f1 with id 255 and next node 0x60f2 0x00ff_060f2c00ff060f1c
2024-07-18 15:44:38.263186 INFO  BF_MC Write LAG node at addr 0x60f2 with id 255 and next node 0x60f3 0x0000_00000000ff060f3c
2024-07-18 15:44:38.263192 INFO  BF_MC Write LAG node at addr 0x60f3 with id 255 and next node 0x60f4 0x00ff_060f4c00ff060f3c
2024-07-18 15:44:38.263196 INFO  BF_MC Write LAG node at addr 0x60f4 with id 255 and next node 0x60f5 0x0000_00000000ff060f5c
2024-07-18 15:44:38.263201 INFO  BF_MC Write LAG node at addr 0x60f5 with id 255 and next node 0x60f6 0x00ff_060f6c00ff060f5c
2024-07-18 15:44:38.263207 INFO  BF_MC Write LAG node at addr 0x60f6 with id 255 and next node 0x60f7 0x0000_00000000ff060f7c
2024-07-18 15:44:38.263213 INFO  BF_MC Write LAG node at addr 0x60f7 with id 255 and next node 0x60f8 0x00ff_060f8c00ff060f7c
2024-07-18 15:44:38.263217 INFO  BF_MC Write LAG node at addr 0x60f8 with id 255 and next node 0x60f9 0x0000_00000000ff060f9c
2024-07-18 15:44:38.263222 INFO  BF_MC Write LAG node at addr 0x60f9 with id 255 and next node 0x60fa 0x00ff_060fac00ff060f9c
2024-07-18 15:44:38.263226 INFO  BF_MC Write LAG node at addr 0x60fa with id 255 and next node 0x60fb 0x0000_00000000ff060fbc
2024-07-18 15:44:38.263231 INFO  BF_MC Write LAG node at addr 0x60fb with id 255 and next node 0x60fc 0x00ff_060fcc00ff060fbc
2024-07-18 15:44:38.263236 INFO  BF_MC Write LAG node at addr 0x60fc with id 255 and next node 0x60fd 0x0000_00000000ff060fdc
2024-07-18 15:44:38.263240 INFO  BF_MC Write LAG node at addr 0x60fd with id 255 and next node 0x60fe 0x00ff_060fec00ff060fdc
2024-07-18 15:44:38.263258 INFO  BF_MC Write LAG node at addr 0x60fe with id 255 and next node 0x60ff 0x0000_00000000ff060ffc
2024-07-18 15:44:38.263263 INFO  BF_MC Write LAG node at addr 0x60ff with id 255 and next node 0x6100 0x00ff_06100c00ff060ffc
2024-07-18 15:44:38.263268 INFO  BF_MC Write LAG node at addr 0x6100 with id 255 and next node 0x6101 0x0000_00000000ff06101c
2024-07-18 15:44:38.263272 INFO  BF_MC Write LAG node at addr 0x6101 with id 255 and next node 0x6102 0x00ff_06102c00ff06101c
2024-07-18 15:44:38.263277 INFO  BF_MC Write LAG node at addr 0x6102 with id 255 and next node 0x6103 0x0000_00000000ff06103c
2024-07-18 15:44:38.263282 INFO  BF_MC Write LAG node at addr 0x6103 with id 255 and next node 0 0x00ff_00000c00ff06103c
2024-07-18 15:44:38.263288 INFO  BF_MC Allocated RDM addresses 0x21c0 - 0x21df
2024-07-18 15:44:38.263292 INFO  BF_MC Write L1End node at addr 0x21c0, rid 0, l2 0x6101
2024-07-18 15:44:38.263297 INFO  BF_MC Write L1End node at addr 0x21c1, rid 0, l2 0x6100
2024-07-18 15:44:38.263302 INFO  BF_MC Write L1End node at addr 0x21c2, rid 0, l2 0x60ff
2024-07-18 15:44:38.263306 INFO  BF_MC Write L1End node at addr 0x21c3, rid 0, l2 0x60fe
2024-07-18 15:44:38.263310 INFO  BF_MC Write L1End node at addr 0x21c4, rid 0, l2 0x60fd
2024-07-18 15:44:38.263314 INFO  BF_MC Write L1End node at addr 0x21c5, rid 0, l2 0x60fc
2024-07-18 15:44:38.263319 INFO  BF_MC Write L1End node at addr 0x21c6, rid 0, l2 0x60fb
2024-07-18 15:44:38.263324 INFO  BF_MC Write L1End node at addr 0x21c7, rid 0, l2 0x60fa
2024-07-18 15:44:38.263328 INFO  BF_MC Write L1End node at addr 0x21c8, rid 0, l2 0x60f8
2024-07-18 15:44:38.263332 INFO  BF_MC Write L1End node at addr 0x21c9, rid 0, l2 0x60f6
2024-07-18 15:44:38.263337 INFO  BF_MC Write L1End node at addr 0x21ca, rid 0, l2 0x60f4
2024-07-18 15:44:38.263341 INFO  BF_MC Write L1End node at addr 0x21cb, rid 0, l2 0x60f2
2024-07-18 15:44:38.263346 INFO  BF_MC Write L1End node at addr 0x21cc, rid 0, l2 0x60f0
2024-07-18 15:44:38.263350 INFO  BF_MC Write L1End node at addr 0x21cd, rid 0, l2 0x60ee
2024-07-18 15:44:38.263356 INFO  BF_MC Write L1End node at addr 0x21ce, rid 0, l2 0x60ec
2024-07-18 15:44:38.263360 INFO  BF_MC Write L1End node at addr 0x21cf, rid 0, l2 0x60ea
2024-07-18 15:44:38.263364 INFO  BF_MC Write L1End node at addr 0x21d0, rid 0, l2 0x60e8
2024-07-18 15:44:38.263368 INFO  BF_MC Write L1End node at addr 0x21d1, rid 0, l2 0x60e6
2024-07-18 15:44:38.263373 INFO  BF_MC Write L1End node at addr 0x21d2, rid 0, l2 0x60e4
2024-07-18 15:44:38.263377 INFO  BF_MC Write L1End node at addr 0x21d3, rid 0, l2 0x60e0
2024-07-18 15:44:38.263381 INFO  BF_MC Write L1End node at addr 0x21d4, rid 0, l2 0x60dc
2024-07-18 15:44:38.263386 INFO  BF_MC Write L1End node at addr 0x21d5, rid 0, l2 0x60d8
2024-07-18 15:44:38.263390 INFO  BF_MC Write L1End node at addr 0x21d6, rid 0, l2 0x60d4
2024-07-18 15:44:38.263395 INFO  BF_MC Write L1End node at addr 0x21d7, rid 0, l2 0x60cc
2024-07-18 15:44:38.263401 INFO  BF_MC Write L1End node at addr 0x21d8, rid 0, l2 0x60c4
2024-07-18 15:44:38.263411 INFO  BF_MC Write L1End node at addr 0x21d9, rid 0, l2 0x60bc
2024-07-18 15:44:38.263416 INFO  BF_MC Write L1End node at addr 0x21da, rid 0, l2 0x60a0
2024-07-18 15:44:38.263458 INFO  BF_MC Write L1End node at addr 0x21db, rid 0, l2 0x6087
2024-07-18 15:44:38.263464 INFO  BF_MC Write L1End node at addr 0x21dc, rid 0, l2 0x606e
2024-07-18 15:44:38.263469 INFO  BF_MC Write L1End node at addr 0x21dd, rid 0, l2 0x6055
2024-07-18 15:44:38.263474 INFO  BF_MC Write L1End node at addr 0x21de, rid 0, l2 0x603c
2024-07-18 15:44:38.263478 INFO  BF_MC Write L1End node at addr 0x21df, rid 0, l2 0x6000
2024-07-18 15:44:38.263484 INFO  BF_MC Allocated RDM addresses 0x7000 - 0x7103
2024-07-18 15:44:38.263489 INFO  BF_MC Write LAG node at addr 0x7000 with id 255 and next node 0x7001 0x0000_00000000ff07001c
2024-07-18 15:44:38.263494 INFO  BF_MC Write LAG node at addr 0x7001 with id 255 and next node 0x7002 0x00ff_07002c00ff07001c
2024-07-18 15:44:38.263499 INFO  BF_MC Write LAG node at addr 0x7002 with id 255 and next node 0x7003 0x0000_00000000ff07003c
2024-07-18 15:44:38.263503 INFO  BF_MC Write LAG node at addr 0x7003 with id 255 and next node 0x7004 0x00ff_07004c00ff07003c
2024-07-18 15:44:38.263508 INFO  BF_MC Write LAG node at addr 0x7004 with id 255 and next node 0x7005 0x0000_00000000ff07005c
2024-07-18 15:44:38.263513 INFO  BF_MC Write LAG node at addr 0x7005 with id 255 and next node 0x7006 0x00ff_07006c00ff07005c
2024-07-18 15:44:38.263531 INFO  BF_MC Write LAG node at addr 0x7006 with id 255 and next node 0x7007 0x0000_00000000ff07007c
2024-07-18 15:44:38.263536 INFO  BF_MC Write LAG node at addr 0x7007 with id 255 and next node 0x7008 0x00ff_07008c00ff07007c
2024-07-18 15:44:38.263540 INFO  BF_MC Write LAG node at addr 0x7008 with id 255 and next node 0x7009 0x0000_00000000ff07009c
2024-07-18 15:44:38.263545 INFO  BF_MC Write LAG node at addr 0x7009 with id 255 and next node 0x700a 0x00ff_0700ac00ff07009c
2024-07-18 15:44:38.263550 INFO  BF_MC Write LAG node at addr 0x700a with id 255 and next node 0x700b 0x0000_00000000ff0700bc
2024-07-18 15:44:38.263554 INFO  BF_MC Write LAG node at addr 0x700b with id 255 and next node 0x700c 0x00ff_0700cc00ff0700bc
2024-07-18 15:44:38.263559 INFO  BF_MC Write LAG node at addr 0x700c with id 255 and next node 0x700d 0x0000_00000000ff0700dc
2024-07-18 15:44:38.263564 INFO  BF_MC Write LAG node at addr 0x700d with id 255 and next node 0x700e 0x00ff_0700ec00ff0700dc
2024-07-18 15:44:38.263569 INFO  BF_MC Write LAG node at addr 0x700e with id 255 and next node 0x700f 0x0000_00000000ff0700fc
2024-07-18 15:44:38.263573 INFO  BF_MC Write LAG node at addr 0x700f with id 255 and next node 0x7010 0x00ff_07010c00ff0700fc
2024-07-18 15:44:38.263578 INFO  BF_MC Write LAG node at addr 0x7010 with id 255 and next node 0x7011 0x0000_00000000ff07011c
2024-07-18 15:44:38.263583 INFO  BF_MC Write LAG node at addr 0x7011 with id 255 and next node 0x7012 0x00ff_07012c00ff07011c
2024-07-18 15:44:38.263587 INFO  BF_MC Write LAG node at addr 0x7012 with id 255 and next node 0x7013 0x0000_00000000ff07013c
2024-07-18 15:44:38.263592 INFO  BF_MC Write LAG node at addr 0x7013 with id 255 and next node 0x7014 0x00ff_07014c00ff07013c
2024-07-18 15:44:38.263596 INFO  BF_MC Write LAG node at addr 0x7014 with id 255 and next node 0x7015 0x0000_00000000ff07015c
2024-07-18 15:44:38.263601 INFO  BF_MC Write LAG node at addr 0x7015 with id 255 and next node 0x7016 0x00ff_07016c00ff07015c
2024-07-18 15:44:38.263606 INFO  BF_MC Write LAG node at addr 0x7016 with id 255 and next node 0x7017 0x0000_00000000ff07017c
2024-07-18 15:44:38.263610 INFO  BF_MC Write LAG node at addr 0x7017 with id 255 and next node 0x7018 0x00ff_07018c00ff07017c
2024-07-18 15:44:38.263615 INFO  BF_MC Write LAG node at addr 0x7018 with id 255 and next node 0x7019 0x0000_00000000ff07019c
2024-07-18 15:44:38.263620 INFO  BF_MC Write LAG node at addr 0x7019 with id 255 and next node 0x701a 0x00ff_0701ac00ff07019c
2024-07-18 15:44:38.263624 INFO  BF_MC Write LAG node at addr 0x701a with id 255 and next node 0x701b 0x0000_00000000ff0701bc
2024-07-18 15:44:38.263632 INFO  BF_MC Write LAG node at addr 0x701b with id 255 and next node 0x701c 0x00ff_0701cc00ff0701bc
2024-07-18 15:44:38.263637 INFO  BF_MC Write LAG node at addr 0x701c with id 255 and next node 0x701d 0x0000_00000000ff0701dc
2024-07-18 15:44:38.263642 INFO  BF_MC Write LAG node at addr 0x701d with id 255 and next node 0x701e 0x00ff_0701ec00ff0701dc
2024-07-18 15:44:38.263646 INFO  BF_MC Write LAG node at addr 0x701e with id 255 and next node 0x701f 0x0000_00000000ff0701fc
2024-07-18 15:44:38.263651 INFO  BF_MC Write LAG node at addr 0x701f with id 255 and next node 0x7020 0x00ff_07020c00ff0701fc
2024-07-18 15:44:38.263655 INFO  BF_MC Write LAG node at addr 0x7020 with id 255 and next node 0x7021 0x0000_00000000ff07021c
2024-07-18 15:44:38.263660 INFO  BF_MC Write LAG node at addr 0x7021 with id 255 and next node 0x7022 0x00ff_07022c00ff07021c
2024-07-18 15:44:38.263665 INFO  BF_MC Write LAG node at addr 0x7022 with id 255 and next node 0x7023 0x0000_00000000ff07023c
2024-07-18 15:44:38.263669 INFO  BF_MC Write LAG node at addr 0x7023 with id 255 and next node 0x7024 0x00ff_07024c00ff07023c
2024-07-18 15:44:38.263674 INFO  BF_MC Write LAG node at addr 0x7024 with id 255 and next node 0x7025 0x0000_00000000ff07025c
2024-07-18 15:44:38.263679 INFO  BF_MC Write LAG node at addr 0x7025 with id 255 and next node 0x7026 0x00ff_07026c00ff07025c
2024-07-18 15:44:38.263683 INFO  BF_MC Write LAG node at addr 0x7026 with id 255 and next node 0x7027 0x0000_00000000ff07027c
2024-07-18 15:44:38.263688 INFO  BF_MC Write LAG node at addr 0x7027 with id 255 and next node 0x7028 0x00ff_07028c00ff07027c
2024-07-18 15:44:38.263692 INFO  BF_MC Write LAG node at addr 0x7028 with id 255 and next node 0x7029 0x0000_00000000ff07029c
2024-07-18 15:44:38.263697 INFO  BF_MC Write LAG node at addr 0x7029 with id 255 and next node 0x702a 0x00ff_0702ac00ff07029c
2024-07-18 15:44:38.263702 INFO  BF_MC Write LAG node at addr 0x702a with id 255 and next node 0x702b 0x0000_00000000ff0702bc
2024-07-18 15:44:38.263706 INFO  BF_MC Write LAG node at addr 0x702b with id 255 and next node 0x702c 0x00ff_0702cc00ff0702bc
2024-07-18 15:44:38.263711 INFO  BF_MC Write LAG node at addr 0x702c with id 255 and next node 0x702d 0x0000_00000000ff0702dc
2024-07-18 15:44:38.263716 INFO  BF_MC Write LAG node at addr 0x702d with id 255 and next node 0x702e 0x00ff_0702ec00ff0702dc
2024-07-18 15:44:38.263720 INFO  BF_MC Write LAG node at addr 0x702e with id 255 and next node 0x702f 0x0000_00000000ff0702fc
2024-07-18 15:44:38.263725 INFO  BF_MC Write LAG node at addr 0x702f with id 255 and next node 0x7030 0x00ff_07030c00ff0702fc
2024-07-18 15:44:38.263729 INFO  BF_MC Write LAG node at addr 0x7030 with id 255 and next node 0x7031 0x0000_00000000ff07031c
2024-07-18 15:44:38.263734 INFO  BF_MC Write LAG node at addr 0x7031 with id 255 and next node 0x7032 0x00ff_07032c00ff07031c
2024-07-18 15:44:38.263739 INFO  BF_MC Write LAG node at addr 0x7032 with id 255 and next node 0x7033 0x0000_00000000ff07033c
2024-07-18 15:44:38.263743 INFO  BF_MC Write LAG node at addr 0x7033 with id 255 and next node 0x7034 0x00ff_07034c00ff07033c
2024-07-18 15:44:38.263748 INFO  BF_MC Write LAG node at addr 0x7034 with id 255 and next node 0x7035 0x0000_00000000ff07035c
2024-07-18 15:44:38.263753 INFO  BF_MC Write LAG node at addr 0x7035 with id 255 and next node 0x7036 0x00ff_07036c00ff07035c
2024-07-18 15:44:38.263757 INFO  BF_MC Write LAG node at addr 0x7036 with id 255 and next node 0x7037 0x0000_00000000ff07037c
2024-07-18 15:44:38.263762 INFO  BF_MC Write LAG node at addr 0x7037 with id 255 and next node 0x7038 0x00ff_07038c00ff07037c
2024-07-18 15:44:38.263766 INFO  BF_MC Write LAG node at addr 0x7038 with id 255 and next node 0x7039 0x0000_00000000ff07039c
2024-07-18 15:44:38.263771 INFO  BF_MC Write LAG node at addr 0x7039 with id 255 and next node 0x703a 0x00ff_0703ac00ff07039c
2024-07-18 15:44:38.263776 INFO  BF_MC Write LAG node at addr 0x703a with id 255 and next node 0x703b 0x0000_00000000ff0703bc
2024-07-18 15:44:38.263780 INFO  BF_MC Write LAG node at addr 0x703b with id 255 and next node 0x703c 0x00ff_0703cc00ff0703bc
2024-07-18 15:44:38.263787 INFO  BF_MC Write LAG node at addr 0x703c with id 255 and next node 0x703d 0x0000_00000000ff0703dc
2024-07-18 15:44:38.263806 INFO  BF_MC Write LAG node at addr 0x703d with id 255 and next node 0x703e 0x00ff_0703ec00ff0703dc
2024-07-18 15:44:38.263811 INFO  BF_MC Write LAG node at addr 0x703e with id 255 and next node 0x703f 0x0000_00000000ff0703fc
2024-07-18 15:44:38.263815 INFO  BF_MC Write LAG node at addr 0x703f with id 255 and next node 0x7040 0x00ff_07040c00ff0703fc
2024-07-18 15:44:38.263820 INFO  BF_MC Write LAG node at addr 0x7040 with id 255 and next node 0x7041 0x0000_00000000ff07041c
2024-07-18 15:44:38.263825 INFO  BF_MC Write LAG node at addr 0x7041 with id 255 and next node 0x7042 0x00ff_07042c00ff07041c
2024-07-18 15:44:38.263829 INFO  BF_MC Write LAG node at addr 0x7042 with id 255 and next node 0x7043 0x0000_00000000ff07043c
2024-07-18 15:44:38.263834 INFO  BF_MC Write LAG node at addr 0x7043 with id 255 and next node 0x7044 0x00ff_07044c00ff07043c
2024-07-18 15:44:38.263838 INFO  BF_MC Write LAG node at addr 0x7044 with id 255 and next node 0x7045 0x0000_00000000ff07045c
2024-07-18 15:44:38.263843 INFO  BF_MC Write LAG node at addr 0x7045 with id 255 and next node 0x7046 0x00ff_07046c00ff07045c
2024-07-18 15:44:38.263848 INFO  BF_MC Write LAG node at addr 0x7046 with id 255 and next node 0x7047 0x0000_00000000ff07047c
2024-07-18 15:44:38.263852 INFO  BF_MC Write LAG node at addr 0x7047 with id 255 and next node 0x7048 0x00ff_07048c00ff07047c
2024-07-18 15:44:38.263857 INFO  BF_MC Write LAG node at addr 0x7048 with id 255 and next node 0x7049 0x0000_00000000ff07049c
2024-07-18 15:44:38.263862 INFO  BF_MC Write LAG node at addr 0x7049 with id 255 and next node 0x704a 0x00ff_0704ac00ff07049c
2024-07-18 15:44:38.263866 INFO  BF_MC Write LAG node at addr 0x704a with id 255 and next node 0x704b 0x0000_00000000ff0704bc
2024-07-18 15:44:38.263871 INFO  BF_MC Write LAG node at addr 0x704b with id 255 and next node 0x704c 0x00ff_0704cc00ff0704bc
2024-07-18 15:44:38.263875 INFO  BF_MC Write LAG node at addr 0x704c with id 255 and next node 0x704d 0x0000_00000000ff0704dc
2024-07-18 15:44:38.263880 INFO  BF_MC Write LAG node at addr 0x704d with id 255 and next node 0x704e 0x00ff_0704ec00ff0704dc
2024-07-18 15:44:38.263885 INFO  BF_MC Write LAG node at addr 0x704e with id 255 and next node 0x704f 0x0000_00000000ff0704fc
2024-07-18 15:44:38.263889 INFO  BF_MC Write LAG node at addr 0x704f with id 255 and next node 0x7050 0x00ff_07050c00ff0704fc
2024-07-18 15:44:38.263893 INFO  BF_MC Write LAG node at addr 0x7050 with id 255 and next node 0x7051 0x0000_00000000ff07051c
2024-07-18 15:44:38.263899 INFO  BF_MC Write LAG node at addr 0x7051 with id 255 and next node 0x7052 0x00ff_07052c00ff07051c
2024-07-18 15:44:38.263903 INFO  BF_MC Write LAG node at addr 0x7052 with id 255 and next node 0x7053 0x0000_00000000ff07053c
2024-07-18 15:44:38.263908 INFO  BF_MC Write LAG node at addr 0x7053 with id 255 and next node 0x7054 0x00ff_07054c00ff07053c
2024-07-18 15:44:38.263912 INFO  BF_MC Write LAG node at addr 0x7054 with id 255 and next node 0x7055 0x0000_00000000ff07055c
2024-07-18 15:44:38.263917 INFO  BF_MC Write LAG node at addr 0x7055 with id 255 and next node 0x7056 0x00ff_07056c00ff07055c
2024-07-18 15:44:38.263922 INFO  BF_MC Write LAG node at addr 0x7056 with id 255 and next node 0x7057 0x0000_00000000ff07057c
2024-07-18 15:44:38.263926 INFO  BF_MC Write LAG node at addr 0x7057 with id 255 and next node 0x7058 0x00ff_07058c00ff07057c
2024-07-18 15:44:38.263931 INFO  BF_MC Write LAG node at addr 0x7058 with id 255 and next node 0x7059 0x0000_00000000ff07059c
2024-07-18 15:44:38.263936 INFO  BF_MC Write LAG node at addr 0x7059 with id 255 and next node 0x705a 0x00ff_0705ac00ff07059c
2024-07-18 15:44:38.263940 INFO  BF_MC Write LAG node at addr 0x705a with id 255 and next node 0x705b 0x0000_00000000ff0705bc
2024-07-18 15:44:38.263945 INFO  BF_MC Write LAG node at addr 0x705b with id 255 and next node 0x705c 0x00ff_0705cc00ff0705bc
2024-07-18 15:44:38.263953 INFO  BF_MC Write LAG node at addr 0x705c with id 255 and next node 0x705d 0x0000_00000000ff0705dc
2024-07-18 15:44:38.263958 INFO  BF_MC Write LAG node at addr 0x705d with id 255 and next node 0x705e 0x00ff_0705ec00ff0705dc
2024-07-18 15:44:38.263963 INFO  BF_MC Write LAG node at addr 0x705e with id 255 and next node 0x705f 0x0000_00000000ff0705fc
2024-07-18 15:44:38.263967 INFO  BF_MC Write LAG node at addr 0x705f with id 255 and next node 0x7060 0x00ff_07060c00ff0705fc
2024-07-18 15:44:38.263971 INFO  BF_MC Write LAG node at addr 0x7060 with id 255 and next node 0x7061 0x0000_00000000ff07061c
2024-07-18 15:44:38.263977 INFO  BF_MC Write LAG node at addr 0x7061 with id 255 and next node 0x7062 0x00ff_07062c00ff07061c
2024-07-18 15:44:38.263981 INFO  BF_MC Write LAG node at addr 0x7062 with id 255 and next node 0x7063 0x0000_00000000ff07063c
2024-07-18 15:44:38.263985 INFO  BF_MC Write LAG node at addr 0x7063 with id 255 and next node 0x7064 0x00ff_07064c00ff07063c
2024-07-18 15:44:38.263990 INFO  BF_MC Write LAG node at addr 0x7064 with id 255 and next node 0x7065 0x0000_00000000ff07065c
2024-07-18 15:44:38.263995 INFO  BF_MC Write LAG node at addr 0x7065 with id 255 and next node 0x7066 0x00ff_07066c00ff07065c
2024-07-18 15:44:38.263999 INFO  BF_MC Write LAG node at addr 0x7066 with id 255 and next node 0x7067 0x0000_00000000ff07067c
2024-07-18 15:44:38.264004 INFO  BF_MC Write LAG node at addr 0x7067 with id 255 and next node 0x7068 0x00ff_07068c00ff07067c
2024-07-18 15:44:38.264008 INFO  BF_MC Write LAG node at addr 0x7068 with id 255 and next node 0x7069 0x0000_00000000ff07069c
2024-07-18 15:44:38.264013 INFO  BF_MC Write LAG node at addr 0x7069 with id 255 and next node 0x706a 0x00ff_0706ac00ff07069c
2024-07-18 15:44:38.264018 INFO  BF_MC Write LAG node at addr 0x706a with id 255 and next node 0x706b 0x0000_00000000ff0706bc
2024-07-18 15:44:38.264022 INFO  BF_MC Write LAG node at addr 0x706b with id 255 and next node 0x706c 0x00ff_0706cc00ff0706bc
2024-07-18 15:44:38.264027 INFO  BF_MC Write LAG node at addr 0x706c with id 255 and next node 0x706d 0x0000_00000000ff0706dc
2024-07-18 15:44:38.264084 INFO  BF_MC Write LAG node at addr 0x706d with id 255 and next node 0x706e 0x00ff_0706ec00ff0706dc
2024-07-18 15:44:38.264090 INFO  BF_MC Write LAG node at addr 0x706e with id 255 and next node 0x706f 0x0000_00000000ff0706fc
2024-07-18 15:44:38.264095 INFO  BF_MC Write LAG node at addr 0x706f with id 255 and next node 0x7070 0x00ff_07070c00ff0706fc
2024-07-18 15:44:38.264100 INFO  BF_MC Write LAG node at addr 0x7070 with id 255 and next node 0x7071 0x0000_00000000ff07071c
2024-07-18 15:44:38.264105 INFO  BF_MC Write LAG node at addr 0x7071 with id 255 and next node 0x7072 0x00ff_07072c00ff07071c
2024-07-18 15:44:38.264109 INFO  BF_MC Write LAG node at addr 0x7072 with id 255 and next node 0x7073 0x0000_00000000ff07073c
2024-07-18 15:44:38.264114 INFO  BF_MC Write LAG node at addr 0x7073 with id 255 and next node 0x7074 0x00ff_07074c00ff07073c
2024-07-18 15:44:38.264118 INFO  BF_MC Write LAG node at addr 0x7074 with id 255 and next node 0x7075 0x0000_00000000ff07075c
2024-07-18 15:44:38.264124 INFO  BF_MC Write LAG node at addr 0x7075 with id 255 and next node 0x7076 0x00ff_07076c00ff07075c
2024-07-18 15:44:38.264128 INFO  BF_MC Write LAG node at addr 0x7076 with id 255 and next node 0x7077 0x0000_00000000ff07077c
2024-07-18 15:44:38.264132 INFO  BF_MC Write LAG node at addr 0x7077 with id 255 and next node 0x7078 0x00ff_07078c00ff07077c
2024-07-18 15:44:38.264137 INFO  BF_MC Write LAG node at addr 0x7078 with id 255 and next node 0x7079 0x0000_00000000ff07079c
2024-07-18 15:44:38.264142 INFO  BF_MC Write LAG node at addr 0x7079 with id 255 and next node 0x707a 0x00ff_0707ac00ff07079c
2024-07-18 15:44:38.264146 INFO  BF_MC Write LAG node at addr 0x707a with id 255 and next node 0x707b 0x0000_00000000ff0707bc
2024-07-18 15:44:38.264151 INFO  BF_MC Write LAG node at addr 0x707b with id 255 and next node 0x707c 0x00ff_0707cc00ff0707bc
2024-07-18 15:44:38.264155 INFO  BF_MC Write LAG node at addr 0x707c with id 255 and next node 0x707d 0x0000_00000000ff0707dc
2024-07-18 15:44:38.264164 INFO  BF_MC Write LAG node at addr 0x707d with id 255 and next node 0x707e 0x00ff_0707ec00ff0707dc
2024-07-18 15:44:38.264168 INFO  BF_MC Write LAG node at addr 0x707e with id 255 and next node 0x707f 0x0000_00000000ff0707fc
2024-07-18 15:44:38.264173 INFO  BF_MC Write LAG node at addr 0x707f with id 255 and next node 0x7080 0x00ff_07080c00ff0707fc
2024-07-18 15:44:38.264177 INFO  BF_MC Write LAG node at addr 0x7080 with id 255 and next node 0x7081 0x0000_00000000ff07081c
2024-07-18 15:44:38.264182 INFO  BF_MC Write LAG node at addr 0x7081 with id 255 and next node 0x7082 0x00ff_07082c00ff07081c
2024-07-18 15:44:38.264187 INFO  BF_MC Write LAG node at addr 0x7082 with id 255 and next node 0x7083 0x0000_00000000ff07083c
2024-07-18 15:44:38.264191 INFO  BF_MC Write LAG node at addr 0x7083 with id 255 and next node 0x7084 0x00ff_07084c00ff07083c
2024-07-18 15:44:38.264196 INFO  BF_MC Write LAG node at addr 0x7084 with id 255 and next node 0x7085 0x0000_00000000ff07085c
2024-07-18 15:44:38.264201 INFO  BF_MC Write LAG node at addr 0x7085 with id 255 and next node 0x7086 0x00ff_07086c00ff07085c
2024-07-18 15:44:38.264206 INFO  BF_MC Write LAG node at addr 0x7086 with id 255 and next node 0x7087 0x0000_00000000ff07087c
2024-07-18 15:44:38.264210 INFO  BF_MC Write LAG node at addr 0x7087 with id 255 and next node 0x7088 0x00ff_07088c00ff07087c
2024-07-18 15:44:38.264215 INFO  BF_MC Write LAG node at addr 0x7088 with id 255 and next node 0x7089 0x0000_00000000ff07089c
2024-07-18 15:44:38.264220 INFO  BF_MC Write LAG node at addr 0x7089 with id 255 and next node 0x708a 0x00ff_0708ac00ff07089c
2024-07-18 15:44:38.264224 INFO  BF_MC Write LAG node at addr 0x708a with id 255 and next node 0x708b 0x0000_00000000ff0708bc
2024-07-18 15:44:38.264229 INFO  BF_MC Write LAG node at addr 0x708b with id 255 and next node 0x708c 0x00ff_0708cc00ff0708bc
2024-07-18 15:44:38.264233 INFO  BF_MC Write LAG node at addr 0x708c with id 255 and next node 0x708d 0x0000_00000000ff0708dc
2024-07-18 15:44:38.264238 INFO  BF_MC Write LAG node at addr 0x708d with id 255 and next node 0x708e 0x00ff_0708ec00ff0708dc
2024-07-18 15:44:38.264243 INFO  BF_MC Write LAG node at addr 0x708e with id 255 and next node 0x708f 0x0000_00000000ff0708fc
2024-07-18 15:44:38.264247 INFO  BF_MC Write LAG node at addr 0x708f with id 255 and next node 0x7090 0x00ff_07090c00ff0708fc
2024-07-18 15:44:38.264252 INFO  BF_MC Write LAG node at addr 0x7090 with id 255 and next node 0x7091 0x0000_00000000ff07091c
2024-07-18 15:44:38.264257 INFO  BF_MC Write LAG node at addr 0x7091 with id 255 and next node 0x7092 0x00ff_07092c00ff07091c
2024-07-18 15:44:38.264261 INFO  BF_MC Write LAG node at addr 0x7092 with id 255 and next node 0x7093 0x0000_00000000ff07093c
2024-07-18 15:44:38.264266 INFO  BF_MC Write LAG node at addr 0x7093 with id 255 and next node 0x7094 0x00ff_07094c00ff07093c
2024-07-18 15:44:38.264270 INFO  BF_MC Write LAG node at addr 0x7094 with id 255 and next node 0x7095 0x0000_00000000ff07095c
2024-07-18 15:44:38.264276 INFO  BF_MC Write LAG node at addr 0x7095 with id 255 and next node 0x7096 0x00ff_07096c00ff07095c
2024-07-18 15:44:38.264280 INFO  BF_MC Write LAG node at addr 0x7096 with id 255 and next node 0x7097 0x0000_00000000ff07097c
2024-07-18 15:44:38.264285 INFO  BF_MC Write LAG node at addr 0x7097 with id 255 and next node 0x7098 0x00ff_07098c00ff07097c
2024-07-18 15:44:38.264289 INFO  BF_MC Write LAG node at addr 0x7098 with id 255 and next node 0x7099 0x0000_00000000ff07099c
2024-07-18 15:44:38.264294 INFO  BF_MC Write LAG node at addr 0x7099 with id 255 and next node 0x709a 0x00ff_0709ac00ff07099c
2024-07-18 15:44:38.264299 INFO  BF_MC Write LAG node at addr 0x709a with id 255 and next node 0x709b 0x0000_00000000ff0709bc
2024-07-18 15:44:38.264303 INFO  BF_MC Write LAG node at addr 0x709b with id 255 and next node 0x709c 0x00ff_0709cc00ff0709bc
2024-07-18 15:44:38.264307 INFO  BF_MC Write LAG node at addr 0x709c with id 255 and next node 0x709d 0x0000_00000000ff0709dc
2024-07-18 15:44:38.264315 INFO  BF_MC Write LAG node at addr 0x709d with id 255 and next node 0x709e 0x00ff_0709ec00ff0709dc
2024-07-18 15:44:38.264319 INFO  BF_MC Write LAG node at addr 0x709e with id 255 and next node 0x709f 0x0000_00000000ff0709fc
2024-07-18 15:44:38.264324 INFO  BF_MC Write LAG node at addr 0x709f with id 255 and next node 0x70a0 0x00ff_070a0c00ff0709fc
2024-07-18 15:44:38.264328 INFO  BF_MC Write LAG node at addr 0x70a0 with id 255 and next node 0x70a1 0x0000_00000000ff070a1c
2024-07-18 15:44:38.264333 INFO  BF_MC Write LAG node at addr 0x70a1 with id 255 and next node 0x70a2 0x00ff_070a2c00ff070a1c
2024-07-18 15:44:38.264352 INFO  BF_MC Write LAG node at addr 0x70a2 with id 255 and next node 0x70a3 0x0000_00000000ff070a3c
2024-07-18 15:44:38.264357 INFO  BF_MC Write LAG node at addr 0x70a3 with id 255 and next node 0x70a4 0x00ff_070a4c00ff070a3c
2024-07-18 15:44:38.264361 INFO  BF_MC Write LAG node at addr 0x70a4 with id 255 and next node 0x70a5 0x0000_00000000ff070a5c
2024-07-18 15:44:38.264366 INFO  BF_MC Write LAG node at addr 0x70a5 with id 255 and next node 0x70a6 0x00ff_070a6c00ff070a5c
2024-07-18 15:44:38.264371 INFO  BF_MC Write LAG node at addr 0x70a6 with id 255 and next node 0x70a7 0x0000_00000000ff070a7c
2024-07-18 15:44:38.264375 INFO  BF_MC Write LAG node at addr 0x70a7 with id 255 and next node 0x70a8 0x00ff_070a8c00ff070a7c
2024-07-18 15:44:38.264380 INFO  BF_MC Write LAG node at addr 0x70a8 with id 255 and next node 0x70a9 0x0000_00000000ff070a9c
2024-07-18 15:44:38.264385 INFO  BF_MC Write LAG node at addr 0x70a9 with id 255 and next node 0x70aa 0x00ff_070aac00ff070a9c
2024-07-18 15:44:38.264389 INFO  BF_MC Write LAG node at addr 0x70aa with id 255 and next node 0x70ab 0x0000_00000000ff070abc
2024-07-18 15:44:38.264394 INFO  BF_MC Write LAG node at addr 0x70ab with id 255 and next node 0x70ac 0x00ff_070acc00ff070abc
2024-07-18 15:44:38.264398 INFO  BF_MC Write LAG node at addr 0x70ac with id 255 and next node 0x70ad 0x0000_00000000ff070adc
2024-07-18 15:44:38.264404 INFO  BF_MC Write LAG node at addr 0x70ad with id 255 and next node 0x70ae 0x00ff_070aec00ff070adc
2024-07-18 15:44:38.264408 INFO  BF_MC Write LAG node at addr 0x70ae with id 255 and next node 0x70af 0x0000_00000000ff070afc
2024-07-18 15:44:38.264413 INFO  BF_MC Write LAG node at addr 0x70af with id 255 and next node 0x70b0 0x00ff_070b0c00ff070afc
2024-07-18 15:44:38.264423 INFO  BF_MC Write LAG node at addr 0x70b0 with id 255 and next node 0x70b1 0x0000_00000000ff070b1c
2024-07-18 15:44:38.264429 INFO  BF_MC Write LAG node at addr 0x70b1 with id 255 and next node 0x70b2 0x00ff_070b2c00ff070b1c
2024-07-18 15:44:38.264434 INFO  BF_MC Write LAG node at addr 0x70b2 with id 255 and next node 0x70b3 0x0000_00000000ff070b3c
2024-07-18 15:44:38.264438 INFO  BF_MC Write LAG node at addr 0x70b3 with id 255 and next node 0x70b4 0x00ff_070b4c00ff070b3c
2024-07-18 15:44:38.264443 INFO  BF_MC Write LAG node at addr 0x70b4 with id 255 and next node 0x70b5 0x0000_00000000ff070b5c
2024-07-18 15:44:38.264448 INFO  BF_MC Write LAG node at addr 0x70b5 with id 255 and next node 0x70b6 0x00ff_070b6c00ff070b5c
2024-07-18 15:44:38.264453 INFO  BF_MC Write LAG node at addr 0x70b6 with id 255 and next node 0x70b7 0x0000_00000000ff070b7c
2024-07-18 15:44:38.264460 INFO  BF_MC Write LAG node at addr 0x70b7 with id 255 and next node 0x70b8 0x00ff_070b8c00ff070b7c
2024-07-18 15:44:38.264467 INFO  BF_MC Write LAG node at addr 0x70b8 with id 255 and next node 0x70b9 0x0000_00000000ff070b9c
2024-07-18 15:44:38.264472 INFO  BF_MC Write LAG node at addr 0x70b9 with id 255 and next node 0x70ba 0x00ff_070bac00ff070b9c
2024-07-18 15:44:38.264477 INFO  BF_MC Write LAG node at addr 0x70ba with id 255 and next node 0x70bb 0x0000_00000000ff070bbc
2024-07-18 15:44:38.264481 INFO  BF_MC Write LAG node at addr 0x70bb with id 255 and next node 0x70bc 0x00ff_070bcc00ff070bbc
2024-07-18 15:44:38.264485 INFO  BF_MC Write LAG node at addr 0x70bc with id 255 and next node 0x70bd 0x0000_00000000ff070bdc
2024-07-18 15:44:38.264491 INFO  BF_MC Write LAG node at addr 0x70bd with id 255 and next node 0x70be 0x00ff_070bec00ff070bdc
2024-07-18 15:44:38.264498 INFO  BF_MC Write LAG node at addr 0x70be with id 255 and next node 0x70bf 0x0000_00000000ff070bfc
2024-07-18 15:44:38.264502 INFO  BF_MC Write LAG node at addr 0x70bf with id 255 and next node 0x70c0 0x00ff_070c0c00ff070bfc
2024-07-18 15:44:38.264507 INFO  BF_MC Write LAG node at addr 0x70c0 with id 255 and next node 0x70c1 0x0000_00000000ff070c1c
2024-07-18 15:44:38.264512 INFO  BF_MC Write LAG node at addr 0x70c1 with id 255 and next node 0x70c2 0x00ff_070c2c00ff070c1c
2024-07-18 15:44:38.264516 INFO  BF_MC Write LAG node at addr 0x70c2 with id 255 and next node 0x70c3 0x0000_00000000ff070c3c
2024-07-18 15:44:38.264521 INFO  BF_MC Write LAG node at addr 0x70c3 with id 255 and next node 0x70c4 0x00ff_070c4c00ff070c3c
2024-07-18 15:44:38.264525 INFO  BF_MC Write LAG node at addr 0x70c4 with id 255 and next node 0x70c5 0x0000_00000000ff070c5c
2024-07-18 15:44:38.264530 INFO  BF_MC Write LAG node at addr 0x70c5 with id 255 and next node 0x70c6 0x00ff_070c6c00ff070c5c
2024-07-18 15:44:38.264535 INFO  BF_MC Write LAG node at addr 0x70c6 with id 255 and next node 0x70c7 0x0000_00000000ff070c7c
2024-07-18 15:44:38.264539 INFO  BF_MC Write LAG node at addr 0x70c7 with id 255 and next node 0x70c8 0x00ff_070c8c00ff070c7c
2024-07-18 15:44:38.264544 INFO  BF_MC Write LAG node at addr 0x70c8 with id 255 and next node 0x70c9 0x0000_00000000ff070c9c
2024-07-18 15:44:38.264549 INFO  BF_MC Write LAG node at addr 0x70c9 with id 255 and next node 0x70ca 0x00ff_070cac00ff070c9c
2024-07-18 15:44:38.264554 INFO  BF_MC Write LAG node at addr 0x70ca with id 255 and next node 0x70cb 0x0000_00000000ff070cbc
2024-07-18 15:44:38.264558 INFO  BF_MC Write LAG node at addr 0x70cb with id 255 and next node 0x70cc 0x00ff_070ccc00ff070cbc
2024-07-18 15:44:38.264562 INFO  BF_MC Write LAG node at addr 0x70cc with id 255 and next node 0x70cd 0x0000_00000000ff070cdc
2024-07-18 15:44:38.264568 INFO  BF_MC Write LAG node at addr 0x70cd with id 255 and next node 0x70ce 0x00ff_070cec00ff070cdc
2024-07-18 15:44:38.264572 INFO  BF_MC Write LAG node at addr 0x70ce with id 255 and next node 0x70cf 0x0000_00000000ff070cfc
2024-07-18 15:44:38.264577 INFO  BF_MC Write LAG node at addr 0x70cf with id 255 and next node 0x70d0 0x00ff_070d0c00ff070cfc
2024-07-18 15:44:38.264581 INFO  BF_MC Write LAG node at addr 0x70d0 with id 255 and next node 0x70d1 0x0000_00000000ff070d1c
2024-07-18 15:44:38.264586 INFO  BF_MC Write LAG node at addr 0x70d1 with id 255 and next node 0x70d2 0x00ff_070d2c00ff070d1c
2024-07-18 15:44:38.264591 INFO  BF_MC Write LAG node at addr 0x70d2 with id 255 and next node 0x70d3 0x0000_00000000ff070d3c
2024-07-18 15:44:38.264595 INFO  BF_MC Write LAG node at addr 0x70d3 with id 255 and next node 0x70d4 0x00ff_070d4c00ff070d3c
2024-07-18 15:44:38.264599 INFO  BF_MC Write LAG node at addr 0x70d4 with id 255 and next node 0x70d5 0x0000_00000000ff070d5c
2024-07-18 15:44:38.264605 INFO  BF_MC Write LAG node at addr 0x70d5 with id 255 and next node 0x70d6 0x00ff_070d6c00ff070d5c
2024-07-18 15:44:38.264624 INFO  BF_MC Write LAG node at addr 0x70d6 with id 255 and next node 0x70d7 0x0000_00000000ff070d7c
2024-07-18 15:44:38.264628 INFO  BF_MC Write LAG node at addr 0x70d7 with id 255 and next node 0x70d8 0x00ff_070d8c00ff070d7c
2024-07-18 15:44:38.264633 INFO  BF_MC Write LAG node at addr 0x70d8 with id 255 and next node 0x70d9 0x0000_00000000ff070d9c
2024-07-18 15:44:38.264638 INFO  BF_MC Write LAG node at addr 0x70d9 with id 255 and next node 0x70da 0x00ff_070dac00ff070d9c
2024-07-18 15:44:38.264642 INFO  BF_MC Write LAG node at addr 0x70da with id 255 and next node 0x70db 0x0000_00000000ff070dbc
2024-07-18 15:44:38.264647 INFO  BF_MC Write LAG node at addr 0x70db with id 255 and next node 0x70dc 0x00ff_070dcc00ff070dbc
2024-07-18 15:44:38.264651 INFO  BF_MC Write LAG node at addr 0x70dc with id 255 and next node 0x70dd 0x0000_00000000ff070ddc
2024-07-18 15:44:38.264657 INFO  BF_MC Write LAG node at addr 0x70dd with id 255 and next node 0x70de 0x00ff_070dec00ff070ddc
2024-07-18 15:44:38.264663 INFO  BF_MC Write LAG node at addr 0x70de with id 255 and next node 0x70df 0x0000_00000000ff070dfc
2024-07-18 15:44:38.264668 INFO  BF_MC Write LAG node at addr 0x70df with id 255 and next node 0x70e0 0x00ff_070e0c00ff070dfc
2024-07-18 15:44:38.264672 INFO  BF_MC Write LAG node at addr 0x70e0 with id 255 and next node 0x70e1 0x0000_00000000ff070e1c
2024-07-18 15:44:38.264679 INFO  BF_MC Write LAG node at addr 0x70e1 with id 255 and next node 0x70e2 0x00ff_070e2c00ff070e1c
2024-07-18 15:44:38.264683 INFO  BF_MC Write LAG node at addr 0x70e2 with id 255 and next node 0x70e3 0x0000_00000000ff070e3c
2024-07-18 15:44:38.264688 INFO  BF_MC Write LAG node at addr 0x70e3 with id 255 and next node 0x70e4 0x00ff_070e4c00ff070e3c
2024-07-18 15:44:38.264692 INFO  BF_MC Write LAG node at addr 0x70e4 with id 255 and next node 0x70e5 0x0000_00000000ff070e5c
2024-07-18 15:44:38.264697 INFO  BF_MC Write LAG node at addr 0x70e5 with id 255 and next node 0x70e6 0x00ff_070e6c00ff070e5c
2024-07-18 15:44:38.264702 INFO  BF_MC Write LAG node at addr 0x70e6 with id 255 and next node 0x70e7 0x0000_00000000ff070e7c
2024-07-18 15:44:38.264706 INFO  BF_MC Write LAG node at addr 0x70e7 with id 255 and next node 0x70e8 0x00ff_070e8c00ff070e7c
2024-07-18 15:44:38.264711 INFO  BF_MC Write LAG node at addr 0x70e8 with id 255 and next node 0x70e9 0x0000_00000000ff070e9c
2024-07-18 15:44:38.264716 INFO  BF_MC Write LAG node at addr 0x70e9 with id 255 and next node 0x70ea 0x00ff_070eac00ff070e9c
2024-07-18 15:44:38.264720 INFO  BF_MC Write LAG node at addr 0x70ea with id 255 and next node 0x70eb 0x0000_00000000ff070ebc
2024-07-18 15:44:38.264725 INFO  BF_MC Write LAG node at addr 0x70eb with id 255 and next node 0x70ec 0x00ff_070ecc00ff070ebc
2024-07-18 15:44:38.264729 INFO  BF_MC Write LAG node at addr 0x70ec with id 255 and next node 0x70ed 0x0000_00000000ff070edc
2024-07-18 15:44:38.264734 INFO  BF_MC Write LAG node at addr 0x70ed with id 255 and next node 0x70ee 0x00ff_070eec00ff070edc
2024-07-18 15:44:38.264739 INFO  BF_MC Write LAG node at addr 0x70ee with id 255 and next node 0x70ef 0x0000_00000000ff070efc
2024-07-18 15:44:38.264743 INFO  BF_MC Write LAG node at addr 0x70ef with id 255 and next node 0x70f0 0x00ff_070f0c00ff070efc
2024-07-18 15:44:38.264748 INFO  BF_MC Write LAG node at addr 0x70f0 with id 255 and next node 0x70f1 0x0000_00000000ff070f1c
2024-07-18 15:44:38.264753 INFO  BF_MC Write LAG node at addr 0x70f1 with id 255 and next node 0x70f2 0x00ff_070f2c00ff070f1c
2024-07-18 15:44:38.264757 INFO  BF_MC Write LAG node at addr 0x70f2 with id 255 and next node 0x70f3 0x0000_00000000ff070f3c
2024-07-18 15:44:38.264762 INFO  BF_MC Write LAG node at addr 0x70f3 with id 255 and next node 0x70f4 0x00ff_070f4c00ff070f3c
2024-07-18 15:44:38.264766 INFO  BF_MC Write LAG node at addr 0x70f4 with id 255 and next node 0x70f5 0x0000_00000000ff070f5c
2024-07-18 15:44:38.264771 INFO  BF_MC Write LAG node at addr 0x70f5 with id 255 and next node 0x70f6 0x00ff_070f6c00ff070f5c
2024-07-18 15:44:38.264776 INFO  BF_MC Write LAG node at addr 0x70f6 with id 255 and next node 0x70f7 0x0000_00000000ff070f7c
2024-07-18 15:44:38.264780 INFO  BF_MC Write LAG node at addr 0x70f7 with id 255 and next node 0x70f8 0x00ff_070f8c00ff070f7c
2024-07-18 15:44:38.264785 INFO  BF_MC Write LAG node at addr 0x70f8 with id 255 and next node 0x70f9 0x0000_00000000ff070f9c
2024-07-18 15:44:38.264790 INFO  BF_MC Write LAG node at addr 0x70f9 with id 255 and next node 0x70fa 0x00ff_070fac00ff070f9c
2024-07-18 15:44:38.264794 INFO  BF_MC Write LAG node at addr 0x70fa with id 255 and next node 0x70fb 0x0000_00000000ff070fbc
2024-07-18 15:44:38.264799 INFO  BF_MC Write LAG node at addr 0x70fb with id 255 and next node 0x70fc 0x00ff_070fcc00ff070fbc
2024-07-18 15:44:38.264803 INFO  BF_MC Write LAG node at addr 0x70fc with id 255 and next node 0x70fd 0x0000_00000000ff070fdc
2024-07-18 15:44:38.264808 INFO  BF_MC Write LAG node at addr 0x70fd with id 255 and next node 0x70fe 0x00ff_070fec00ff070fdc
2024-07-18 15:44:38.264813 INFO  BF_MC Write LAG node at addr 0x70fe with id 255 and next node 0x70ff 0x0000_00000000ff070ffc
2024-07-18 15:44:38.264819 INFO  BF_MC Write LAG node at addr 0x70ff with id 255 and next node 0x7100 0x00ff_07100c00ff070ffc
2024-07-18 15:44:38.264824 INFO  BF_MC Write LAG node at addr 0x7100 with id 255 and next node 0x7101 0x0000_00000000ff07101c
2024-07-18 15:44:38.264830 INFO  BF_MC Write LAG node at addr 0x7101 with id 255 and next node 0x7102 0x00ff_07102c00ff07101c
2024-07-18 15:44:38.264835 INFO  BF_MC Write LAG node at addr 0x7102 with id 255 and next node 0x7103 0x0000_00000000ff07103c
2024-07-18 15:44:38.264839 INFO  BF_MC Write LAG node at addr 0x7103 with id 255 and next node 0 0x00ff_00000c00ff07103c
2024-07-18 15:44:38.264845 INFO  BF_MC Allocated RDM addresses 0x31c0 - 0x31df
2024-07-18 15:44:38.264850 INFO  BF_MC Write L1End node at addr 0x31c0, rid 0, l2 0x7101
2024-07-18 15:44:38.264854 INFO  BF_MC Write L1End node at addr 0x31c1, rid 0, l2 0x7100
2024-07-18 15:44:38.264859 INFO  BF_MC Write L1End node at addr 0x31c2, rid 0, l2 0x70ff
2024-07-18 15:44:38.264863 INFO  BF_MC Write L1End node at addr 0x31c3, rid 0, l2 0x70fe
2024-07-18 15:44:38.264868 INFO  BF_MC Write L1End node at addr 0x31c4, rid 0, l2 0x70fd
2024-07-18 15:44:38.264872 INFO  BF_MC Write L1End node at addr 0x31c5, rid 0, l2 0x70fc
2024-07-18 15:44:38.264876 INFO  BF_MC Write L1End node at addr 0x31c6, rid 0, l2 0x70fb
2024-07-18 15:44:38.264880 INFO  BF_MC Write L1End node at addr 0x31c7, rid 0, l2 0x70fa
2024-07-18 15:44:38.264885 INFO  BF_MC Write L1End node at addr 0x31c8, rid 0, l2 0x70f8
2024-07-18 15:44:38.264889 INFO  BF_MC Write L1End node at addr 0x31c9, rid 0, l2 0x70f6
2024-07-18 15:44:38.264893 INFO  BF_MC Write L1End node at addr 0x31ca, rid 0, l2 0x70f4
2024-07-18 15:44:38.264897 INFO  BF_MC Write L1End node at addr 0x31cb, rid 0, l2 0x70f2
2024-07-18 15:44:38.264902 INFO  BF_MC Write L1End node at addr 0x31cc, rid 0, l2 0x70f0
2024-07-18 15:44:38.264906 INFO  BF_MC Write L1End node at addr 0x31cd, rid 0, l2 0x70ee
2024-07-18 15:44:38.264911 INFO  BF_MC Write L1End node at addr 0x31ce, rid 0, l2 0x70ec
2024-07-18 15:44:38.264915 INFO  BF_MC Write L1End node at addr 0x31cf, rid 0, l2 0x70ea
2024-07-18 15:44:38.264920 INFO  BF_MC Write L1End node at addr 0x31d0, rid 0, l2 0x70e8
2024-07-18 15:44:38.264924 INFO  BF_MC Write L1End node at addr 0x31d1, rid 0, l2 0x70e6
2024-07-18 15:44:38.264928 INFO  BF_MC Write L1End node at addr 0x31d2, rid 0, l2 0x70e4
2024-07-18 15:44:38.264932 INFO  BF_MC Write L1End node at addr 0x31d3, rid 0, l2 0x70e0
2024-07-18 15:44:38.264937 INFO  BF_MC Write L1End node at addr 0x31d4, rid 0, l2 0x70dc
2024-07-18 15:44:38.264941 INFO  BF_MC Write L1End node at addr 0x31d5, rid 0, l2 0x70d8
2024-07-18 15:44:38.264945 INFO  BF_MC Write L1End node at addr 0x31d6, rid 0, l2 0x70d4
2024-07-18 15:44:38.264949 INFO  BF_MC Write L1End node at addr 0x31d7, rid 0, l2 0x70cc
2024-07-18 15:44:38.264954 INFO  BF_MC Write L1End node at addr 0x31d8, rid 0, l2 0x70c4
2024-07-18 15:44:38.264958 INFO  BF_MC Write L1End node at addr 0x31d9, rid 0, l2 0x70bc
2024-07-18 15:44:38.264962 INFO  BF_MC Write L1End node at addr 0x31da, rid 0, l2 0x70a0
2024-07-18 15:44:38.264966 INFO  BF_MC Write L1End node at addr 0x31db, rid 0, l2 0x7087
2024-07-18 15:44:38.264973 INFO  BF_MC Write L1End node at addr 0x31dc, rid 0, l2 0x706e
2024-07-18 15:44:38.264977 INFO  BF_MC Write L1End node at addr 0x31dd, rid 0, l2 0x7055
2024-07-18 15:44:38.264981 INFO  BF_MC Write L1End node at addr 0x31de, rid 0, l2 0x703c
2024-07-18 15:44:38.264985 INFO  BF_MC Write L1End node at addr 0x31df, rid 0, l2 0x7000
2024-07-18 15:44:38.272884 INFO  BF_PM bf_pm_pltfm_front_port_eligible_for_autoneg:3163 0:21/0:1(an_eligibility)
2024-07-18 15:44:38.272908 INFO  BF_PM bf_pm_pltfm_front_port_ready_for_bringup:3062 0:21/0:1(ready)
2024-07-18 15:44:38.272921 INFO  BF_PM bf_pm_pltfm_front_port_eligible_for_autoneg:3163 0:21/1:1(an_eligibility)
2024-07-18 15:44:38.272933 INFO  BF_PM bf_pm_pltfm_front_port_ready_for_bringup:3062 0:21/1:1(ready)
2024-07-18 15:44:38.272947 INFO  BF_PM bf_pm_pltfm_front_port_eligible_for_autoneg:3163 0:21/2:1(an_eligibility)
2024-07-18 15:44:38.272978 INFO  BF_PM bf_pm_pltfm_front_port_ready_for_bringup:3062 0:21/2:1(ready)
2024-07-18 15:44:38.272990 INFO  BF_PM bf_pm_pltfm_front_port_eligible_for_autoneg:3163 0:21/3:1(an_eligibility)
2024-07-18 15:44:38.273002 INFO  BF_PM bf_pm_pltfm_front_port_ready_for_bringup:3062 0:21/3:1(ready)
2024-07-18 15:44:38.273021 DEBUG BF_PLTFM QSFP: 21 : QSFP_FSM_ST_INSERTED         --> QSFP_FSM_ST_DETECTED         (0ms)
2024-07-18 15:44:38.277383 INFO  BF_MC mc_mgr_add_device: Device 0 add successful.
2024-07-18 15:44:38.318982 DEBUG BF_PORT 0:68: 64(speed): 0(fec): 4(n_lanes)
2024-07-18 15:44:38.319017 DEBUG BF_PORT port_mgr_tof1_port_add:1021:0:68:64(speed):0(fec)
2024-07-18 15:44:38.319390 INFO  BF_TM Enabling QAC rx during port-add for dev 0, dev_port 68
2024-07-18 15:44:38.319938 DEBUG BF_PORT 0:68: 64(speed): 0(fec): 4(n_lanes)
2024-07-18 15:44:38.319949 DEBUG BF_PORT port_mgr_tof1_port_add:1021:0:68:64(speed):0(fec)
2024-07-18 15:44:38.320112 INFO  BF_DVM Dev 0 port 68 added sts Success (0)
2024-07-18 15:44:38.320132 DEBUG BF_PORT 0:192: 64(speed): 0(fec): 4(n_lanes)
2024-07-18 15:44:38.320144 DEBUG BF_PORT port_mgr_tof1_port_add:1021:0:192:64(speed):0(fec)
2024-07-18 15:44:38.320538 INFO  BF_TM Enabling QAC rx during port-add for dev 0, dev_port 192
2024-07-18 15:44:38.321066 DEBUG BF_PORT 0:192: 64(speed): 0(fec): 4(n_lanes)
2024-07-18 15:44:38.321074 DEBUG BF_PORT port_mgr_tof1_port_add:1021:0:192:64(speed):0(fec)
2024-07-18 15:44:38.321242 INFO  BF_DVM Dev 0 port 192 added sts Success (0)
2024-07-18 15:44:38.321266 DEBUG BF_PORT 0:196: 64(speed): 0(fec): 4(n_lanes)
2024-07-18 15:44:38.321270 DEBUG BF_PORT port_mgr_tof1_port_add:1021:0:196:64(speed):0(fec)
2024-07-18 15:44:38.321608 INFO  BF_TM Enabling QAC rx during port-add for dev 0, dev_port 196
2024-07-18 15:44:38.322166 DEBUG BF_PORT 0:196: 64(speed): 0(fec): 4(n_lanes)
2024-07-18 15:44:38.322172 DEBUG BF_PORT port_mgr_tof1_port_add:1021:0:196:64(speed):0(fec)
2024-07-18 15:44:38.322330 INFO  BF_DVM Dev 0 port 196 added sts Success (0)
2024-07-18 15:44:39.784934 DEBUG BF_PLTFM QSFP Scan started..
2024-07-18 15:44:42.191147 INFO  BF_MC L1 Create by session 0x10000003 with RID 0 allocated handle 0x40000002 (status Success)
2024-07-18 15:44:42.191194 INFO  BF_MC Session 0x10000003 created L2 on L1 0x40000002 PortMap 000000000000000000000000000000000000000000000000100000000000000000000000 LagMap 0000000000000000000000000000000000000000000000000000000000000001, status Success (0)
2024-07-18 15:44:42.191558 INFO  BF_MC L1 Create by session 0x10000003 with RID 0 allocated handle 0x40000003 (status Success)
2024-07-18 15:44:42.191590 INFO  BF_MC Session 0x10000003 created L2 on L1 0x40000003 PortMap 000000000000000000000000000000000000000000000000100000000000000000000000 LagMap 0000000000000000000000000000000000000000000000000000000000000001, status Success (0)
2024-07-18 15:44:42.191887 INFO  BF_MC L1 Create by session 0x10000003 with RID 0 allocated handle 0x40000004 (status Success)
2024-07-18 15:44:42.191916 INFO  BF_MC Session 0x10000003 created L2 on L1 0x40000004 PortMap 000000000000000000000000000000000000000000000000100000000000000000000000 LagMap 0000000000000000000000000000000000000000000000000000000000000001, status Success (0)
2024-07-18 15:44:42.192337 INFO  BF_MC Reserved grp 0x3 for session 0x10000003 on device 0 with handle 0x20000003 (status Success)
2024-07-18 15:44:42.192365 INFO  BF_MC Allocated RDM addresses 0x2 - 0x3
2024-07-18 15:44:42.192376 INFO  BF_MC Allocated RDM addresses 0x4107 - 0x4107
2024-07-18 15:44:42.192384 INFO  BF_MC Allocated RDM addresses 0x11fc - 0x11fd
2024-07-18 15:44:42.192390 INFO  BF_MC Allocated RDM addresses 0x5107 - 0x5107
2024-07-18 15:44:42.192399 INFO  BF_MC Allocated RDM addresses 0x21fc - 0x21fd
2024-07-18 15:44:42.192405 INFO  BF_MC Allocated RDM addresses 0x6107 - 0x6107
2024-07-18 15:44:42.192411 INFO  BF_MC Allocated RDM addresses 0x31fc - 0x31fd
2024-07-18 15:44:42.192426 INFO  BF_MC Allocated RDM addresses 0x7106 - 0x7107
2024-07-18 15:44:42.192442 INFO  BF_MC Allocated RDM addresses 0x7105 - 0x7105
2024-07-18 15:44:42.192457 INFO  BF_MC Write LAG node at addr 0x4107 with id   0 and next node 0 0x0000_00000c0000000000
2024-07-18 15:44:42.192468 INFO  BF_MC Write L1Rid node at addr 0x2, rid 0, l2 0x4107, next 0
2024-07-18 15:44:42.192482 INFO  BF_MC Write LAG node at addr 0x5107 with id   0 and next node 0 0x0000_00000c0000000000
2024-07-18 15:44:42.192492 INFO  BF_MC Write L1Rid node at addr 0x11fc, rid 0, l2 0x5107, next 0
2024-07-18 15:44:42.192502 INFO  BF_MC Write LAG node at addr 0x6107 with id   0 and next node 0 0x0000_00000c0000000000
2024-07-18 15:44:42.192510 INFO  BF_MC Write L1Rid node at addr 0x21fc, rid 0, l2 0x6107, next 0
2024-07-18 15:44:42.192521 INFO  BF_MC Write Port72 0x00_0000000000100000 pipe 3 last 1 node at addr 0x7106 0x0000_00000000100000b9
2024-07-18 15:44:42.192529 INFO  BF_MC Write LAG node at addr 0x7105 with id   0 and next node 0x7106 0x0000_07106c0000000000
2024-07-18 15:44:42.192537 INFO  BF_MC Write L1Rid node at addr 0x31fc, rid 0, l2 0x7105, next 0
2024-07-18 15:44:42.192593 INFO  BF_MC L1 Associate by session 0x10000003 for node 0x40000002 to group 0x20000003 (status Success)
2024-07-18 15:44:42.192605 INFO  BF_MC Allocated RDM addresses 0x6 - 0x7
2024-07-18 15:44:42.192613 INFO  BF_MC Allocated RDM addresses 0x4106 - 0x4106
2024-07-18 15:44:42.192618 INFO  BF_MC Allocated RDM addresses 0x11fa - 0x11fb
2024-07-18 15:44:42.192624 INFO  BF_MC Allocated RDM addresses 0x5106 - 0x5106
2024-07-18 15:44:42.192631 INFO  BF_MC Allocated RDM addresses 0x21fa - 0x21fb
2024-07-18 15:44:42.192638 INFO  BF_MC Allocated RDM addresses 0x6106 - 0x6106
2024-07-18 15:44:42.192643 INFO  BF_MC Allocated RDM addresses 0x31fa - 0x31fb
2024-07-18 15:44:42.192650 INFO  BF_MC Allocated RDM addresses 0x710e - 0x710f
2024-07-18 15:44:42.192656 INFO  BF_MC Allocated RDM addresses 0x7104 - 0x7104
2024-07-18 15:44:42.192664 INFO  BF_MC Write LAG node at addr 0x4106 with id   0 and next node 0 0x0000_00000c000000000c
2024-07-18 15:44:42.192671 INFO  BF_MC Write L1Rid node at addr 0x6, rid 0, l2 0x4106, next 0x2
2024-07-18 15:44:42.192679 INFO  BF_MC Write LAG node at addr 0x5106 with id   0 and next node 0 0x0000_00000c000000000c
2024-07-18 15:44:42.192687 INFO  BF_MC Write L1Rid node at addr 0x11fa, rid 0, l2 0x5106, next 0x11fc
2024-07-18 15:44:42.192695 INFO  BF_MC Write LAG node at addr 0x6106 with id   0 and next node 0 0x0000_00000c000000000c
2024-07-18 15:44:42.192702 INFO  BF_MC Write L1Rid node at addr 0x21fa, rid 0, l2 0x6106, next 0x21fc
2024-07-18 15:44:42.192709 INFO  BF_MC Write Port72 0x00_0000000000100000 pipe 3 last 1 node at addr 0x710e 0x0000_00000000100000b9
2024-07-18 15:44:42.192716 INFO  BF_MC Write LAG node at addr 0x7104 with id   0 and next node 0x710e 0x0000_07106c00000710ec
2024-07-18 15:44:42.192724 INFO  BF_MC Write L1Rid node at addr 0x31fa, rid 0, l2 0x7104, next 0x31fc
2024-07-18 15:44:42.192731 INFO  BF_MC Update L1-next at addr 0x31fc, next 0x31c0
2024-07-18 15:44:42.192740 INFO  BF_MC L1 Associate by session 0x10000003 for node 0x40000003 to group 0x20000003 (status Success)
2024-07-18 15:44:42.192750 INFO  BF_MC Allocated RDM addresses 0x4 - 0x5
2024-07-18 15:44:42.192758 INFO  BF_MC Allocated RDM addresses 0x4105 - 0x4105
2024-07-18 15:44:42.192764 INFO  BF_MC Allocated RDM addresses 0x11f8 - 0x11f9
2024-07-18 15:44:42.192770 INFO  BF_MC Allocated RDM addresses 0x5105 - 0x5105
2024-07-18 15:44:42.192776 INFO  BF_MC Allocated RDM addresses 0x21f8 - 0x21f9
2024-07-18 15:44:42.192783 INFO  BF_MC Allocated RDM addresses 0x6105 - 0x6105
2024-07-18 15:44:42.192788 INFO  BF_MC Allocated RDM addresses 0x31f8 - 0x31f9
2024-07-18 15:44:42.192794 INFO  BF_MC Allocated RDM addresses 0x710c - 0x710d
2024-07-18 15:44:42.192800 INFO  BF_MC Allocated RDM addresses 0x710b - 0x710b
2024-07-18 15:44:42.192807 INFO  BF_MC Write LAG node at addr 0x4105 with id   0 and next node 0 0x0000_00000c0000000000
2024-07-18 15:44:42.192814 INFO  BF_MC Write L1Rid node at addr 0x4, rid 0, l2 0x4105, next 0x6
2024-07-18 15:44:42.192822 INFO  BF_MC Write LAG node at addr 0x5105 with id   0 and next node 0 0x0000_00000c0000000000
2024-07-18 15:44:42.192833 INFO  BF_MC Write L1Rid node at addr 0x11f8, rid 0, l2 0x5105, next 0x11fa
2024-07-18 15:44:42.192842 INFO  BF_MC Write LAG node at addr 0x6105 with id   0 and next node 0 0x0000_00000c0000000000
2024-07-18 15:44:42.192849 INFO  BF_MC Write L1Rid node at addr 0x21f8, rid 0, l2 0x6105, next 0x21fa
2024-07-18 15:44:42.192856 INFO  BF_MC Write Port72 0x00_0000000000100000 pipe 3 last 1 node at addr 0x710c 0x0000_00000000100000b9
2024-07-18 15:44:42.192862 INFO  BF_MC Write LAG node at addr 0x710b with id   0 and next node 0x710c 0x0000_0710cc0000000000
2024-07-18 15:44:42.192870 INFO  BF_MC Write L1Rid node at addr 0x31f8, rid 0, l2 0x710b, next 0x31fa
2024-07-18 15:44:42.192877 INFO  BF_MC Update L1-next at addr 0x31fc, next 0x31c0
2024-07-18 15:44:42.192885 INFO  BF_MC L1 Associate by session 0x10000003 for node 0x40000004 to group 0x20000003 (status Success)
2024-07-18 15:45:06.304321 INFO  BF_PM bf_pm_port_add_with_lanes:3876 0:7/0:64(speed):2(fec):4(n_lanes)
2024-07-18 15:45:06.304469 DEBUG BF_PORT 0:180: 64(speed): 2(fec): 4(n_lanes)
2024-07-18 15:45:06.304493 DEBUG BF_PORT port_mgr_tof1_port_add:1021:0:180:64(speed):2(fec)
2024-07-18 15:45:06.305699 DEBUG BF_PORT MAC: DIS: 0:34:0 : Disable channel
2024-07-18 15:45:06.305723 DEBUG BF_PORT MAC: DIS: 0:34:0 : ERROR! : ch0mode.ena = 0!
2024-07-18 15:45:06.306253 INFO  BF_TM TM buffers egress usage count after disabling qac_rx for dev 0, dev_port 180 before wait 1 is 0
2024-07-18 15:45:06.306277 INFO  BF_TM TM buffers got drained after disabling qac_rx for dev 0, dev_port 180 after 0 waits
2024-07-18 15:45:06.306774 DEBUG BF_PORT 0:180: 64(speed): 2(fec): 4(n_lanes)
2024-07-18 15:45:06.306791 DEBUG BF_PORT port_mgr_tof1_port_add:1021:0:180:64(speed):2(fec)
2024-07-18 15:45:06.306969 INFO  BF_DVM Dev 0 port 180 added sts Success (0)
2024-07-18 15:45:06.306989 INFO  BF_PM bf_pm_port_direction_clear:3485 0:7/0
2024-07-18 15:45:06.307021 DEBUG BF_PLTFM Extended Mac addr: 6c:ec:5a:62:a8:20 

2024-07-18 15:45:06.307064 DEBUG BF_PORT SDS :0:180:0: MAP: Rx inv=0
2024-07-18 15:45:06.307220 DEBUG BF_PORT SDS :0:180:0: MAP: Tx inv=0
2024-07-18 15:45:06.307340 DEBUG BF_PORT SDS :0:180:1: MAP: Rx inv=0
2024-07-18 15:45:06.307453 DEBUG BF_PORT SDS :0:180:1: MAP: Tx inv=0
2024-07-18 15:45:06.307569 DEBUG BF_PORT SDS :0:180:2: MAP: Rx inv=0
2024-07-18 15:45:06.307687 DEBUG BF_PORT SDS :0:180:2: MAP: Tx inv=0
2024-07-18 15:45:06.307799 DEBUG BF_PORT SDS :0:180:3: MAP: Rx inv=0
2024-07-18 15:45:06.307911 DEBUG BF_PORT SDS :0:180:3: MAP: Tx inv=0
2024-07-18 15:45:06.311653 INFO  BF_PM bf_pm_port_add_with_lanes:3876 0:3/0:64(speed):2(fec):4(n_lanes)
2024-07-18 15:45:06.311703 DEBUG BF_PORT 0:148: 64(speed): 2(fec): 4(n_lanes)
2024-07-18 15:45:06.311718 DEBUG BF_PORT port_mgr_tof1_port_add:1021:0:148:64(speed):2(fec)
2024-07-18 15:45:06.312392 DEBUG BF_PORT MAC: DIS: 0:42:0 : Disable channel
2024-07-18 15:45:06.312399 DEBUG BF_PORT MAC: DIS: 0:42:0 : ERROR! : ch0mode.ena = 0!
2024-07-18 15:45:06.312790 INFO  BF_TM TM buffers egress usage count after disabling qac_rx for dev 0, dev_port 148 before wait 1 is 0
2024-07-18 15:45:06.312800 INFO  BF_TM TM buffers got drained after disabling qac_rx for dev 0, dev_port 148 after 0 waits
2024-07-18 15:45:06.313311 DEBUG BF_PORT 0:148: 64(speed): 2(fec): 4(n_lanes)
2024-07-18 15:45:06.313317 DEBUG BF_PORT port_mgr_tof1_port_add:1021:0:148:64(speed):2(fec)
2024-07-18 15:45:06.313478 INFO  BF_DVM Dev 0 port 148 added sts Success (0)
2024-07-18 15:45:06.313485 INFO  BF_PM bf_pm_port_direction_clear:3485 0:3/0
2024-07-18 15:45:06.313491 DEBUG BF_PLTFM Extended Mac addr: 6c:ec:5a:62:a8:10 

2024-07-18 15:45:06.313499 DEBUG BF_PORT SDS :0:148:0: MAP: Rx inv=0
2024-07-18 15:45:06.313606 DEBUG BF_PORT SDS :0:148:0: MAP: Tx inv=0
2024-07-18 15:45:06.313709 DEBUG BF_PORT SDS :0:148:1: MAP: Rx inv=0
2024-07-18 15:45:06.313811 DEBUG BF_PORT SDS :0:148:1: MAP: Tx inv=0
2024-07-18 15:45:06.313913 DEBUG BF_PORT SDS :0:148:2: MAP: Rx inv=0
2024-07-18 15:45:06.314027 DEBUG BF_PORT SDS :0:148:2: MAP: Tx inv=0
2024-07-18 15:45:06.314130 DEBUG BF_PORT SDS :0:148:3: MAP: Rx inv=0
2024-07-18 15:45:06.314231 DEBUG BF_PORT SDS :0:148:3: MAP: Tx inv=0
2024-07-18 15:45:06.317705 INFO  BF_PM bf_pm_port_add_with_lanes:3876 0:33/2:2(speed):0(fec):1(n_lanes)
2024-07-18 15:45:06.317748 DEBUG BF_PORT 0:66: 2(speed): 0(fec): 1(n_lanes)
2024-07-18 15:45:06.317754 DEBUG BF_PORT port_mgr_tof1_port_add:1021:0:66:2(speed):0(fec)
2024-07-18 15:45:06.318397 DEBUG BF_PORT MAC: DIS: 0:64:2 : Disable channel
2024-07-18 15:45:06.318404 DEBUG BF_PORT MAC: DIS: 0:64:2 : ERROR! : ch0mode.ena = 0!
2024-07-18 15:45:06.318810 INFO  BF_TM TM buffers egress usage count after disabling qac_rx for dev 0, dev_port 66 before wait 1 is 0
2024-07-18 15:45:06.318821 INFO  BF_TM TM buffers got drained after disabling qac_rx for dev 0, dev_port 66 after 0 waits
2024-07-18 15:45:06.319318 DEBUG BF_PORT 0:66: 2(speed): 0(fec): 1(n_lanes)
2024-07-18 15:45:06.319332 DEBUG BF_PORT port_mgr_tof1_port_add:1021:0:66:2(speed):0(fec)
2024-07-18 15:45:06.319501 INFO  BF_DVM Dev 0 port 66 added sts Success (0)
2024-07-18 15:45:06.319508 INFO  BF_PM bf_pm_port_direction_clear:3485 0:33/2
2024-07-18 15:45:06.319514 DEBUG BF_PLTFM Extended Mac addr: 6c:ec:5a:62:a8:8a 

2024-07-18 15:45:06.319524 INFO  BF_PM bf_pm_pltfm_front_port_ready_for_bringup:3062 0:33/2:1(ready)
2024-07-18 15:45:06.319545 DEBUG BF_PORT SDS :0: 66:0: MAP: Rx inv=0
2024-07-18 15:45:06.319659 DEBUG BF_PORT SDS :0: 66:0: MAP: Tx inv=0
2024-07-18 15:45:06.320800 INFO  BF_PM bf_pm_port_autoneg_set:4523 0:7/0:1(an_policy)
2024-07-18 15:45:06.320954 INFO  BF_PM bf_pm_port_autoneg_set:4523 0:3/0:1(an_policy)
2024-07-18 15:45:06.321122 INFO  BF_PM bf_pm_port_autoneg_set:4523 0:33/2:1(an_policy)
2024-07-18 15:45:06.321317 INFO  BF_PM bf_pm_port_enable:4114 0:3/0
2024-07-18 15:45:06.326140 DEBUG BF_PLTFM QSFP:  3 : ch[0] : dev_port=148 : is COPPER
2024-07-18 15:45:06.326205 DEBUG BF_PORT port_mgr_port_enable:128:0:148:1(enb)
2024-07-18 15:45:06.326228 DEBUG BF_PORT port_mgr_tof1_port_enable:1312:0:148:1(enb)
2024-07-18 15:45:06.326240 DEBUG BF_PORT PRT :0:148:-: Enable
2024-07-18 15:45:06.326267 INFO  BF_TM Enabling QAC rx during port-enable for dev 0, dev_port 148
2024-07-18 15:45:06.326472 INFO  BF_PM bf_pm_port_enable:4114 0:7/0
2024-07-18 15:45:06.326712 DEBUG BF_PORT FSM :0:148:-: MACs serdesmux.sig_ok=PASS-THRU
2024-07-18 15:45:06.342687 DEBUG BF_PORT FSM :0:148:-: BF_FSM_ST_IDLE             --> BF_AN_FSM_ST_WAIT_PLL1    
2024-07-18 15:45:06.343126 DEBUG BF_PLTFM QSFP:  7 : ch[0] : dev_port=180 : is COPPER
2024-07-18 15:45:06.343187 DEBUG BF_PORT port_mgr_port_enable:128:0:180:1(enb)
2024-07-18 15:45:06.343211 DEBUG BF_PORT port_mgr_tof1_port_enable:1312:0:180:1(enb)
2024-07-18 15:45:06.343223 DEBUG BF_PORT PRT :0:180:-: Enable
2024-07-18 15:45:06.343249 INFO  BF_TM Enabling QAC rx during port-enable for dev 0, dev_port 180
2024-07-18 15:45:06.343428 DEBUG BF_PORT FSM :0:180:-: MACs serdesmux.sig_ok=PASS-THRU
2024-07-18 15:45:06.347474 INFO  BF_PM bf_pm_port_enable:4114 0:33/2
2024-07-18 15:45:06.347592 INFO  BF_PM bf_pm_pltfm_front_port_eligible_for_autoneg:3163 0:33/2:1(an_eligibility)
2024-07-18 15:45:06.347656 DEBUG BF_PORT port_mgr_port_enable:128:0:66:1(enb)
2024-07-18 15:45:06.347676 DEBUG BF_PORT port_mgr_tof1_port_enable:1312:0:66:1(enb)
2024-07-18 15:45:06.347698 DEBUG BF_PORT PRT :0: 66:-: Enable
2024-07-18 15:45:06.347732 INFO  BF_TM Enabling QAC rx during port-enable for dev 0, dev_port 66
2024-07-18 15:45:06.358901 DEBUG BF_PORT FSM :0:180:-: BF_FSM_ST_IDLE             --> BF_AN_FSM_ST_WAIT_PLL1    
2024-07-18 15:45:06.358916 DEBUG BF_PORT FSM :0: 66:-: MACs serdesmux.sig_ok=PASS-THRU
2024-07-18 15:45:06.362830 DEBUG BF_PORT FSM :0: 66:-: BF_FSM_ST_IDLE             --> BF_AN_FSM_ST_WAIT_PLL1    
2024-07-18 15:45:06.367621 DEBUG BF_PORT 0:1: 42:            raw: d000_2000_0001
2024-07-18 15:45:06.367629 DEBUG BF_PORT 0:1: 42:       AN speed: 100G_CR4 
2024-07-18 15:45:06.367635 DEBUG BF_PORT 0:1: 42:       AN   fec: f2 (25G-RS FEC REQUEST) f0 (10G-FC FEC ABILITY) f1 (10G-FC FEC REQUEST) 
2024-07-18 15:45:06.368237 DEBUG BF_PORT FSM :0:148:0: Set tx_output_en 1 <rc=0>
2024-07-18 15:45:06.368241 DEBUG BF_PORT FSM :0:148:-: BF_AN_FSM_ST_WAIT_PLL1     --> BF_AN_FSM_ST_WAIT_BASE_PG 
2024-07-18 15:45:06.373719 DEBUG BF_PORT 0:1:  9:            raw: d000_2000_0001
2024-07-18 15:45:06.373728 DEBUG BF_PORT 0:1:  9:       AN speed: 100G_CR4 
2024-07-18 15:45:06.373736 DEBUG BF_PORT 0:1:  9:       AN   fec: f2 (25G-RS FEC REQUEST) f0 (10G-FC FEC ABILITY) f1 (10G-FC FEC REQUEST) 
2024-07-18 15:45:06.374322 DEBUG BF_PORT FSM :0:180:0: Set tx_output_en 1 <rc=0>
2024-07-18 15:45:06.374327 DEBUG BF_PORT FSM :0:180:-: BF_AN_FSM_ST_WAIT_PLL1     --> BF_AN_FSM_ST_WAIT_BASE_PG 
2024-07-18 15:45:06.375705 DEBUG BF_PORT 0:0:142:            raw: 0000_0080_0001
2024-07-18 15:45:06.375715 DEBUG BF_PORT 0:0:142:       AN speed: 10G_KR 
2024-07-18 15:45:06.376351 DEBUG BF_PORT FSM :0: 66:0: Set tx_output_en 1 <rc=0>
2024-07-18 15:45:06.376356 DEBUG BF_PORT FSM :0: 66:-: BF_AN_FSM_ST_WAIT_PLL1     --> BF_AN_FSM_ST_WAIT_BASE_PG 
2024-07-18 15:45:06.459381 DEBUG BF_PORT 0:0:142:            raw: 4000_00b6_4c21
2024-07-18 15:45:06.459411 DEBUG BF_PORT 0:0:142:       AN speed: 1000_KX 10G_KR 
2024-07-18 15:45:06.459438 DEBUG BF_PORT 0:0:142:       AN   fec: f0 (10G-FC FEC ABILITY) 
2024-07-18 15:45:06.459453 DEBUG BF_PORT 0:0:142:       AN  pause: c0 (RX) c1 (TX) 
2024-07-18 15:45:06.459464 DEBUG BF_PORT FSM :0: 66:0: LP BASE PG: 4000_00b6_4c21
2024-07-18 15:45:06.459482 DEBUG BF_PORT FSM :0: 66:-: BF_AN_FSM_ST_WAIT_BASE_PG  --> BF_AN_FSM_ST_WAIT_NEXT_PG 
2024-07-18 15:45:06.469801 DEBUG BF_PORT FSM :0: 66:0: AN GOOD (early) an_cmpl=0
2024-07-18 15:45:06.469818 DEBUG BF_PORT FSM :0: 66:-: BF_AN_FSM_ST_WAIT_NEXT_PG  --> BF_AN_FSM_ST_WAIT_AN_GOOD 
2024-07-18 15:45:06.471648 DEBUG BF_PORT FSM :0: 66:-: BF_AN_FSM_ST_WAIT_AN_GOOD  --> BF_AN_FSM_ST_WAIT_PLL2    
2024-07-18 15:45:06.483152 DEBUG BF_PORT AAPL: HCD Technology selected on serdes 0x8e: 10GBASE-KR
2024-07-18 15:45:06.483715 DEBUG BF_PORT FSM :0: 66:-: Enable MAC CH Tx : Disable MAC Rx
2024-07-18 15:45:06.483733 DEBUG BF_PORT MAC: DIS: 0:64:2 : Disable channel
2024-07-18 15:45:06.483756 DEBUG BF_PORT MAC: ENA: 0:64:2 : Enable channel
2024-07-18 15:45:06.483993 DEBUG BF_PORT FSM :0: 66:-: BF_AN_FSM_ST_WAIT_PLL2     --> BF_AN_FSM_ST_WAIT_AN_CMPLT
2024-07-18 15:45:06.595861 DEBUG BF_PORT 0:0:142: Link training: fail=0 : in_prg=1 : rx_trnd=0 : frm_lk=1 : rmt-rq=0 : lcl-rq=0 : RemRcvrRdy=1
2024-07-18 15:45:06.616332 DEBUG BF_PORT 0:0:142: Link training: fail=0 : in_prg=1 : rx_trnd=0 : frm_lk=1 : rmt-rq=0 : lcl-rq=0 : RemRcvrRdy=1
2024-07-18 15:45:06.636784 DEBUG BF_PORT 0:0:142: Link training: fail=0 : in_prg=1 : rx_trnd=0 : frm_lk=1 : rmt-rq=0 : lcl-rq=0 : RemRcvrRdy=1
2024-07-18 15:45:06.657250 DEBUG BF_PORT 0:0:142: Link training: fail=0 : in_prg=1 : rx_trnd=0 : frm_lk=1 : rmt-rq=0 : lcl-rq=0 : RemRcvrRdy=1
2024-07-18 15:45:06.675991 DEBUG BF_PORT 0:1:  9:            raw: 4000_e2b1_c081
2024-07-18 15:45:06.676011 DEBUG BF_PORT 0:1:  9:       AN speed: 1000_KX 10G_KR 40G_CR4 100G_CR4 25G_KRS_CRS 25G_KR_CR 
2024-07-18 15:45:06.676025 DEBUG BF_PORT 0:1:  9:       AN   fec: f0 (10G-FC FEC ABILITY) 
2024-07-18 15:45:06.676042 DEBUG BF_PORT FSM :0:180:0: LP BASE PG: 4000_e2b1_c081
2024-07-18 15:45:06.676457 DEBUG BF_PORT FSM :0:180:-: BF_AN_FSM_ST_WAIT_BASE_PG  --> BF_AN_FSM_ST_WAIT_NEXT_PG 
2024-07-18 15:45:06.677772 DEBUG BF_PORT 0:0:142: Link training: fail=0 : in_prg=1 : rx_trnd=0 : frm_lk=1 : rmt-rq=0 : lcl-rq=0 : RemRcvrRdy=1
2024-07-18 15:45:06.687086 DEBUG BF_PORT FSM :0:180:0: LP NEXT PG: 04df_0353_e805
2024-07-18 15:45:06.698251 DEBUG BF_PORT FSM :0:180:0: LP NEXT PG: 0300_0220_c203
2024-07-18 15:45:06.698904 DEBUG BF_PORT 0:0:142: Link training: fail=0 : in_prg=1 : rx_trnd=0 : frm_lk=1 : rmt-rq=0 : lcl-rq=0 : RemRcvrRdy=1
2024-07-18 15:45:06.709312 DEBUG BF_PORT FSM :0:180:0: LP NEXT PG: 00b2_0000_e805
2024-07-18 15:45:06.719435 DEBUG BF_PORT 0:0:142: Link training: fail=0 : in_prg=1 : rx_trnd=0 : frm_lk=1 : rmt-rq=0 : lcl-rq=0 : RemRcvrRdy=1
2024-07-18 15:45:06.720338 DEBUG BF_PORT FSM :0:180:0: LP NEXT PG: 0000_0008_c200
2024-07-18 15:45:06.731204 DEBUG BF_PORT FSM :0:180:0: AN GOOD (early) an_cmpl=0
2024-07-18 15:45:06.731222 DEBUG BF_PORT FSM :0:180:-: BF_AN_FSM_ST_WAIT_NEXT_PG  --> BF_AN_FSM_ST_WAIT_AN_GOOD 
2024-07-18 15:45:06.732959 DEBUG BF_PORT FSM :0:180:-: BF_AN_FSM_ST_WAIT_AN_GOOD  --> BF_AN_FSM_ST_WAIT_PLL2    
2024-07-18 15:45:06.739865 DEBUG BF_PORT 0:0:142: Link training: fail=0 : in_prg=1 : rx_trnd=0 : frm_lk=1 : rmt-rq=0 : lcl-rq=0 : RemRcvrRdy=1
2024-07-18 15:45:06.744463 DEBUG BF_PORT AAPL: HCD Technology selected on serdes 0x109: 100GBASE-CR4
2024-07-18 15:45:06.746486 DEBUG BF_PORT FSM :0:180:-: Enable MAC CH Tx : Disable MAC Rx
2024-07-18 15:45:06.746519 DEBUG BF_PORT MAC: DIS: 0:34:0 : Disable channel
2024-07-18 15:45:06.746556 DEBUG BF_PORT MAC: ENA: 0:34:0 : Enable channel
2024-07-18 15:45:06.747399 DEBUG BF_PORT FSM :0:180:-: BF_AN_FSM_ST_WAIT_PLL2     --> BF_AN_FSM_ST_WAIT_AN_CMPLT
2024-07-18 15:45:06.760240 DEBUG BF_PORT 0:0:142: Link training: fail=0 : in_prg=1 : rx_trnd=0 : frm_lk=1 : rmt-rq=0 : lcl-rq=0 : RemRcvrRdy=1
2024-07-18 15:45:06.780642 DEBUG BF_PORT 0:0:142: Link training: fail=0 : in_prg=1 : rx_trnd=0 : frm_lk=1 : rmt-rq=0 : lcl-rq=0 : RemRcvrRdy=1
2024-07-18 15:45:06.801076 DEBUG BF_PORT 0:0:142: Link training: fail=0 : in_prg=0 : rx_trnd=1 : frm_lk=0 : rmt-rq=0 : lcl-rq=0 : RemRcvrRdy=1
2024-07-18 15:45:06.801093 DEBUG BF_PORT FSM :0: 66:-: LT: | complete | none     | none     | none     |
2024-07-18 15:45:06.801216 DEBUG BF_PORT FSM :0: 66:-: Enable MAC Rx
2024-07-18 15:45:06.801340 DEBUG BF_PORT FSM :0: 66:-: BF_AN_FSM_ST_WAIT_AN_CMPLT --> BF_AN_FSM_ST_WAIT_PCS_UP  
2024-07-18 15:45:06.818985 DEBUG BF_PORT 0:1:  9: Link training: fail=0 : in_prg=1 : rx_trnd=0 : frm_lk=1 : rmt-rq=0 : lcl-rq=0 : RemRcvrRdy=1
2024-07-18 15:45:06.819405 DEBUG BF_PORT 0:1: 11: Link training: fail=0 : in_prg=1 : rx_trnd=0 : frm_lk=1 : rmt-rq=0 : lcl-rq=0 : RemRcvrRdy=1
2024-07-18 15:45:06.839971 DEBUG BF_PORT 0:1:  9: Link training: fail=0 : in_prg=1 : rx_trnd=0 : frm_lk=1 : rmt-rq=0 : lcl-rq=0 : RemRcvrRdy=1
2024-07-18 15:45:06.840388 DEBUG BF_PORT 0:1: 11: Link training: fail=0 : in_prg=1 : rx_trnd=0 : frm_lk=1 : rmt-rq=0 : lcl-rq=0 : RemRcvrRdy=1
2024-07-18 15:45:06.860938 DEBUG BF_PORT 0:1:  9: Link training: fail=0 : in_prg=1 : rx_trnd=0 : frm_lk=1 : rmt-rq=0 : lcl-rq=0 : RemRcvrRdy=1
2024-07-18 15:45:06.861157 DEBUG BF_PORT 0:1: 10: Link training: fail=0 : in_prg=1 : rx_trnd=0 : frm_lk=1 : rmt-rq=0 : lcl-rq=0 : RemRcvrRdy=1
2024-07-18 15:45:06.861369 DEBUG BF_PORT 0:1: 11: Link training: fail=0 : in_prg=1 : rx_trnd=0 : frm_lk=1 : rmt-rq=0 : lcl-rq=0 : RemRcvrRdy=1
2024-07-18 15:45:06.861586 DEBUG BF_PORT 0:1: 12: Link training: fail=0 : in_prg=1 : rx_trnd=0 : frm_lk=1 : rmt-rq=0 : lcl-rq=0 : RemRcvrRdy=1
2024-07-18 15:45:06.881921 DEBUG BF_PORT 0:1:  9: Link training: fail=0 : in_prg=1 : rx_trnd=0 : frm_lk=1 : rmt-rq=0 : lcl-rq=0 : RemRcvrRdy=1
2024-07-18 15:45:06.882137 DEBUG BF_PORT 0:1: 10: Link training: fail=0 : in_prg=1 : rx_trnd=0 : frm_lk=1 : rmt-rq=0 : lcl-rq=0 : RemRcvrRdy=1
2024-07-18 15:45:06.882349 DEBUG BF_PORT 0:1: 11: Link training: fail=0 : in_prg=1 : rx_trnd=0 : frm_lk=1 : rmt-rq=0 : lcl-rq=0 : RemRcvrRdy=1
2024-07-18 15:45:06.882563 DEBUG BF_PORT 0:1: 12: Link training: fail=0 : in_prg=1 : rx_trnd=0 : frm_lk=1 : rmt-rq=0 : lcl-rq=0 : RemRcvrRdy=1
2024-07-18 15:45:06.902897 DEBUG BF_PORT 0:1:  9: Link training: fail=0 : in_prg=1 : rx_trnd=0 : frm_lk=1 : rmt-rq=0 : lcl-rq=0 : RemRcvrRdy=1
2024-07-18 15:45:06.903114 DEBUG BF_PORT 0:1: 10: Link training: fail=0 : in_prg=1 : rx_trnd=0 : frm_lk=1 : rmt-rq=0 : lcl-rq=0 : RemRcvrRdy=1
2024-07-18 15:45:06.903327 DEBUG BF_PORT 0:1: 11: Link training: fail=0 : in_prg=1 : rx_trnd=0 : frm_lk=1 : rmt-rq=0 : lcl-rq=0 : RemRcvrRdy=1
2024-07-18 15:45:06.903541 DEBUG BF_PORT 0:1: 12: Link training: fail=0 : in_prg=1 : rx_trnd=0 : frm_lk=1 : rmt-rq=0 : lcl-rq=0 : RemRcvrRdy=1
2024-07-18 15:45:06.923874 DEBUG BF_PORT 0:1:  9: Link training: fail=0 : in_prg=1 : rx_trnd=0 : frm_lk=1 : rmt-rq=0 : lcl-rq=0 : RemRcvrRdy=1
2024-07-18 15:45:06.924107 DEBUG BF_PORT 0:1: 10: Link training: fail=0 : in_prg=1 : rx_trnd=0 : frm_lk=1 : rmt-rq=0 : lcl-rq=0 : RemRcvrRdy=1
2024-07-18 15:45:06.924320 DEBUG BF_PORT 0:1: 11: Link training: fail=0 : in_prg=1 : rx_trnd=0 : frm_lk=1 : rmt-rq=0 : lcl-rq=0 : RemRcvrRdy=1
2024-07-18 15:45:06.924536 DEBUG BF_PORT 0:1: 12: Link training: fail=0 : in_prg=1 : rx_trnd=0 : frm_lk=1 : rmt-rq=0 : lcl-rq=0 : RemRcvrRdy=1
2024-07-18 15:45:06.944845 DEBUG BF_PORT 0:1:  9: Link training: fail=0 : in_prg=1 : rx_trnd=0 : frm_lk=1 : rmt-rq=0 : lcl-rq=0 : RemRcvrRdy=1
2024-07-18 15:45:06.945063 DEBUG BF_PORT 0:1: 10: Link training: fail=0 : in_prg=1 : rx_trnd=0 : frm_lk=1 : rmt-rq=0 : lcl-rq=0 : RemRcvrRdy=1
2024-07-18 15:45:06.945275 DEBUG BF_PORT 0:1: 11: Link training: fail=0 : in_prg=1 : rx_trnd=0 : frm_lk=1 : rmt-rq=0 : lcl-rq=0 : RemRcvrRdy=1
2024-07-18 15:45:06.945488 DEBUG BF_PORT 0:1: 12: Link training: fail=0 : in_prg=1 : rx_trnd=0 : frm_lk=1 : rmt-rq=0 : lcl-rq=0 : RemRcvrRdy=1
2024-07-18 15:45:06.965846 DEBUG BF_PORT 0:1:  9: Link training: fail=0 : in_prg=1 : rx_trnd=0 : frm_lk=1 : rmt-rq=0 : lcl-rq=0 : RemRcvrRdy=1
2024-07-18 15:45:06.966063 DEBUG BF_PORT 0:1: 10: Link training: fail=0 : in_prg=1 : rx_trnd=0 : frm_lk=1 : rmt-rq=0 : lcl-rq=0 : RemRcvrRdy=1
2024-07-18 15:45:06.966276 DEBUG BF_PORT 0:1: 11: Link training: fail=0 : in_prg=1 : rx_trnd=0 : frm_lk=1 : rmt-rq=0 : lcl-rq=0 : RemRcvrRdy=1
2024-07-18 15:45:06.966488 DEBUG BF_PORT 0:1: 12: Link training: fail=0 : in_prg=1 : rx_trnd=0 : frm_lk=1 : rmt-rq=0 : lcl-rq=0 : RemRcvrRdy=1
2024-07-18 15:45:06.986845 DEBUG BF_PORT 0:1:  9: Link training: fail=0 : in_prg=0 : rx_trnd=1 : frm_lk=0 : rmt-rq=0 : lcl-rq=0 : RemRcvrRdy=1
2024-07-18 15:45:06.987062 DEBUG BF_PORT 0:1: 10: Link training: fail=0 : in_prg=1 : rx_trnd=0 : frm_lk=1 : rmt-rq=0 : lcl-rq=0 : RemRcvrRdy=1
2024-07-18 15:45:06.987275 DEBUG BF_PORT 0:1: 11: Link training: fail=0 : in_prg=1 : rx_trnd=0 : frm_lk=1 : rmt-rq=0 : lcl-rq=0 : RemRcvrRdy=1
2024-07-18 15:45:06.987487 DEBUG BF_PORT 0:1: 12: Link training: fail=0 : in_prg=1 : rx_trnd=0 : frm_lk=1 : rmt-rq=0 : lcl-rq=0 : RemRcvrRdy=1
2024-07-18 15:45:06.987510 DEBUG BF_PORT FSM :0:180:-: LT: | complete | running  | running  | running  |
2024-07-18 15:45:07.007838 DEBUG BF_PORT 0:1:  9: Link training: fail=0 : in_prg=0 : rx_trnd=1 : frm_lk=0 : rmt-rq=0 : lcl-rq=0 : RemRcvrRdy=1
2024-07-18 15:45:07.008073 DEBUG BF_PORT 0:1: 10: Link training: fail=0 : in_prg=1 : rx_trnd=0 : frm_lk=1 : rmt-rq=0 : lcl-rq=0 : RemRcvrRdy=1
2024-07-18 15:45:07.008287 DEBUG BF_PORT 0:1: 11: Link training: fail=0 : in_prg=1 : rx_trnd=0 : frm_lk=1 : rmt-rq=0 : lcl-rq=0 : RemRcvrRdy=1
2024-07-18 15:45:07.008502 DEBUG BF_PORT 0:1: 12: Link training: fail=0 : in_prg=1 : rx_trnd=0 : frm_lk=1 : rmt-rq=0 : lcl-rq=0 : RemRcvrRdy=1
2024-07-18 15:45:07.008518 DEBUG BF_PORT FSM :0:180:-: LT: | complete | running  | running  | running  |
2024-07-18 15:45:07.028839 DEBUG BF_PORT 0:1:  9: Link training: fail=0 : in_prg=0 : rx_trnd=1 : frm_lk=0 : rmt-rq=0 : lcl-rq=0 : RemRcvrRdy=1
2024-07-18 15:45:07.029057 DEBUG BF_PORT 0:1: 10: Link training: fail=0 : in_prg=1 : rx_trnd=0 : frm_lk=1 : rmt-rq=0 : lcl-rq=0 : RemRcvrRdy=1
2024-07-18 15:45:07.029271 DEBUG BF_PORT 0:1: 11: Link training: fail=0 : in_prg=0 : rx_trnd=1 : frm_lk=0 : rmt-rq=0 : lcl-rq=0 : RemRcvrRdy=1
2024-07-18 15:45:07.029485 DEBUG BF_PORT 0:1: 12: Link training: fail=0 : in_prg=1 : rx_trnd=0 : frm_lk=1 : rmt-rq=0 : lcl-rq=0 : RemRcvrRdy=1
2024-07-18 15:45:07.029500 DEBUG BF_PORT FSM :0:180:-: LT: | complete | running  | complete | running  |
2024-07-18 15:45:07.049837 DEBUG BF_PORT 0:1:  9: Link training: fail=0 : in_prg=0 : rx_trnd=1 : frm_lk=0 : rmt-rq=0 : lcl-rq=0 : RemRcvrRdy=1
2024-07-18 15:45:07.050057 DEBUG BF_PORT 0:1: 10: Link training: fail=0 : in_prg=1 : rx_trnd=0 : frm_lk=1 : rmt-rq=0 : lcl-rq=0 : RemRcvrRdy=1
2024-07-18 15:45:07.050270 DEBUG BF_PORT 0:1: 11: Link training: fail=0 : in_prg=0 : rx_trnd=1 : frm_lk=0 : rmt-rq=0 : lcl-rq=0 : RemRcvrRdy=1
2024-07-18 15:45:07.050482 DEBUG BF_PORT 0:1: 12: Link training: fail=0 : in_prg=0 : rx_trnd=1 : frm_lk=0 : rmt-rq=0 : lcl-rq=0 : RemRcvrRdy=1
2024-07-18 15:45:07.050506 DEBUG BF_PORT FSM :0:180:-: LT: | complete | running  | complete | complete |
2024-07-18 15:45:07.070844 DEBUG BF_PORT 0:1:  9: Link training: fail=0 : in_prg=0 : rx_trnd=1 : frm_lk=0 : rmt-rq=0 : lcl-rq=0 : RemRcvrRdy=1
2024-07-18 15:45:07.071064 DEBUG BF_PORT 0:1: 10: Link training: fail=0 : in_prg=0 : rx_trnd=1 : frm_lk=0 : rmt-rq=0 : lcl-rq=0 : RemRcvrRdy=1
2024-07-18 15:45:07.071276 DEBUG BF_PORT 0:1: 11: Link training: fail=0 : in_prg=0 : rx_trnd=1 : frm_lk=0 : rmt-rq=0 : lcl-rq=0 : RemRcvrRdy=1
2024-07-18 15:45:07.071489 DEBUG BF_PORT 0:1: 12: Link training: fail=0 : in_prg=0 : rx_trnd=1 : frm_lk=0 : rmt-rq=0 : lcl-rq=0 : RemRcvrRdy=1
2024-07-18 15:45:07.071506 DEBUG BF_PORT FSM :0:180:-: LT: | complete | complete | complete | complete |
2024-07-18 15:45:07.071618 DEBUG BF_PORT FSM :0:180:-: Enable MAC Rx
2024-07-18 15:45:07.072033 DEBUG BF_PORT FSM :0:180:-: BF_AN_FSM_ST_WAIT_AN_CMPLT --> BF_AN_FSM_ST_WAIT_PCS_UP  
2024-07-18 15:45:07.257611 DEBUG BF_PORT 0:1: 42:            raw: 4000_e2b9_c121
2024-07-18 15:45:07.257642 DEBUG BF_PORT 0:1: 42:       AN speed: 1000_KX 10G_KR 40G_CR4 100G_CR4 25G_KRS_CRS 25G_KR_CR 
2024-07-18 15:45:07.257654 DEBUG BF_PORT 0:1: 42:       AN   fec: f0 (10G-FC FEC ABILITY) 
2024-07-18 15:45:07.257666 DEBUG BF_PORT FSM :0:148:0: LP BASE PG: 4000_e2b9_c121
2024-07-18 15:45:07.258078 DEBUG BF_PORT FSM :0:148:-: BF_AN_FSM_ST_WAIT_BASE_PG  --> BF_AN_FSM_ST_WAIT_NEXT_PG 
2024-07-18 15:45:07.268615 DEBUG BF_PORT FSM :0:148:0: LP NEXT PG: 04df_0353_e805
2024-07-18 15:45:07.279879 DEBUG BF_PORT FSM :0:148:0: LP NEXT PG: 0300_0220_c203
2024-07-18 15:45:07.291152 DEBUG BF_PORT FSM :0:148:0: LP NEXT PG: 00b2_0000_e805
2024-07-18 15:45:07.302437 DEBUG BF_PORT FSM :0:148:0: LP NEXT PG: 0000_0008_c200
2024-07-18 15:45:07.313073 DEBUG BF_PORT FSM :0:148:0: AN GOOD (early) an_cmpl=0
2024-07-18 15:45:07.313089 DEBUG BF_PORT FSM :0:148:-: BF_AN_FSM_ST_WAIT_NEXT_PG  --> BF_AN_FSM_ST_WAIT_AN_GOOD 
2024-07-18 15:45:07.314870 DEBUG BF_PORT FSM :0:148:-: BF_AN_FSM_ST_WAIT_AN_GOOD  --> BF_AN_FSM_ST_WAIT_PLL2    
2024-07-18 15:45:07.326549 DEBUG BF_PORT AAPL: HCD Technology selected on serdes 0x12a: 100GBASE-CR4
2024-07-18 15:45:07.328484 DEBUG BF_PORT FSM :0:148:-: Enable MAC CH Tx : Disable MAC Rx
2024-07-18 15:45:07.328501 DEBUG BF_PORT MAC: DIS: 0:42:0 : Disable channel
2024-07-18 15:45:07.328523 DEBUG BF_PORT MAC: ENA: 0:42:0 : Enable channel
2024-07-18 15:45:07.329342 DEBUG BF_PORT FSM :0:148:-: BF_AN_FSM_ST_WAIT_PLL2     --> BF_AN_FSM_ST_WAIT_AN_CMPLT
2024-07-18 15:45:07.400798 DEBUG BF_PORT 0:1: 42: Link training: fail=0 : in_prg=1 : rx_trnd=0 : frm_lk=1 : rmt-rq=0 : lcl-rq=0 : RemRcvrRdy=1
2024-07-18 15:45:07.401223 DEBUG BF_PORT 0:1: 44: Link training: fail=0 : in_prg=1 : rx_trnd=0 : frm_lk=1 : rmt-rq=0 : lcl-rq=0 : RemRcvrRdy=1
2024-07-18 15:45:07.421713 DEBUG BF_PORT 0:1: 42: Link training: fail=0 : in_prg=1 : rx_trnd=0 : frm_lk=1 : rmt-rq=0 : lcl-rq=0 : RemRcvrRdy=1
2024-07-18 15:45:07.422134 DEBUG BF_PORT 0:1: 44: Link training: fail=0 : in_prg=1 : rx_trnd=0 : frm_lk=1 : rmt-rq=0 : lcl-rq=0 : RemRcvrRdy=1
2024-07-18 15:45:07.422355 DEBUG BF_PORT 0:1: 45: Link training: fail=0 : in_prg=1 : rx_trnd=0 : frm_lk=1 : rmt-rq=0 : lcl-rq=0 : RemRcvrRdy=1
2024-07-18 15:45:07.442640 DEBUG BF_PORT 0:1: 42: Link training: fail=0 : in_prg=1 : rx_trnd=0 : frm_lk=1 : rmt-rq=0 : lcl-rq=0 : RemRcvrRdy=1
2024-07-18 15:45:07.442860 DEBUG BF_PORT 0:1: 43: Link training: fail=0 : in_prg=1 : rx_trnd=0 : frm_lk=1 : rmt-rq=0 : lcl-rq=0 : RemRcvrRdy=1
2024-07-18 15:45:07.443079 DEBUG BF_PORT 0:1: 44: Link training: fail=0 : in_prg=1 : rx_trnd=0 : frm_lk=1 : rmt-rq=0 : lcl-rq=0 : RemRcvrRdy=1
2024-07-18 15:45:07.443299 DEBUG BF_PORT 0:1: 45: Link training: fail=0 : in_prg=1 : rx_trnd=0 : frm_lk=1 : rmt-rq=0 : lcl-rq=0 : RemRcvrRdy=1
2024-07-18 15:45:07.463581 DEBUG BF_PORT 0:1: 42: Link training: fail=0 : in_prg=1 : rx_trnd=0 : frm_lk=1 : rmt-rq=0 : lcl-rq=0 : RemRcvrRdy=1
2024-07-18 15:45:07.463812 DEBUG BF_PORT 0:1: 43: Link training: fail=0 : in_prg=1 : rx_trnd=0 : frm_lk=1 : rmt-rq=0 : lcl-rq=0 : RemRcvrRdy=1
2024-07-18 15:45:07.464026 DEBUG BF_PORT 0:1: 44: Link training: fail=0 : in_prg=1 : rx_trnd=0 : frm_lk=1 : rmt-rq=0 : lcl-rq=0 : RemRcvrRdy=1
2024-07-18 15:45:07.464251 DEBUG BF_PORT 0:1: 45: Link training: fail=0 : in_prg=1 : rx_trnd=0 : frm_lk=1 : rmt-rq=0 : lcl-rq=0 : RemRcvrRdy=1
2024-07-18 15:45:07.484590 DEBUG BF_PORT 0:1: 42: Link training: fail=0 : in_prg=1 : rx_trnd=0 : frm_lk=1 : rmt-rq=0 : lcl-rq=0 : RemRcvrRdy=1
2024-07-18 15:45:07.484810 DEBUG BF_PORT 0:1: 43: Link training: fail=0 : in_prg=1 : rx_trnd=0 : frm_lk=1 : rmt-rq=0 : lcl-rq=0 : RemRcvrRdy=1
2024-07-18 15:45:07.485022 DEBUG BF_PORT 0:1: 44: Link training: fail=0 : in_prg=1 : rx_trnd=0 : frm_lk=1 : rmt-rq=0 : lcl-rq=0 : RemRcvrRdy=1
2024-07-18 15:45:07.485247 DEBUG BF_PORT 0:1: 45: Link training: fail=0 : in_prg=1 : rx_trnd=0 : frm_lk=1 : rmt-rq=0 : lcl-rq=0 : RemRcvrRdy=1
2024-07-18 15:45:07.505562 DEBUG BF_PORT 0:1: 42: Link training: fail=0 : in_prg=1 : rx_trnd=0 : frm_lk=1 : rmt-rq=0 : lcl-rq=0 : RemRcvrRdy=1
2024-07-18 15:45:07.505782 DEBUG BF_PORT 0:1: 43: Link training: fail=0 : in_prg=1 : rx_trnd=0 : frm_lk=1 : rmt-rq=0 : lcl-rq=0 : RemRcvrRdy=1
2024-07-18 15:45:07.505995 DEBUG BF_PORT 0:1: 44: Link training: fail=0 : in_prg=1 : rx_trnd=0 : frm_lk=1 : rmt-rq=0 : lcl-rq=0 : RemRcvrRdy=1
2024-07-18 15:45:07.506214 DEBUG BF_PORT 0:1: 45: Link training: fail=0 : in_prg=1 : rx_trnd=0 : frm_lk=1 : rmt-rq=0 : lcl-rq=0 : RemRcvrRdy=1
2024-07-18 15:45:07.526535 DEBUG BF_PORT 0:1: 42: Link training: fail=0 : in_prg=1 : rx_trnd=0 : frm_lk=1 : rmt-rq=0 : lcl-rq=0 : RemRcvrRdy=1
2024-07-18 15:45:07.526760 DEBUG BF_PORT 0:1: 43: Link training: fail=0 : in_prg=1 : rx_trnd=0 : frm_lk=1 : rmt-rq=0 : lcl-rq=0 : RemRcvrRdy=1
2024-07-18 15:45:07.526976 DEBUG BF_PORT 0:1: 44: Link training: fail=0 : in_prg=1 : rx_trnd=0 : frm_lk=1 : rmt-rq=0 : lcl-rq=0 : RemRcvrRdy=1
2024-07-18 15:45:07.527195 DEBUG BF_PORT 0:1: 45: Link training: fail=0 : in_prg=1 : rx_trnd=0 : frm_lk=1 : rmt-rq=0 : lcl-rq=0 : RemRcvrRdy=1
2024-07-18 15:45:07.547513 DEBUG BF_PORT 0:1: 42: Link training: fail=0 : in_prg=1 : rx_trnd=0 : frm_lk=1 : rmt-rq=0 : lcl-rq=0 : RemRcvrRdy=1
2024-07-18 15:45:07.547732 DEBUG BF_PORT 0:1: 43: Link training: fail=0 : in_prg=1 : rx_trnd=0 : frm_lk=1 : rmt-rq=0 : lcl-rq=0 : RemRcvrRdy=1
2024-07-18 15:45:07.547946 DEBUG BF_PORT 0:1: 44: Link training: fail=0 : in_prg=1 : rx_trnd=0 : frm_lk=1 : rmt-rq=0 : lcl-rq=0 : RemRcvrRdy=1
2024-07-18 15:45:07.548168 DEBUG BF_PORT 0:1: 45: Link training: fail=0 : in_prg=1 : rx_trnd=0 : frm_lk=1 : rmt-rq=0 : lcl-rq=0 : RemRcvrRdy=1
2024-07-18 15:45:07.568505 DEBUG BF_PORT 0:1: 42: Link training: fail=0 : in_prg=1 : rx_trnd=0 : frm_lk=1 : rmt-rq=0 : lcl-rq=0 : RemRcvrRdy=1
2024-07-18 15:45:07.568726 DEBUG BF_PORT 0:1: 43: Link training: fail=0 : in_prg=1 : rx_trnd=0 : frm_lk=1 : rmt-rq=0 : lcl-rq=0 : RemRcvrRdy=1
2024-07-18 15:45:07.568938 DEBUG BF_PORT 0:1: 44: Link training: fail=0 : in_prg=1 : rx_trnd=0 : frm_lk=1 : rmt-rq=0 : lcl-rq=0 : RemRcvrRdy=1
2024-07-18 15:45:07.569158 DEBUG BF_PORT 0:1: 45: Link training: fail=0 : in_prg=1 : rx_trnd=0 : frm_lk=1 : rmt-rq=0 : lcl-rq=0 : RemRcvrRdy=1
2024-07-18 15:45:07.589414 DEBUG BF_PORT 0:1: 42: Link training: fail=0 : in_prg=1 : rx_trnd=0 : frm_lk=1 : rmt-rq=0 : lcl-rq=0 : RemRcvrRdy=1
2024-07-18 15:45:07.589644 DEBUG BF_PORT 0:1: 43: Link training: fail=0 : in_prg=1 : rx_trnd=0 : frm_lk=1 : rmt-rq=0 : lcl-rq=0 : RemRcvrRdy=1
2024-07-18 15:45:07.589856 DEBUG BF_PORT 0:1: 44: Link training: fail=0 : in_prg=1 : rx_trnd=0 : frm_lk=1 : rmt-rq=0 : lcl-rq=0 : RemRcvrRdy=1
2024-07-18 15:45:07.590076 DEBUG BF_PORT 0:1: 45: Link training: fail=0 : in_prg=0 : rx_trnd=1 : frm_lk=0 : rmt-rq=0 : lcl-rq=0 : RemRcvrRdy=1
2024-07-18 15:45:07.590089 DEBUG BF_PORT FSM :0:148:-: LT: | running  | running  | running  | complete |
2024-07-18 15:45:07.610330 DEBUG BF_PORT 0:1: 42: Link training: fail=0 : in_prg=0 : rx_trnd=1 : frm_lk=0 : rmt-rq=0 : lcl-rq=0 : RemRcvrRdy=1
2024-07-18 15:45:07.610564 DEBUG BF_PORT 0:1: 43: Link training: fail=0 : in_prg=1 : rx_trnd=0 : frm_lk=1 : rmt-rq=0 : lcl-rq=0 : RemRcvrRdy=1
2024-07-18 15:45:07.610791 DEBUG BF_PORT 0:1: 44: Link training: fail=0 : in_prg=0 : rx_trnd=1 : frm_lk=0 : rmt-rq=0 : lcl-rq=0 : RemRcvrRdy=1
2024-07-18 15:45:07.611003 DEBUG BF_PORT 0:1: 45: Link training: fail=0 : in_prg=0 : rx_trnd=1 : frm_lk=0 : rmt-rq=0 : lcl-rq=0 : RemRcvrRdy=1
2024-07-18 15:45:07.611016 DEBUG BF_PORT FSM :0:148:-: LT: | complete | running  | complete | complete |
2024-07-18 15:45:07.631261 DEBUG BF_PORT 0:1: 42: Link training: fail=0 : in_prg=0 : rx_trnd=1 : frm_lk=0 : rmt-rq=0 : lcl-rq=0 : RemRcvrRdy=1
2024-07-18 15:45:07.631489 DEBUG BF_PORT 0:1: 43: Link training: fail=0 : in_prg=1 : rx_trnd=0 : frm_lk=1 : rmt-rq=0 : lcl-rq=0 : RemRcvrRdy=1
2024-07-18 15:45:07.631706 DEBUG BF_PORT 0:1: 44: Link training: fail=0 : in_prg=0 : rx_trnd=1 : frm_lk=0 : rmt-rq=0 : lcl-rq=0 : RemRcvrRdy=1
2024-07-18 15:45:07.631920 DEBUG BF_PORT 0:1: 45: Link training: fail=0 : in_prg=0 : rx_trnd=1 : frm_lk=0 : rmt-rq=0 : lcl-rq=0 : RemRcvrRdy=1
2024-07-18 15:45:07.631933 DEBUG BF_PORT FSM :0:148:-: LT: | complete | running  | complete | complete |
2024-07-18 15:45:07.652241 DEBUG BF_PORT 0:1: 42: Link training: fail=0 : in_prg=0 : rx_trnd=1 : frm_lk=0 : rmt-rq=0 : lcl-rq=0 : RemRcvrRdy=1
2024-07-18 15:45:07.652459 DEBUG BF_PORT 0:1: 43: Link training: fail=0 : in_prg=0 : rx_trnd=1 : frm_lk=0 : rmt-rq=0 : lcl-rq=0 : RemRcvrRdy=1
2024-07-18 15:45:07.652676 DEBUG BF_PORT 0:1: 44: Link training: fail=0 : in_prg=0 : rx_trnd=1 : frm_lk=0 : rmt-rq=0 : lcl-rq=0 : RemRcvrRdy=1
2024-07-18 15:45:07.652888 DEBUG BF_PORT 0:1: 45: Link training: fail=0 : in_prg=0 : rx_trnd=1 : frm_lk=0 : rmt-rq=0 : lcl-rq=0 : RemRcvrRdy=1
2024-07-18 15:45:07.652910 DEBUG BF_PORT FSM :0:148:-: LT: | complete | complete | complete | complete |
2024-07-18 15:45:07.653030 DEBUG BF_PORT FSM :0:148:-: Enable MAC Rx
2024-07-18 15:45:07.653446 DEBUG BF_PORT FSM :0:148:-: BF_AN_FSM_ST_WAIT_AN_CMPLT --> BF_AN_FSM_ST_WAIT_PCS_UP  
2024-07-18 15:45:07.801556 DEBUG BF_PORT FSM :0: 66:-: PCS sts=1 : blk-lk=0 : blk-lk-all=1 : hi-ber=0 : algn-lk-all=0 : algn-lk=0
2024-07-18 15:45:07.801633 DEBUG BF_PORT 0 : MAC64: CH2: oper: 0 live-st: 1 LF: 0 : RF:0 
2024-07-18 15:45:07.801653 DEBUG BF_PORT FSM :0: 66:-: Op=Up : PCS err-blk=165 : syn-lst=0 : bk-lk-lst=0 : hi_ber=0 : val-err=165 : unk-err=0 : inv-err=0 : bip=0
2024-07-18 15:45:07.801672 DEBUG BF_PORT 0 : MAC64: CH2: oper: 0 live-st: 1 LF: 0 : RF:0 
2024-07-18 15:45:07.803600 DEBUG BF_PORT FSM :0: 66:-: BF_AN_FSM_ST_WAIT_PCS_UP   --> BF_AN_FSM_ST_WAIT_DWN_EVNT
2024-07-18 15:45:07.803626 DEBUG BF_PORT 0: 66: --- Up
2024-07-18 15:45:07.803675 DEBUG BF_PM pm_port_link_status_chg_cb:2830 PM: Dev 0 : front port 33/2 (66) : UP
2024-07-18 15:45:08.072264 DEBUG BF_PORT FSM :0:180:-: RS FEC align status=1 : hi_ser=0 : uncorr=0
2024-07-18 15:45:08.653679 DEBUG BF_PORT FSM :0:148:-: RS FEC align status=1 : hi_ser=0 : uncorr=0
2024-07-18 15:45:09.072372 DEBUG BF_PORT FSM :0:180:-: RS FEC align status=1 : hi_ser=0 : uncorr=0
2024-07-18 15:45:09.654046 DEBUG BF_PORT FSM :0:148:-: RS FEC align status=1 : hi_ser=0 : uncorr=0
2024-07-18 15:45:10.072686 DEBUG BF_PORT FSM :0:180:-: RS FEC align status=1 : hi_ser=0 : uncorr=0
2024-07-18 15:45:10.072734 DEBUG BF_PORT 0 : MAC34: CH0: oper: 0 live-st: 1 LF: 0 : RF:0 
2024-07-18 15:45:10.072755 DEBUG BF_PORT 0 : MAC34: CH0: oper: 0 live-st: 1 LF: 0 : RF:0 
2024-07-18 15:45:10.079629 DEBUG BF_PORT FSM :0:180:-: BF_AN_FSM_ST_WAIT_PCS_UP   --> BF_AN_FSM_ST_WAIT_DWN_EVNT
2024-07-18 15:45:10.079649 DEBUG BF_PORT 0:180: --- Up
2024-07-18 15:45:10.079671 DEBUG BF_PM pm_port_link_status_chg_cb:2830 PM: Dev 0 : front port 7/0 (180) : UP
2024-07-18 15:45:10.654349 DEBUG BF_PORT FSM :0:148:-: RS FEC align status=0 : hi_ser=0 : uncorr=3
2024-07-18 15:45:11.654742 DEBUG BF_PORT FSM :0:148:-: RS FEC align status=1 : hi_ser=0 : uncorr=0
2024-07-18 15:45:12.655175 DEBUG BF_PORT FSM :0:148:-: RS FEC align status=1 : hi_ser=0 : uncorr=0
2024-07-18 15:45:13.655335 DEBUG BF_PORT FSM :0:148:-: RS FEC align status=1 : hi_ser=0 : uncorr=0
2024-07-18 15:45:13.655405 DEBUG BF_PORT 0 : MAC42: CH0: oper: 0 live-st: 1 LF: 0 : RF:0 
2024-07-18 15:45:13.655435 DEBUG BF_PORT 0 : MAC42: CH0: oper: 0 live-st: 1 LF: 0 : RF:0 
2024-07-18 15:45:13.662310 DEBUG BF_PORT FSM :0:148:-: BF_AN_FSM_ST_WAIT_PCS_UP   --> BF_AN_FSM_ST_WAIT_DWN_EVNT
2024-07-18 15:45:13.662330 DEBUG BF_PORT 0:148: --- Up
2024-07-18 15:45:13.662358 DEBUG BF_PM pm_port_link_status_chg_cb:2830 PM: Dev 0 : front port 3/0 (148) : UP
2024-07-18 15:56:29.078647 DEBUG BF_PLTFM Platform-mgr started 

2024-07-18 15:56:29.084611 DEBUG BF_PLTFM Checking path /tmp/.bf_platform_ingrasys
2024-07-18 15:56:29.092803 DEBUG BF_PLTFM Checking path /sys/bus/i2c/devices/0-0051/eeprom
2024-07-18 15:56:29.242643 DEBUG BF_PLTFM The platform ingrasys s9180_32x has been detected (1)
bd_id: 0x9180

2024-07-18 15:56:29.242774 DEBUG BF_PLTFM Parsing EEPROM DATA ...

2024-07-18 15:56:29.244681 DEBUG BF_PLTFM [sonic] prepare init spi

2024-07-18 15:56:29.244742 DEBUG BF_PLTFM Ready to init qsfp on platform ingrasys: 9180

2024-07-18 15:56:29.244786 DEBUG BF_PLTFM GPIO BASE is 256

2024-07-18 15:56:29.244898 DEBUG BF_PLTFM pltfm_mgr: health monitor initialized

2024-07-18 15:56:29.245327 DEBUG BF_PLTFM num_ports=33
2024-07-18 15:56:29.245360 DEBUG BF_PLTFM QSFP: Assert RESETL on all QSFPs
2024-07-18 15:56:29.245392 DEBUG BF_PLTFM QSFP:  1 : RESETL = true
2024-07-18 15:56:29.246409 DEBUG BF_PLTFM QSFP:  2 : RESETL = true
2024-07-18 15:56:29.247380 DEBUG BF_PLTFM QSFP:  3 : RESETL = true
2024-07-18 15:56:29.248340 DEBUG BF_PLTFM QSFP:  4 : RESETL = true
2024-07-18 15:56:29.249294 DEBUG BF_PLTFM QSFP:  5 : RESETL = true
2024-07-18 15:56:29.250241 DEBUG BF_PLTFM QSFP:  6 : RESETL = true
2024-07-18 15:56:29.251191 DEBUG BF_PLTFM QSFP:  7 : RESETL = true
2024-07-18 15:56:29.252152 DEBUG BF_PLTFM QSFP:  8 : RESETL = true
2024-07-18 15:56:29.253103 DEBUG BF_PLTFM QSFP:  9 : RESETL = true
2024-07-18 15:56:29.254072 DEBUG BF_PLTFM QSFP: 10 : RESETL = true
2024-07-18 15:56:29.255022 DEBUG BF_PLTFM QSFP: 11 : RESETL = true
2024-07-18 15:56:29.255980 DEBUG BF_PLTFM QSFP: 12 : RESETL = true
2024-07-18 15:56:29.256932 DEBUG BF_PLTFM QSFP: 13 : RESETL = true
2024-07-18 15:56:29.257894 DEBUG BF_PLTFM QSFP: 14 : RESETL = true
2024-07-18 15:56:29.258843 DEBUG BF_PLTFM QSFP: 15 : RESETL = true
2024-07-18 15:56:29.259810 DEBUG BF_PLTFM QSFP: 16 : RESETL = true
2024-07-18 15:56:29.260761 DEBUG BF_PLTFM QSFP: 17 : RESETL = true
2024-07-18 15:56:29.261723 DEBUG BF_PLTFM QSFP: 18 : RESETL = true
2024-07-18 15:56:29.262685 DEBUG BF_PLTFM QSFP: 19 : RESETL = true
2024-07-18 15:56:29.263632 DEBUG BF_PLTFM QSFP: 20 : RESETL = true
2024-07-18 15:56:29.264580 DEBUG BF_PLTFM QSFP: 21 : RESETL = true
2024-07-18 15:56:29.265534 DEBUG BF_PLTFM QSFP: 22 : RESETL = true
2024-07-18 15:56:29.266480 DEBUG BF_PLTFM QSFP: 23 : RESETL = true
2024-07-18 15:56:29.267444 DEBUG BF_PLTFM QSFP: 24 : RESETL = true
2024-07-18 15:56:29.268396 DEBUG BF_PLTFM QSFP: 25 : RESETL = true
2024-07-18 15:56:29.269363 DEBUG BF_PLTFM QSFP: 26 : RESETL = true
2024-07-18 15:56:29.270309 DEBUG BF_PLTFM QSFP: 27 : RESETL = true
2024-07-18 15:56:29.271257 DEBUG BF_PLTFM QSFP: 28 : RESETL = true
2024-07-18 15:56:29.272214 DEBUG BF_PLTFM QSFP: 29 : RESETL = true
2024-07-18 15:56:29.273171 DEBUG BF_PLTFM QSFP: 30 : RESETL = true
2024-07-18 15:56:29.274116 DEBUG BF_PLTFM QSFP: 31 : RESETL = true
2024-07-18 15:56:29.275073 DEBUG BF_PLTFM QSFP: 32 : RESETL = true
2024-07-18 15:56:29.276024 DEBUG BF_PLTFM QSFP: 33 : RESETL = true
2024-07-18 15:56:29.277124 DEBUG BF_PLTFM QSFP: Assert LPMODE and De-assert RESETL on all QSFPs
2024-07-18 15:56:29.277139 DEBUG BF_PLTFM QSFP:  1 : LPMODE = true
2024-07-18 15:56:29.278096 DEBUG BF_PLTFM QSFP:  1 : RESETL = false
2024-07-18 15:56:29.279058 DEBUG BF_PLTFM QSFP:  2 : LPMODE = true
2024-07-18 15:56:29.280011 DEBUG BF_PLTFM QSFP:  2 : RESETL = false
2024-07-18 15:56:29.280956 DEBUG BF_PLTFM QSFP:  3 : LPMODE = true
2024-07-18 15:56:29.281914 DEBUG BF_PLTFM QSFP:  3 : RESETL = false
2024-07-18 15:56:29.282879 DEBUG BF_PLTFM QSFP:  4 : LPMODE = true
2024-07-18 15:56:29.283830 DEBUG BF_PLTFM QSFP:  4 : RESETL = false
2024-07-18 15:56:29.284775 DEBUG BF_PLTFM QSFP:  5 : LPMODE = true
2024-07-18 15:56:29.285722 DEBUG BF_PLTFM QSFP:  5 : RESETL = false
2024-07-18 15:56:29.286668 DEBUG BF_PLTFM QSFP:  6 : LPMODE = true
2024-07-18 15:56:29.287632 DEBUG BF_PLTFM QSFP:  6 : RESETL = false
2024-07-18 15:56:29.288576 DEBUG BF_PLTFM QSFP:  7 : LPMODE = true
2024-07-18 15:56:29.289527 DEBUG BF_PLTFM QSFP:  7 : RESETL = false
2024-07-18 15:56:29.290473 DEBUG BF_PLTFM QSFP:  8 : LPMODE = true
2024-07-18 15:56:29.291416 DEBUG BF_PLTFM QSFP:  8 : RESETL = false
2024-07-18 15:56:29.292370 DEBUG BF_PLTFM QSFP:  9 : LPMODE = true
2024-07-18 15:56:29.293341 DEBUG BF_PLTFM QSFP:  9 : RESETL = false
2024-07-18 15:56:29.294290 DEBUG BF_PLTFM QSFP: 10 : LPMODE = true
2024-07-18 15:56:29.295238 DEBUG BF_PLTFM QSFP: 10 : RESETL = false
2024-07-18 15:56:29.296183 DEBUG BF_PLTFM QSFP: 11 : LPMODE = true
2024-07-18 15:56:29.297124 DEBUG BF_PLTFM QSFP: 11 : RESETL = false
2024-07-18 15:56:29.298079 DEBUG BF_PLTFM QSFP: 12 : LPMODE = true
2024-07-18 15:56:29.299029 DEBUG BF_PLTFM QSFP: 12 : RESETL = false
2024-07-18 15:56:29.299973 DEBUG BF_PLTFM QSFP: 13 : LPMODE = true
2024-07-18 15:56:29.300919 DEBUG BF_PLTFM QSFP: 13 : RESETL = false
2024-07-18 15:56:29.301873 DEBUG BF_PLTFM QSFP: 14 : LPMODE = true
2024-07-18 15:56:29.302825 DEBUG BF_PLTFM QSFP: 14 : RESETL = false
2024-07-18 15:56:29.303769 DEBUG BF_PLTFM QSFP: 15 : LPMODE = true
2024-07-18 15:56:29.304729 DEBUG BF_PLTFM QSFP: 15 : RESETL = false
2024-07-18 15:56:29.305682 DEBUG BF_PLTFM QSFP: 16 : LPMODE = true
2024-07-18 15:56:29.306626 DEBUG BF_PLTFM QSFP: 16 : RESETL = false
2024-07-18 15:56:29.307581 DEBUG BF_PLTFM QSFP: 17 : LPMODE = true
2024-07-18 15:56:29.308525 DEBUG BF_PLTFM QSFP: 17 : RESETL = false
2024-07-18 15:56:29.309473 DEBUG BF_PLTFM QSFP: 18 : LPMODE = true
2024-07-18 15:56:29.310416 DEBUG BF_PLTFM QSFP: 18 : RESETL = false
2024-07-18 15:56:29.311369 DEBUG BF_PLTFM QSFP: 19 : LPMODE = true
2024-07-18 15:56:29.312312 DEBUG BF_PLTFM QSFP: 19 : RESETL = false
2024-07-18 15:56:29.313268 DEBUG BF_PLTFM QSFP: 20 : LPMODE = true
2024-07-18 15:56:29.314219 DEBUG BF_PLTFM QSFP: 20 : RESETL = false
2024-07-18 15:56:29.315163 DEBUG BF_PLTFM QSFP: 21 : LPMODE = true
2024-07-18 15:56:29.316114 DEBUG BF_PLTFM QSFP: 21 : RESETL = false
2024-07-18 15:56:29.317070 DEBUG BF_PLTFM QSFP: 22 : LPMODE = true
2024-07-18 15:56:29.318022 DEBUG BF_PLTFM QSFP: 22 : RESETL = false
2024-07-18 15:56:29.318965 DEBUG BF_PLTFM QSFP: 23 : LPMODE = true
2024-07-18 15:56:29.319921 DEBUG BF_PLTFM QSFP: 23 : RESETL = false
2024-07-18 15:56:29.320875 DEBUG BF_PLTFM QSFP: 24 : LPMODE = true
2024-07-18 15:56:29.321822 DEBUG BF_PLTFM QSFP: 24 : RESETL = false
2024-07-18 15:56:29.322782 DEBUG BF_PLTFM QSFP: 25 : LPMODE = true
2024-07-18 15:56:29.323733 DEBUG BF_PLTFM QSFP: 25 : RESETL = false
2024-07-18 15:56:29.324685 DEBUG BF_PLTFM QSFP: 26 : LPMODE = true
2024-07-18 15:56:29.325631 DEBUG BF_PLTFM QSFP: 26 : RESETL = false
2024-07-18 15:56:29.326577 DEBUG BF_PLTFM QSFP: 27 : LPMODE = true
2024-07-18 15:56:29.327520 DEBUG BF_PLTFM QSFP: 27 : RESETL = false
2024-07-18 15:56:29.328482 DEBUG BF_PLTFM QSFP: 28 : LPMODE = true
2024-07-18 15:56:29.329432 DEBUG BF_PLTFM QSFP: 28 : RESETL = false
2024-07-18 15:56:29.330379 DEBUG BF_PLTFM QSFP: 29 : LPMODE = true
2024-07-18 15:56:29.331337 DEBUG BF_PLTFM QSFP: 29 : RESETL = false
2024-07-18 15:56:29.332290 DEBUG BF_PLTFM QSFP: 30 : LPMODE = true
2024-07-18 15:56:29.333234 DEBUG BF_PLTFM QSFP: 30 : RESETL = false
2024-07-18 15:56:29.334181 DEBUG BF_PLTFM QSFP: 31 : LPMODE = true
2024-07-18 15:56:29.335131 DEBUG BF_PLTFM QSFP: 31 : RESETL = false
2024-07-18 15:56:29.336085 DEBUG BF_PLTFM QSFP: 32 : LPMODE = true
2024-07-18 15:56:29.337039 DEBUG BF_PLTFM QSFP: 32 : RESETL = false
2024-07-18 15:56:29.337985 DEBUG BF_PLTFM QSFP: 33 : LPMODE = true
2024-07-18 15:56:29.338000 DEBUG BF_PLTFM QSFP: 33 : RESETL = false
2024-07-18 15:56:29.338027 DEBUG BF_PLTFM QSFP: Wait 2 sec (t_reset) for QSFPs to initialize..
2024-07-18 15:56:31.338607 DEBUG BF_DVM BF-SDE vesion: 9.2.0
2024-07-18 15:56:31.349548 INFO  BF_TM TM: Registered for device and port discovery
2024-07-18 15:56:31.373941 INFO  BF_DVM bf_pktmgr_device_add dev id 0, is_sw_model 0
2024-07-18 15:56:31.374150 DEBUG BF_LLD  Efuse settings:
2024-07-18 15:56:31.374157 DEBUG BF_LLD                0 : resubmit_disable
2024-07-18 15:56:31.374162 DEBUG BF_LLD                0 : mau_tcam_reduction
2024-07-18 15:56:31.374166 DEBUG BF_LLD                0 : mau_sram_reduction
2024-07-18 15:56:31.374171 DEBUG BF_LLD                0 : packet_generator_disable
2024-07-18 15:56:31.374175 DEBUG BF_LLD                5 : pipe_disable
2024-07-18 15:56:31.374180 DEBUG BF_LLD                0 : mau_stage_disable
2024-07-18 15:56:31.374184 DEBUG BF_LLD 0000000000000000 : port_disable (hi)
2024-07-18 15:56:31.374189 DEBUG BF_LLD aaaaaaaaaaaaaaaa : port_disable (lo)
2024-07-18 15:56:31.374193 DEBUG BF_LLD 0000000600000000 : tm_memory_disable
2024-07-18 15:56:31.374197 DEBUG BF_LLD                0 : port_speed_reduction
2024-07-18 15:56:31.374201 DEBUG BF_LLD                0 : cpu_port_speed_reduction
2024-07-18 15:56:31.374206 DEBUG BF_LLD                0 : pcie_lane_reduction
2024-07-18 15:56:31.374210 DEBUG BF_LLD                0 : baresync_disable
2024-07-18 15:56:31.374215 DEBUG BF_LLD                0 : frequency_reduction
2024-07-18 15:56:31.374218 DEBUG BF_LLD                0 : frequency_check_disable
2024-07-18 15:56:31.374224 DEBUG BF_LLD                0 : versioning
2024-07-18 15:56:31.374228 DEBUG BF_LLD                8 : chip_part_number
2024-07-18 15:56:31.374232 DEBUG BF_LLD                1 : part_revision_number
2024-07-18 15:56:31.374236 DEBUG BF_LLD                0 : package_id
2024-07-18 15:56:31.374241 DEBUG BF_LLD 50104e336ea59a85 : chip_id
2024-07-18 15:56:31.374245 DEBUG BF_LLD              502 : pmro_and_skew
2024-07-18 15:56:31.374249 DEBUG BF_LLD                5 : voltage_scaling
2024-07-18 15:56:31.374256 DEBUG BF_LLD Wafer-id: PV4W61-W25-X4-Y5
2024-07-18 15:56:31.374265 DEBUG BF_LLD TCU: 0 : Memory repair already done <bfdddddd>
2024-07-18 15:56:31.374285 DEBUG BF_LLD EFUSE: Set core clk to 1.22GHz, dev=0, PLL ctrl0 value=0xcd44cbfe
2024-07-18 15:56:31.482712 DEBUG BF_LLD Core PLL has not locked even after 100 ms; PLL Lock chip 0 dbg_rst 1fc
2024-07-18 15:56:31.482749 DEBUG BF_LLD [Unreset] Done after 1 polls
2024-07-18 15:56:31.502825 INFO  BF_DVM bf_device_add dev id 0, is_sw_model 0
2024-07-18 15:56:31.502866 DEBUG BF_PORT port_mgr_dev_add:57:0:0(warm_init_mode)
2024-07-18 15:56:31.502878 DEBUG BF_PORT port_mgr_tof1_dev_add:80:0
2024-07-18 15:56:31.502890 INFO  BF_PORT set chip part revision number, dev 0, part rev 1
2024-07-18 15:56:31.502926 DEBUG BF_PORT 0:-:-: sbus master fw: 101d_2001
2024-07-18 15:56:31.502935 DEBUG BF_PORT 0:-:-: PCIe serdes fw: 1066_2147
2024-07-18 15:56:31.502942 DEBUG BF_PORT 0:-:-:      serdes fw: 1091_244d
2024-07-18 15:56:31.502955 INFO  BF_PORT port_mgr_mac_block_init: core clock speed in ns = 1.220000
2024-07-18 15:56:31.505855 DEBUG BF_PORT SDS: SBMs disabled. No FW upload
2024-07-18 15:56:31.505978 DEBUG BF_PORT SDS: SBus CLK divider set to 5 (x32 mode)
2024-07-18 15:56:31.505994 DEBUG BF_PORT SDS: 0:0:3: Set ignore bcast
2024-07-18 15:56:31.506007 DEBUG BF_PORT 0:0:3 : PCIe access : addr=3h : reg=fdh : cmd=Read
2024-07-18 15:56:31.506077 DEBUG BF_PORT 0:0:3 : PCIe access : addr=3h : reg=fdh : cmd=write
2024-07-18 15:56:31.506143 DEBUG BF_PORT SDS: 0:0:5: Set ignore bcast
2024-07-18 15:56:31.506154 DEBUG BF_PORT 0:0:5 : PCIe access : addr=5h : reg=fdh : cmd=Read
2024-07-18 15:56:31.506217 DEBUG BF_PORT 0:0:5 : PCIe access : addr=5h : reg=fdh : cmd=write
2024-07-18 15:56:31.506281 DEBUG BF_PORT SDS: 0:0:7: Set ignore bcast
2024-07-18 15:56:31.506292 DEBUG BF_PORT 0:0:7 : PCIe access : addr=7h : reg=fdh : cmd=Read
2024-07-18 15:56:31.506357 DEBUG BF_PORT 0:0:7 : PCIe access : addr=7h : reg=fdh : cmd=write
2024-07-18 15:56:31.506426 DEBUG BF_PORT SDS: 0:0:9: Set ignore bcast
2024-07-18 15:56:31.506455 DEBUG BF_PORT 0:0:9 : PCIe access : addr=9h : reg=fdh : cmd=Read
2024-07-18 15:56:31.506520 DEBUG BF_PORT 0:0:9 : PCIe access : addr=9h : reg=fdh : cmd=write
2024-07-18 15:56:31.513632 DEBUG BF_PORT SDS: 0:0:255: FW load: broadcast
2024-07-18 15:56:31.513657 DEBUG BF_PORT SDS:         : FW path: /root/bf-sde-9.2.0/install/share/tofino_sds_fw/avago/firmware/serdes.0x1091_244D.rom
2024-07-18 15:56:31.513666 DEBUG BF_PORT SDS:         : FW ver : 1091
2024-07-18 15:56:31.516359 DEBUG BF_PORT 0:0:1 : PCIe access : addr=1h : reg=ffh : cmd=Read
2024-07-18 15:56:31.516438 DEBUG BF_PORT 0:0:2 : PCIe access : addr=2h : reg=ffh : cmd=Read
2024-07-18 15:56:31.516510 DEBUG BF_PORT 0:0:3 : PCIe access : addr=3h : reg=ffh : cmd=Read
2024-07-18 15:56:31.516582 DEBUG BF_PORT 0:0:3 : Errant PCIe access : addr=3h : reg=0h : cmd=Read
2024-07-18 15:56:31.516600 DEBUG BF_PORT 0:0:3 : Errant PCIe access : addr=3h : reg=1h : cmd=write
2024-07-18 15:56:31.516610 DEBUG BF_PORT 0:0:3 : PCIe access : addr=3h : reg=fdh : cmd=Read
2024-07-18 15:56:31.516676 DEBUG BF_PORT 0:0:4 : PCIe access : addr=4h : reg=ffh : cmd=Read
2024-07-18 15:56:31.516744 DEBUG BF_PORT 0:0:5 : PCIe access : addr=5h : reg=ffh : cmd=Read
2024-07-18 15:56:31.516819 DEBUG BF_PORT 0:0:5 : Errant PCIe access : addr=5h : reg=0h : cmd=Read
2024-07-18 15:56:31.516831 DEBUG BF_PORT 0:0:5 : Errant PCIe access : addr=5h : reg=1h : cmd=write
2024-07-18 15:56:31.516841 DEBUG BF_PORT 0:0:5 : PCIe access : addr=5h : reg=fdh : cmd=Read
2024-07-18 15:56:31.516906 DEBUG BF_PORT 0:0:6 : PCIe access : addr=6h : reg=ffh : cmd=Read
2024-07-18 15:56:31.516975 DEBUG BF_PORT 0:0:7 : PCIe access : addr=7h : reg=ffh : cmd=Read
2024-07-18 15:56:31.517043 DEBUG BF_PORT 0:0:7 : Errant PCIe access : addr=7h : reg=0h : cmd=Read
2024-07-18 15:56:31.517056 DEBUG BF_PORT 0:0:7 : Errant PCIe access : addr=7h : reg=1h : cmd=write
2024-07-18 15:56:31.517065 DEBUG BF_PORT 0:0:7 : PCIe access : addr=7h : reg=fdh : cmd=Read
2024-07-18 15:56:31.517132 DEBUG BF_PORT 0:0:8 : PCIe access : addr=8h : reg=ffh : cmd=Read
2024-07-18 15:56:31.517198 DEBUG BF_PORT 0:0:9 : PCIe access : addr=9h : reg=ffh : cmd=Read
2024-07-18 15:56:31.517265 DEBUG BF_PORT 0:0:9 : Errant PCIe access : addr=9h : reg=0h : cmd=Read
2024-07-18 15:56:31.517276 DEBUG BF_PORT 0:0:9 : Errant PCIe access : addr=9h : reg=1h : cmd=write
2024-07-18 15:56:31.517288 DEBUG BF_PORT 0:0:9 : PCIe access : addr=9h : reg=fdh : cmd=Read
2024-07-18 15:56:31.517352 DEBUG BF_PORT 0:0:10 : PCIe access : addr=ah : reg=ffh : cmd=Read
2024-07-18 15:56:32.011271 DEBUG BF_PORT 0:0:3 : PCIe access : addr=3h : reg=fdh : cmd=Read
2024-07-18 15:56:32.011351 DEBUG BF_PORT 0:0:5 : PCIe access : addr=5h : reg=fdh : cmd=Read
2024-07-18 15:56:32.011412 DEBUG BF_PORT 0:0:7 : PCIe access : addr=7h : reg=fdh : cmd=Read
2024-07-18 15:56:32.011471 DEBUG BF_PORT 0:0:9 : PCIe access : addr=9h : reg=fdh : cmd=Read
2024-07-18 15:56:32.510699 DEBUG BF_PORT SDS: 0:1:255: FW load: broadcast
2024-07-18 15:56:32.510709 DEBUG BF_PORT SDS:         : FW path: /root/bf-sde-9.2.0/install/share/tofino_sds_fw/avago/firmware/serdes.0x1091_244D.rom
2024-07-18 15:56:32.510715 DEBUG BF_PORT SDS:         : FW ver : 1091
2024-07-18 15:56:35.393107 INFO  BF_TM New device discovered... start TM init
2024-07-18 15:56:35.393155 INFO  BF_TM bf_tm_tofino_cfg: Tofino SKU is 2
2024-07-18 15:56:35.393161 INFO  BF_TM bf_tm_tofino_cfg: Tofino TM total cells - 266240
2024-07-18 15:56:35.393184 INFO  BF_TM PPG Structures initialized
2024-07-18 15:56:35.393350 INFO  BF_TM TM on device 0 is ready for hw configurations
2024-07-18 15:56:35.393356 INFO  BF_TM TM: set clock speed to 1220000000 for dev 0
2024-07-18 15:56:35.393360 INFO  BF_TM TM: set chip part revision number, dev 0, part rev 1
2024-07-18 15:56:35.393365 INFO  BF_TM TM: Configuring Tofino TM with default setting
2024-07-18 15:56:35.393368 INFO  BF_TM TM: Cells for 2 pkts - 40
2024-07-18 15:56:35.393372 INFO  BF_TM TM: Ingress Default PPG GMin limit - 40
2024-07-18 15:56:35.393375 INFO  BF_TM TM: Ingress PPG base limit in pool0 - 305
2024-07-18 15:56:35.393387 INFO  BF_TM TM: Ingress PPG GMin pool size - 11680
2024-07-18 15:56:35.393390 INFO  BF_TM TM: Ingress AP pool0 size - 89260
2024-07-18 15:56:35.393394 INFO  BF_TM TM: Ingress Skid pool size - 0
2024-07-18 15:56:35.393397 INFO  BF_TM TM: Ingress Mirror pool size - 1460
2024-07-18 15:56:35.393401 INFO  BF_TM TM: Egress Q GMin limit - 20
2024-07-18 15:56:35.393405 INFO  BF_TM TM: Egress Q base limit in AP pool0 - 13
2024-07-18 15:56:35.393409 INFO  BF_TM TM: Egress Q GMin pool size - 46080
2024-07-18 15:56:35.393412 INFO  BF_TM TM: Egress AP pool0 size - 30284
2024-07-18 15:56:35.393416 INFO  BF_TM TM: Egress AP pool3 size reserved for MC PRE FIFO - 12288
2024-07-18 15:56:35.393427 INFO  BF_TM TM: Egress Mirror pool size - 1460
2024-07-18 15:56:35.393431 INFO  BF_TM TM: Egress UC CT size  - 4096
2024-07-18 15:56:35.393434 INFO  BF_TM TM: Egress MC CT size  - 8192
2024-07-18 15:56:35.393443 INFO  BF_TM CAA block Ready Status = 0x3ffffff
2024-07-18 15:56:35.393447 INFO  BF_TM CAA block Ready
2024-07-18 15:56:35.393451 INFO  BF_TM CLC.CLM block Ready Status = 0xfffffff
2024-07-18 15:56:35.393454 INFO  BF_TM CLC.CLM block Ready
2024-07-18 15:56:35.393459 INFO  BF_TM QLC block[0] Ready Status = 0xffffffff
2024-07-18 15:56:35.393464 INFO  BF_TM QLC block[1] Ready Status = 0xf
2024-07-18 15:56:35.393467 INFO  BF_TM QLC block Ready
2024-07-18 15:56:35.393472 INFO  BF_TM PSC block Ready Status = 0xffffffff
2024-07-18 15:56:35.393476 INFO  BF_TM PSC block Ready
2024-07-18 15:56:35.393483 INFO  BF_TM Wac Mem init Done Status = 0x1
2024-07-18 15:56:35.393486 INFO  BF_TM Wac Mem init Complete 
2024-07-18 15:56:35.393491 INFO  BF_TM Qac Mem init Done Status = 0x1
2024-07-18 15:56:35.393495 INFO  BF_TM Qac Mem init Complete 
2024-07-18 15:56:35.393498 INFO  BF_TM SCH Mem init Complete 
2024-07-18 15:56:35.393502 INFO  BF_TM PRC Map Mem init done status = 0x1
2024-07-18 15:56:35.393506 INFO  BF_TM PRC Map Mem init Complete 
2024-07-18 15:56:35.393537 INFO  BF_TM TM: bf_tm_tofino_set_default_for_ig_pool: Set default values for Ingress Pools
2024-07-18 15:56:35.393543 WARN  BF_TM Traffic Manager buffer pool 0 pfc limit is higher or equal to pool size. PFC might not trigger based on pool usage
2024-07-18 15:56:35.393548 WARN  BF_TM Traffic Manager buffer pool 0 pfc limit is higher or equal to pool size. PFC might not trigger based on pool usage
2024-07-18 15:56:35.393551 WARN  BF_TM Traffic Manager buffer pool 0 pfc limit is higher or equal to pool size. PFC might not trigger based on pool usage
2024-07-18 15:56:35.393555 WARN  BF_TM Traffic Manager buffer pool 0 pfc limit is higher or equal to pool size. PFC might not trigger based on pool usage
2024-07-18 15:56:35.393559 WARN  BF_TM Traffic Manager buffer pool 0 pfc limit is higher or equal to pool size. PFC might not trigger based on pool usage
2024-07-18 15:56:35.393563 WARN  BF_TM Traffic Manager buffer pool 0 pfc limit is higher or equal to pool size. PFC might not trigger based on pool usage
2024-07-18 15:56:35.393566 WARN  BF_TM Traffic Manager buffer pool 0 pfc limit is higher or equal to pool size. PFC might not trigger based on pool usage
2024-07-18 15:56:35.393571 WARN  BF_TM Traffic Manager buffer pool 0 pfc limit is higher or equal to pool size. PFC might not trigger based on pool usage
2024-07-18 15:56:35.393575 INFO  BF_TM TM: bf_tm_tofino_set_default_for_ppg: Set default values for PPGs
2024-07-18 15:56:35.393901 INFO  BF_TM TM: bf_tm_tofino_set_egress_tm_default: Set default values for egress TM
2024-07-18 15:56:35.393908 INFO  BF_TM TM: bf_tm_tofino_set_default_for_eg_pool: Set default values for egress Pools
2024-07-18 15:56:35.393914 INFO  BF_TM TM: bf_tm_tofino_set_default_for_q: Set default values for egress queues
2024-07-18 15:56:35.396172 INFO  BF_TM TM: bf_tm_tofino_set_default_for_port: Set default values for egress ports
2024-07-18 15:56:35.396283 INFO  BF_TM TM on device 0 start interrupt processing
2024-07-18 15:56:35.396288 INFO  BF_TM TM: device 0, device type set to ASIC
2024-07-18 15:56:35.396499 DEBUG BF_TM TM: tm_start_cached_counters_timer:716 counter TIMER_START running dev 0 timer state 1
2024-07-18 15:56:35.396516 INFO  BF_TM TM on device 0 successfully initialized and configured
2024-07-18 15:56:35.397601 DEBUG BF_PORT SDS : 23/ 0 : 0: 3c:-: Lane map: Rx: <0, 1, 2, 3> : Tx: <0, 1, 2, 3>
2024-07-18 15:56:35.397632 DEBUG BF_PORT SDS : 24/ 0 : 0: 34:-: Lane map: Rx: <0, 1, 2, 3> : Tx: <0, 1, 2, 3>
2024-07-18 15:56:35.397652 DEBUG BF_PORT SDS : 21/ 0 : 0: 2c:-: Lane map: Rx: <0, 1, 2, 3> : Tx: <0, 1, 2, 3>
2024-07-18 15:56:35.397669 DEBUG BF_PORT SDS : 22/ 0 : 0: 24:-: Lane map: Rx: <0, 1, 2, 3> : Tx: <0, 1, 2, 3>
2024-07-18 15:56:35.397684 DEBUG BF_PORT SDS : 19/ 0 : 0: 1c:-: Lane map: Rx: <0, 1, 2, 3> : Tx: <0, 1, 2, 3>
2024-07-18 15:56:35.397701 DEBUG BF_PORT SDS : 20/ 0 : 0: 14:-: Lane map: Rx: <0, 1, 2, 3> : Tx: <0, 1, 2, 3>
2024-07-18 15:56:35.397718 DEBUG BF_PORT SDS : 18/ 0 : 0:  c:-: Lane map: Rx: <0, 1, 2, 3> : Tx: <0, 1, 2, 3>
2024-07-18 15:56:35.397733 DEBUG BF_PORT SDS : 17/ 0 : 0:  4:-: Lane map: Rx: <0, 1, 2, 3> : Tx: <0, 1, 2, 3>
2024-07-18 15:56:35.397749 DEBUG BF_PORT SDS : 16/ 0 : 0:  0:-: Lane map: Rx: <0, 1, 2, 3> : Tx: <0, 1, 2, 3>
2024-07-18 15:56:35.397762 DEBUG BF_PORT SDS : 15/ 0 : 0:  8:-: Lane map: Rx: <0, 1, 2, 3> : Tx: <0, 1, 2, 3>
2024-07-18 15:56:35.397781 DEBUG BF_PORT SDS : 14/ 0 : 0: 10:-: Lane map: Rx: <0, 1, 2, 3> : Tx: <0, 1, 2, 3>
2024-07-18 15:56:35.397795 DEBUG BF_PORT SDS : 13/ 0 : 0: 18:-: Lane map: Rx: <0, 1, 2, 3> : Tx: <0, 1, 2, 3>
2024-07-18 15:56:35.397808 DEBUG BF_PORT SDS : 12/ 0 : 0: 20:-: Lane map: Rx: <0, 1, 2, 3> : Tx: <0, 1, 2, 3>
2024-07-18 15:56:35.397821 DEBUG BF_PORT SDS : 11/ 0 : 0: 28:-: Lane map: Rx: <0, 1, 2, 3> : Tx: <0, 1, 2, 3>
2024-07-18 15:56:35.397836 DEBUG BF_PORT SDS : 10/ 0 : 0: 30:-: Lane map: Rx: <0, 1, 2, 3> : Tx: <0, 1, 2, 3>
2024-07-18 15:56:35.397849 DEBUG BF_PORT SDS : 9/ 0 : 0: 38:-: Lane map: Rx: <0, 1, 2, 3> : Tx: <0, 1, 2, 3>
2024-07-18 15:56:35.397863 DEBUG BF_PORT SDS : 8/ 0 : 0: bc:-: Lane map: Rx: <0, 1, 2, 3> : Tx: <0, 1, 2, 3>
2024-07-18 15:56:35.397875 DEBUG BF_PORT SDS : 7/ 0 : 0: b4:-: Lane map: Rx: <0, 1, 2, 3> : Tx: <0, 1, 2, 3>
2024-07-18 15:56:35.397890 DEBUG BF_PORT SDS : 6/ 0 : 0: ac:-: Lane map: Rx: <0, 1, 2, 3> : Tx: <0, 1, 2, 3>
2024-07-18 15:56:35.397904 DEBUG BF_PORT SDS : 5/ 0 : 0: a4:-: Lane map: Rx: <0, 1, 2, 3> : Tx: <0, 1, 2, 3>
2024-07-18 15:56:35.397916 DEBUG BF_PORT SDS : 4/ 0 : 0: 9c:-: Lane map: Rx: <0, 1, 2, 3> : Tx: <0, 1, 2, 3>
2024-07-18 15:56:35.397928 DEBUG BF_PORT SDS : 3/ 0 : 0: 94:-: Lane map: Rx: <0, 1, 2, 3> : Tx: <0, 1, 2, 3>
2024-07-18 15:56:35.397943 DEBUG BF_PORT SDS : 2/ 0 : 0: 8c:-: Lane map: Rx: <0, 1, 2, 3> : Tx: <0, 1, 2, 3>
2024-07-18 15:56:35.397956 DEBUG BF_PORT SDS : 1/ 0 : 0: 84:-: Lane map: Rx: <0, 1, 2, 3> : Tx: <0, 1, 2, 3>
2024-07-18 15:56:35.397974 DEBUG BF_PORT SDS : 32/ 0 : 0: 80:-: Lane map: Rx: <0, 1, 2, 3> : Tx: <0, 1, 2, 3>
2024-07-18 15:56:35.397992 DEBUG BF_PORT SDS : 31/ 0 : 0: 88:-: Lane map: Rx: <0, 1, 2, 3> : Tx: <0, 1, 2, 3>
2024-07-18 15:56:35.398013 DEBUG BF_PORT SDS : 30/ 0 : 0: 90:-: Lane map: Rx: <0, 1, 2, 3> : Tx: <0, 1, 2, 3>
2024-07-18 15:56:35.398031 DEBUG BF_PORT SDS : 29/ 0 : 0: 98:-: Lane map: Rx: <0, 1, 2, 3> : Tx: <0, 1, 2, 3>
2024-07-18 15:56:35.398048 DEBUG BF_PORT SDS : 27/ 0 : 0: a0:-: Lane map: Rx: <0, 1, 2, 3> : Tx: <0, 1, 2, 3>
2024-07-18 15:56:35.398065 DEBUG BF_PORT SDS : 28/ 0 : 0: a8:-: Lane map: Rx: <0, 1, 2, 3> : Tx: <0, 1, 2, 3>
2024-07-18 15:56:35.398084 DEBUG BF_PORT SDS : 25/ 0 : 0: b0:-: Lane map: Rx: <0, 1, 2, 3> : Tx: <0, 1, 2, 3>
2024-07-18 15:56:35.398101 DEBUG BF_PORT SDS : 26/ 0 : 0: b8:-: Lane map: Rx: <0, 1, 2, 3> : Tx: <0, 1, 2, 3>
2024-07-18 15:56:35.398119 DEBUG BF_PORT SDS : 33/ 0 : 0: 40:-: Lane map: Rx: <0, 1, 2, 3> : Tx: <0, 1, 2, 3>
2024-07-18 15:56:35.437173 DEBUG BF_PM pm_dev_add_serdes_init:1451 WARN: 0 : Failed to set RR lane count : rc=3
2024-07-18 15:56:35.611706 DEBUG BF_PLTFM QSFP:  3 : PRESENT
2024-07-18 15:56:35.693468 DEBUG BF_PLTFM QSFP:  3 : QSFP_FSM_ST_IDLE             -> QSFP_FSM_ST_INSERTED
2024-07-18 15:56:35.694542 DEBUG BF_PLTFM QSFP:  7 : PRESENT
2024-07-18 15:56:35.776213 DEBUG BF_PLTFM QSFP:  7 : QSFP_FSM_ST_IDLE             -> QSFP_FSM_ST_INSERTED
2024-07-18 15:56:35.777292 DEBUG BF_PLTFM QSFP: 21 : PRESENT
2024-07-18 15:56:35.858920 DEBUG BF_PLTFM QSFP: 21 : QSFP_FSM_ST_IDLE             -> QSFP_FSM_ST_INSERTED
2024-07-18 15:56:35.858940 DEBUG BF_PLTFM Enable KR port 1 on 33/2
2024-07-18 15:56:35.858956 INFO  BF_PM bf_pm_pltfm_front_port_eligible_for_autoneg:3163 0:33/2:1(an_eligibility)
2024-07-18 15:56:35.858979 INFO  BF_PM bf_pm_pltfm_front_port_ready_for_bringup:3062 0:33/2:1(ready)
2024-07-18 15:56:35.858992 DEBUG BF_PLTFM krPortEn = 0x2
2024-07-18 15:56:35.859003 DEBUG BF_PLTFM Enable KR port 2 on 33/3
2024-07-18 15:56:35.859015 INFO  BF_PM bf_pm_pltfm_front_port_eligible_for_autoneg:3163 0:33/3:1(an_eligibility)
2024-07-18 15:56:35.859029 INFO  BF_PM bf_pm_pltfm_front_port_ready_for_bringup:3062 0:33/3:1(ready)
2024-07-18 15:56:35.859041 DEBUG BF_PLTFM krPortEn = 0x6
2024-07-18 15:56:35.859061 DEBUG BF_PLTFM bf_pm_cold_init:794 Bind QSFP Mgmt callback..
2024-07-18 15:56:35.859194 DEBUG BF_PLTFM pltfm_pm: port led blink thread initialized
2024-07-18 15:56:35.859365 DEBUG BF_PLTFM port_led_blink_run start..
2024-07-18 15:56:35.867898 INFO  BF_PM bf_pm_pltfm_front_port_eligible_for_autoneg:3163 0:3/0:1(an_eligibility)
2024-07-18 15:56:35.867987 INFO  BF_PM bf_pm_pltfm_front_port_ready_for_bringup:3062 0:3/0:1(ready)
2024-07-18 15:56:35.868003 INFO  BF_PM bf_pm_pltfm_front_port_eligible_for_autoneg:3163 0:3/1:1(an_eligibility)
2024-07-18 15:56:35.868018 INFO  BF_PM bf_pm_pltfm_front_port_ready_for_bringup:3062 0:3/1:1(ready)
2024-07-18 15:56:35.868030 INFO  BF_PM bf_pm_pltfm_front_port_eligible_for_autoneg:3163 0:3/2:1(an_eligibility)
2024-07-18 15:56:35.868042 INFO  BF_PM bf_pm_pltfm_front_port_ready_for_bringup:3062 0:3/2:1(ready)
2024-07-18 15:56:35.868053 INFO  BF_PM bf_pm_pltfm_front_port_eligible_for_autoneg:3163 0:3/3:1(an_eligibility)
2024-07-18 15:56:35.868067 INFO  BF_PM bf_pm_pltfm_front_port_ready_for_bringup:3062 0:3/3:1(ready)
2024-07-18 15:56:35.868081 DEBUG BF_PLTFM QSFP:  3 : QSFP_FSM_ST_INSERTED         --> QSFP_FSM_ST_DETECTED         (0ms)
2024-07-18 15:56:35.873725 INFO  BF_MC Allocated RDM addresses 0x1 - 0x1
2024-07-18 15:56:35.873754 INFO  BF_MC Allocated RDM addresses 0x11ff - 0x11ff
2024-07-18 15:56:35.873762 INFO  BF_MC Allocated RDM addresses 0x21ff - 0x21ff
2024-07-18 15:56:35.873768 INFO  BF_MC Allocated RDM addresses 0x31ff - 0x31ff
2024-07-18 15:56:35.873775 INFO  BF_MC Write L1End node at addr 0x1, rid 0xdead, l2 0
2024-07-18 15:56:35.873781 INFO  BF_MC Write L1End node at addr 0x11ff, rid 0xdead, l2 0
2024-07-18 15:56:35.873788 INFO  BF_MC Write L1End node at addr 0x21ff, rid 0xdead, l2 0
2024-07-18 15:56:35.873793 INFO  BF_MC Write L1End node at addr 0x31ff, rid 0xdead, l2 0
2024-07-18 15:56:35.873800 INFO  BF_MC Allocated RDM addresses 0x4000 - 0x4103
2024-07-18 15:56:35.873806 INFO  BF_MC Write LAG node at addr 0x4000 with id 255 and next node 0x4001 0x0000_00000000ff04001c
2024-07-18 15:56:35.873814 INFO  BF_MC Write LAG node at addr 0x4001 with id 255 and next node 0x4002 0x00ff_04002c00ff04001c
2024-07-18 15:56:35.873820 INFO  BF_MC Write LAG node at addr 0x4002 with id 255 and next node 0x4003 0x0000_00000000ff04003c
2024-07-18 15:56:35.873826 INFO  BF_MC Write LAG node at addr 0x4003 with id 255 and next node 0x4004 0x00ff_04004c00ff04003c
2024-07-18 15:56:35.873832 INFO  BF_MC Write LAG node at addr 0x4004 with id 255 and next node 0x4005 0x0000_00000000ff04005c
2024-07-18 15:56:35.873838 INFO  BF_MC Write LAG node at addr 0x4005 with id 255 and next node 0x4006 0x00ff_04006c00ff04005c
2024-07-18 15:56:35.873844 INFO  BF_MC Write LAG node at addr 0x4006 with id 255 and next node 0x4007 0x0000_00000000ff04007c
2024-07-18 15:56:35.873849 INFO  BF_MC Write LAG node at addr 0x4007 with id 255 and next node 0x4008 0x00ff_04008c00ff04007c
2024-07-18 15:56:35.873855 INFO  BF_MC Write LAG node at addr 0x4008 with id 255 and next node 0x4009 0x0000_00000000ff04009c
2024-07-18 15:56:35.873862 INFO  BF_MC Write LAG node at addr 0x4009 with id 255 and next node 0x400a 0x00ff_0400ac00ff04009c
2024-07-18 15:56:35.873878 INFO  BF_MC Write LAG node at addr 0x400a with id 255 and next node 0x400b 0x0000_00000000ff0400bc
2024-07-18 15:56:35.873884 INFO  BF_MC Write LAG node at addr 0x400b with id 255 and next node 0x400c 0x00ff_0400cc00ff0400bc
2024-07-18 15:56:35.873889 INFO  BF_MC Write LAG node at addr 0x400c with id 255 and next node 0x400d 0x0000_00000000ff0400dc
2024-07-18 15:56:35.873896 INFO  BF_MC Write LAG node at addr 0x400d with id 255 and next node 0x400e 0x00ff_0400ec00ff0400dc
2024-07-18 15:56:35.873901 INFO  BF_MC Write LAG node at addr 0x400e with id 255 and next node 0x400f 0x0000_00000000ff0400fc
2024-07-18 15:56:35.873907 INFO  BF_MC Write LAG node at addr 0x400f with id 255 and next node 0x4010 0x00ff_04010c00ff0400fc
2024-07-18 15:56:35.873912 INFO  BF_MC Write LAG node at addr 0x4010 with id 255 and next node 0x4011 0x0000_00000000ff04011c
2024-07-18 15:56:35.873919 INFO  BF_MC Write LAG node at addr 0x4011 with id 255 and next node 0x4012 0x00ff_04012c00ff04011c
2024-07-18 15:56:35.873924 INFO  BF_MC Write LAG node at addr 0x4012 with id 255 and next node 0x4013 0x0000_00000000ff04013c
2024-07-18 15:56:35.873930 INFO  BF_MC Write LAG node at addr 0x4013 with id 255 and next node 0x4014 0x00ff_04014c00ff04013c
2024-07-18 15:56:35.873935 INFO  BF_MC Write LAG node at addr 0x4014 with id 255 and next node 0x4015 0x0000_00000000ff04015c
2024-07-18 15:56:35.873942 INFO  BF_MC Write LAG node at addr 0x4015 with id 255 and next node 0x4016 0x00ff_04016c00ff04015c
2024-07-18 15:56:35.873947 INFO  BF_MC Write LAG node at addr 0x4016 with id 255 and next node 0x4017 0x0000_00000000ff04017c
2024-07-18 15:56:35.873952 INFO  BF_MC Write LAG node at addr 0x4017 with id 255 and next node 0x4018 0x00ff_04018c00ff04017c
2024-07-18 15:56:35.873958 INFO  BF_MC Write LAG node at addr 0x4018 with id 255 and next node 0x4019 0x0000_00000000ff04019c
2024-07-18 15:56:35.873965 INFO  BF_MC Write LAG node at addr 0x4019 with id 255 and next node 0x401a 0x00ff_0401ac00ff04019c
2024-07-18 15:56:35.873970 INFO  BF_MC Write LAG node at addr 0x401a with id 255 and next node 0x401b 0x0000_00000000ff0401bc
2024-07-18 15:56:35.873976 INFO  BF_MC Write LAG node at addr 0x401b with id 255 and next node 0x401c 0x00ff_0401cc00ff0401bc
2024-07-18 15:56:35.873981 INFO  BF_MC Write LAG node at addr 0x401c with id 255 and next node 0x401d 0x0000_00000000ff0401dc
2024-07-18 15:56:35.873988 INFO  BF_MC Write LAG node at addr 0x401d with id 255 and next node 0x401e 0x00ff_0401ec00ff0401dc
2024-07-18 15:56:35.873994 INFO  BF_MC Write LAG node at addr 0x401e with id 255 and next node 0x401f 0x0000_00000000ff0401fc
2024-07-18 15:56:35.873999 INFO  BF_MC Write LAG node at addr 0x401f with id 255 and next node 0x4020 0x00ff_04020c00ff0401fc
2024-07-18 15:56:35.874005 INFO  BF_MC Write LAG node at addr 0x4020 with id 255 and next node 0x4021 0x0000_00000000ff04021c
2024-07-18 15:56:35.874011 INFO  BF_MC Write LAG node at addr 0x4021 with id 255 and next node 0x4022 0x00ff_04022c00ff04021c
2024-07-18 15:56:35.874017 INFO  BF_MC Write LAG node at addr 0x4022 with id 255 and next node 0x4023 0x0000_00000000ff04023c
2024-07-18 15:56:35.874022 INFO  BF_MC Write LAG node at addr 0x4023 with id 255 and next node 0x4024 0x00ff_04024c00ff04023c
2024-07-18 15:56:35.874028 INFO  BF_MC Write LAG node at addr 0x4024 with id 255 and next node 0x4025 0x0000_00000000ff04025c
2024-07-18 15:56:35.874034 INFO  BF_MC Write LAG node at addr 0x4025 with id 255 and next node 0x4026 0x00ff_04026c00ff04025c
2024-07-18 15:56:35.874039 INFO  BF_MC Write LAG node at addr 0x4026 with id 255 and next node 0x4027 0x0000_00000000ff04027c
2024-07-18 15:56:35.874045 INFO  BF_MC Write LAG node at addr 0x4027 with id 255 and next node 0x4028 0x00ff_04028c00ff04027c
2024-07-18 15:56:35.874050 INFO  BF_MC Write LAG node at addr 0x4028 with id 255 and next node 0x4029 0x0000_00000000ff04029c
2024-07-18 15:56:35.874056 INFO  BF_MC Write LAG node at addr 0x4029 with id 255 and next node 0x402a 0x00ff_0402ac00ff04029c
2024-07-18 15:56:35.874065 INFO  BF_MC Write LAG node at addr 0x402a with id 255 and next node 0x402b 0x0000_00000000ff0402bc
2024-07-18 15:56:35.874070 INFO  BF_MC Write LAG node at addr 0x402b with id 255 and next node 0x402c 0x00ff_0402cc00ff0402bc
2024-07-18 15:56:35.874076 INFO  BF_MC Write LAG node at addr 0x402c with id 255 and next node 0x402d 0x0000_00000000ff0402dc
2024-07-18 15:56:35.874082 INFO  BF_MC Write LAG node at addr 0x402d with id 255 and next node 0x402e 0x00ff_0402ec00ff0402dc
2024-07-18 15:56:35.874088 INFO  BF_MC Write LAG node at addr 0x402e with id 255 and next node 0x402f 0x0000_00000000ff0402fc
2024-07-18 15:56:35.874093 INFO  BF_MC Write LAG node at addr 0x402f with id 255 and next node 0x4030 0x00ff_04030c00ff0402fc
2024-07-18 15:56:35.874099 INFO  BF_MC Write LAG node at addr 0x4030 with id 255 and next node 0x4031 0x0000_00000000ff04031c
2024-07-18 15:56:35.874105 INFO  BF_MC Write LAG node at addr 0x4031 with id 255 and next node 0x4032 0x00ff_04032c00ff04031c
2024-07-18 15:56:35.874111 INFO  BF_MC Write LAG node at addr 0x4032 with id 255 and next node 0x4033 0x0000_00000000ff04033c
2024-07-18 15:56:35.874116 INFO  BF_MC Write LAG node at addr 0x4033 with id 255 and next node 0x4034 0x00ff_04034c00ff04033c
2024-07-18 15:56:35.874121 INFO  BF_MC Write LAG node at addr 0x4034 with id 255 and next node 0x4035 0x0000_00000000ff04035c
2024-07-18 15:56:35.874128 INFO  BF_MC Write LAG node at addr 0x4035 with id 255 and next node 0x4036 0x00ff_04036c00ff04035c
2024-07-18 15:56:35.874133 INFO  BF_MC Write LAG node at addr 0x4036 with id 255 and next node 0x4037 0x0000_00000000ff04037c
2024-07-18 15:56:35.874139 INFO  BF_MC Write LAG node at addr 0x4037 with id 255 and next node 0x4038 0x00ff_04038c00ff04037c
2024-07-18 15:56:35.874145 INFO  BF_MC Write LAG node at addr 0x4038 with id 255 and next node 0x4039 0x0000_00000000ff04039c
2024-07-18 15:56:35.874151 INFO  BF_MC Write LAG node at addr 0x4039 with id 255 and next node 0x403a 0x00ff_0403ac00ff04039c
2024-07-18 15:56:35.874156 INFO  BF_MC Write LAG node at addr 0x403a with id 255 and next node 0x403b 0x0000_00000000ff0403bc
2024-07-18 15:56:35.874162 INFO  BF_MC Write LAG node at addr 0x403b with id 255 and next node 0x403c 0x00ff_0403cc00ff0403bc
2024-07-18 15:56:35.874167 INFO  BF_MC Write LAG node at addr 0x403c with id 255 and next node 0x403d 0x0000_00000000ff0403dc
2024-07-18 15:56:35.874174 INFO  BF_MC Write LAG node at addr 0x403d with id 255 and next node 0x403e 0x00ff_0403ec00ff0403dc
2024-07-18 15:56:35.874179 INFO  BF_MC Write LAG node at addr 0x403e with id 255 and next node 0x403f 0x0000_00000000ff0403fc
2024-07-18 15:56:35.874185 INFO  BF_MC Write LAG node at addr 0x403f with id 255 and next node 0x4040 0x00ff_04040c00ff0403fc
2024-07-18 15:56:35.874190 INFO  BF_MC Write LAG node at addr 0x4040 with id 255 and next node 0x4041 0x0000_00000000ff04041c
2024-07-18 15:56:35.874196 INFO  BF_MC Write LAG node at addr 0x4041 with id 255 and next node 0x4042 0x00ff_04042c00ff04041c
2024-07-18 15:56:35.874202 INFO  BF_MC Write LAG node at addr 0x4042 with id 255 and next node 0x4043 0x0000_00000000ff04043c
2024-07-18 15:56:35.874208 INFO  BF_MC Write LAG node at addr 0x4043 with id 255 and next node 0x4044 0x00ff_04044c00ff04043c
2024-07-18 15:56:35.874216 INFO  BF_MC Write LAG node at addr 0x4044 with id 255 and next node 0x4045 0x0000_00000000ff04045c
2024-07-18 15:56:35.874226 INFO  BF_MC Write LAG node at addr 0x4045 with id 255 and next node 0x4046 0x00ff_04046c00ff04045c
2024-07-18 15:56:35.874232 INFO  BF_MC Write LAG node at addr 0x4046 with id 255 and next node 0x4047 0x0000_00000000ff04047c
2024-07-18 15:56:35.874237 INFO  BF_MC Write LAG node at addr 0x4047 with id 255 and next node 0x4048 0x00ff_04048c00ff04047c
2024-07-18 15:56:35.874243 INFO  BF_MC Write LAG node at addr 0x4048 with id 255 and next node 0x4049 0x0000_00000000ff04049c
2024-07-18 15:56:35.874250 INFO  BF_MC Write LAG node at addr 0x4049 with id 255 and next node 0x404a 0x00ff_0404ac00ff04049c
2024-07-18 15:56:35.874255 INFO  BF_MC Write LAG node at addr 0x404a with id 255 and next node 0x404b 0x0000_00000000ff0404bc
2024-07-18 15:56:35.874266 INFO  BF_MC Write LAG node at addr 0x404b with id 255 and next node 0x404c 0x00ff_0404cc00ff0404bc
2024-07-18 15:56:35.874271 INFO  BF_MC Write LAG node at addr 0x404c with id 255 and next node 0x404d 0x0000_00000000ff0404dc
2024-07-18 15:56:35.874278 INFO  BF_MC Write LAG node at addr 0x404d with id 255 and next node 0x404e 0x00ff_0404ec00ff0404dc
2024-07-18 15:56:35.874283 INFO  BF_MC Write LAG node at addr 0x404e with id 255 and next node 0x404f 0x0000_00000000ff0404fc
2024-07-18 15:56:35.874289 INFO  BF_MC Write LAG node at addr 0x404f with id 255 and next node 0x4050 0x00ff_04050c00ff0404fc
2024-07-18 15:56:35.874294 INFO  BF_MC Write LAG node at addr 0x4050 with id 255 and next node 0x4051 0x0000_00000000ff04051c
2024-07-18 15:56:35.874301 INFO  BF_MC Write LAG node at addr 0x4051 with id 255 and next node 0x4052 0x00ff_04052c00ff04051c
2024-07-18 15:56:35.874306 INFO  BF_MC Write LAG node at addr 0x4052 with id 255 and next node 0x4053 0x0000_00000000ff04053c
2024-07-18 15:56:35.874312 INFO  BF_MC Write LAG node at addr 0x4053 with id 255 and next node 0x4054 0x00ff_04054c00ff04053c
2024-07-18 15:56:35.874318 INFO  BF_MC Write LAG node at addr 0x4054 with id 255 and next node 0x4055 0x0000_00000000ff04055c
2024-07-18 15:56:35.874324 INFO  BF_MC Write LAG node at addr 0x4055 with id 255 and next node 0x4056 0x00ff_04056c00ff04055c
2024-07-18 15:56:35.874330 INFO  BF_MC Write LAG node at addr 0x4056 with id 255 and next node 0x4057 0x0000_00000000ff04057c
2024-07-18 15:56:35.874335 INFO  BF_MC Write LAG node at addr 0x4057 with id 255 and next node 0x4058 0x00ff_04058c00ff04057c
2024-07-18 15:56:35.874341 INFO  BF_MC Write LAG node at addr 0x4058 with id 255 and next node 0x4059 0x0000_00000000ff04059c
2024-07-18 15:56:35.874347 INFO  BF_MC Write LAG node at addr 0x4059 with id 255 and next node 0x405a 0x00ff_0405ac00ff04059c
2024-07-18 15:56:35.874352 INFO  BF_MC Write LAG node at addr 0x405a with id 255 and next node 0x405b 0x0000_00000000ff0405bc
2024-07-18 15:56:35.874358 INFO  BF_MC Write LAG node at addr 0x405b with id 255 and next node 0x405c 0x00ff_0405cc00ff0405bc
2024-07-18 15:56:35.874363 INFO  BF_MC Write LAG node at addr 0x405c with id 255 and next node 0x405d 0x0000_00000000ff0405dc
2024-07-18 15:56:35.874370 INFO  BF_MC Write LAG node at addr 0x405d with id 255 and next node 0x405e 0x00ff_0405ec00ff0405dc
2024-07-18 15:56:35.874375 INFO  BF_MC Write LAG node at addr 0x405e with id 255 and next node 0x405f 0x0000_00000000ff0405fc
2024-07-18 15:56:35.874380 INFO  BF_MC Write LAG node at addr 0x405f with id 255 and next node 0x4060 0x00ff_04060c00ff0405fc
2024-07-18 15:56:35.874386 INFO  BF_MC Write LAG node at addr 0x4060 with id 255 and next node 0x4061 0x0000_00000000ff04061c
2024-07-18 15:56:35.874392 INFO  BF_MC Write LAG node at addr 0x4061 with id 255 and next node 0x4062 0x00ff_04062c00ff04061c
2024-07-18 15:56:35.874398 INFO  BF_MC Write LAG node at addr 0x4062 with id 255 and next node 0x4063 0x0000_00000000ff04063c
2024-07-18 15:56:35.874403 INFO  BF_MC Write LAG node at addr 0x4063 with id 255 and next node 0x4064 0x00ff_04064c00ff04063c
2024-07-18 15:56:35.874409 INFO  BF_MC Write LAG node at addr 0x4064 with id 255 and next node 0x4065 0x0000_00000000ff04065c
2024-07-18 15:56:35.874415 INFO  BF_MC Write LAG node at addr 0x4065 with id 255 and next node 0x4066 0x00ff_04066c00ff04065c
2024-07-18 15:56:35.874427 INFO  BF_MC Write LAG node at addr 0x4066 with id 255 and next node 0x4067 0x0000_00000000ff04067c
2024-07-18 15:56:35.874433 INFO  BF_MC Write LAG node at addr 0x4067 with id 255 and next node 0x4068 0x00ff_04068c00ff04067c
2024-07-18 15:56:35.874439 INFO  BF_MC Write LAG node at addr 0x4068 with id 255 and next node 0x4069 0x0000_00000000ff04069c
2024-07-18 15:56:35.874445 INFO  BF_MC Write LAG node at addr 0x4069 with id 255 and next node 0x406a 0x00ff_0406ac00ff04069c
2024-07-18 15:56:35.874450 INFO  BF_MC Write LAG node at addr 0x406a with id 255 and next node 0x406b 0x0000_00000000ff0406bc
2024-07-18 15:56:35.874459 INFO  BF_MC Write LAG node at addr 0x406b with id 255 and next node 0x406c 0x00ff_0406cc00ff0406bc
2024-07-18 15:56:35.874465 INFO  BF_MC Write LAG node at addr 0x406c with id 255 and next node 0x406d 0x0000_00000000ff0406dc
2024-07-18 15:56:35.874472 INFO  BF_MC Write LAG node at addr 0x406d with id 255 and next node 0x406e 0x00ff_0406ec00ff0406dc
2024-07-18 15:56:35.874477 INFO  BF_MC Write LAG node at addr 0x406e with id 255 and next node 0x406f 0x0000_00000000ff0406fc
2024-07-18 15:56:35.874483 INFO  BF_MC Write LAG node at addr 0x406f with id 255 and next node 0x4070 0x00ff_04070c00ff0406fc
2024-07-18 15:56:35.874488 INFO  BF_MC Write LAG node at addr 0x4070 with id 255 and next node 0x4071 0x0000_00000000ff04071c
2024-07-18 15:56:35.874494 INFO  BF_MC Write LAG node at addr 0x4071 with id 255 and next node 0x4072 0x00ff_04072c00ff04071c
2024-07-18 15:56:35.874500 INFO  BF_MC Write LAG node at addr 0x4072 with id 255 and next node 0x4073 0x0000_00000000ff04073c
2024-07-18 15:56:35.874505 INFO  BF_MC Write LAG node at addr 0x4073 with id 255 and next node 0x4074 0x00ff_04074c00ff04073c
2024-07-18 15:56:35.874511 INFO  BF_MC Write LAG node at addr 0x4074 with id 255 and next node 0x4075 0x0000_00000000ff04075c
2024-07-18 15:56:35.874517 INFO  BF_MC Write LAG node at addr 0x4075 with id 255 and next node 0x4076 0x00ff_04076c00ff04075c
2024-07-18 15:56:35.874523 INFO  BF_MC Write LAG node at addr 0x4076 with id 255 and next node 0x4077 0x0000_00000000ff04077c
2024-07-18 15:56:35.874528 INFO  BF_MC Write LAG node at addr 0x4077 with id 255 and next node 0x4078 0x00ff_04078c00ff04077c
2024-07-18 15:56:35.874534 INFO  BF_MC Write LAG node at addr 0x4078 with id 255 and next node 0x4079 0x0000_00000000ff04079c
2024-07-18 15:56:35.874540 INFO  BF_MC Write LAG node at addr 0x4079 with id 255 and next node 0x407a 0x00ff_0407ac00ff04079c
2024-07-18 15:56:35.874546 INFO  BF_MC Write LAG node at addr 0x407a with id 255 and next node 0x407b 0x0000_00000000ff0407bc
2024-07-18 15:56:35.874551 INFO  BF_MC Write LAG node at addr 0x407b with id 255 and next node 0x407c 0x00ff_0407cc00ff0407bc
2024-07-18 15:56:35.874556 INFO  BF_MC Write LAG node at addr 0x407c with id 255 and next node 0x407d 0x0000_00000000ff0407dc
2024-07-18 15:56:35.874563 INFO  BF_MC Write LAG node at addr 0x407d with id 255 and next node 0x407e 0x00ff_0407ec00ff0407dc
2024-07-18 15:56:35.874569 INFO  BF_MC Write LAG node at addr 0x407e with id 255 and next node 0x407f 0x0000_00000000ff0407fc
2024-07-18 15:56:35.874574 INFO  BF_MC Write LAG node at addr 0x407f with id 255 and next node 0x4080 0x00ff_04080c00ff0407fc
2024-07-18 15:56:35.874580 INFO  BF_MC Write LAG node at addr 0x4080 with id 255 and next node 0x4081 0x0000_00000000ff04081c
2024-07-18 15:56:35.874586 INFO  BF_MC Write LAG node at addr 0x4081 with id 255 and next node 0x4082 0x00ff_04082c00ff04081c
2024-07-18 15:56:35.874592 INFO  BF_MC Write LAG node at addr 0x4082 with id 255 and next node 0x4083 0x0000_00000000ff04083c
2024-07-18 15:56:35.874597 INFO  BF_MC Write LAG node at addr 0x4083 with id 255 and next node 0x4084 0x00ff_04084c00ff04083c
2024-07-18 15:56:35.874602 INFO  BF_MC Write LAG node at addr 0x4084 with id 255 and next node 0x4085 0x0000_00000000ff04085c
2024-07-18 15:56:35.874609 INFO  BF_MC Write LAG node at addr 0x4085 with id 255 and next node 0x4086 0x00ff_04086c00ff04085c
2024-07-18 15:56:35.874614 INFO  BF_MC Write LAG node at addr 0x4086 with id 255 and next node 0x4087 0x0000_00000000ff04087c
2024-07-18 15:56:35.874620 INFO  BF_MC Write LAG node at addr 0x4087 with id 255 and next node 0x4088 0x00ff_04088c00ff04087c
2024-07-18 15:56:35.874625 INFO  BF_MC Write LAG node at addr 0x4088 with id 255 and next node 0x4089 0x0000_00000000ff04089c
2024-07-18 15:56:35.874631 INFO  BF_MC Write LAG node at addr 0x4089 with id 255 and next node 0x408a 0x00ff_0408ac00ff04089c
2024-07-18 15:56:35.874637 INFO  BF_MC Write LAG node at addr 0x408a with id 255 and next node 0x408b 0x0000_00000000ff0408bc
2024-07-18 15:56:35.874642 INFO  BF_MC Write LAG node at addr 0x408b with id 255 and next node 0x408c 0x00ff_0408cc00ff0408bc
2024-07-18 15:56:35.874650 INFO  BF_MC Write LAG node at addr 0x408c with id 255 and next node 0x408d 0x0000_00000000ff0408dc
2024-07-18 15:56:35.874657 INFO  BF_MC Write LAG node at addr 0x408d with id 255 and next node 0x408e 0x00ff_0408ec00ff0408dc
2024-07-18 15:56:35.874662 INFO  BF_MC Write LAG node at addr 0x408e with id 255 and next node 0x408f 0x0000_00000000ff0408fc
2024-07-18 15:56:35.874667 INFO  BF_MC Write LAG node at addr 0x408f with id 255 and next node 0x4090 0x00ff_04090c00ff0408fc
2024-07-18 15:56:35.874673 INFO  BF_MC Write LAG node at addr 0x4090 with id 255 and next node 0x4091 0x0000_00000000ff04091c
2024-07-18 15:56:35.874679 INFO  BF_MC Write LAG node at addr 0x4091 with id 255 and next node 0x4092 0x00ff_04092c00ff04091c
2024-07-18 15:56:35.874685 INFO  BF_MC Write LAG node at addr 0x4092 with id 255 and next node 0x4093 0x0000_00000000ff04093c
2024-07-18 15:56:35.874690 INFO  BF_MC Write LAG node at addr 0x4093 with id 255 and next node 0x4094 0x00ff_04094c00ff04093c
2024-07-18 15:56:35.874696 INFO  BF_MC Write LAG node at addr 0x4094 with id 255 and next node 0x4095 0x0000_00000000ff04095c
2024-07-18 15:56:35.874702 INFO  BF_MC Write LAG node at addr 0x4095 with id 255 and next node 0x4096 0x00ff_04096c00ff04095c
2024-07-18 15:56:35.874708 INFO  BF_MC Write LAG node at addr 0x4096 with id 255 and next node 0x4097 0x0000_00000000ff04097c
2024-07-18 15:56:35.874713 INFO  BF_MC Write LAG node at addr 0x4097 with id 255 and next node 0x4098 0x00ff_04098c00ff04097c
2024-07-18 15:56:35.874719 INFO  BF_MC Write LAG node at addr 0x4098 with id 255 and next node 0x4099 0x0000_00000000ff04099c
2024-07-18 15:56:35.874725 INFO  BF_MC Write LAG node at addr 0x4099 with id 255 and next node 0x409a 0x00ff_0409ac00ff04099c
2024-07-18 15:56:35.874731 INFO  BF_MC Write LAG node at addr 0x409a with id 255 and next node 0x409b 0x0000_00000000ff0409bc
2024-07-18 15:56:35.874736 INFO  BF_MC Write LAG node at addr 0x409b with id 255 and next node 0x409c 0x00ff_0409cc00ff0409bc
2024-07-18 15:56:35.874741 INFO  BF_MC Write LAG node at addr 0x409c with id 255 and next node 0x409d 0x0000_00000000ff0409dc
2024-07-18 15:56:35.874748 INFO  BF_MC Write LAG node at addr 0x409d with id 255 and next node 0x409e 0x00ff_0409ec00ff0409dc
2024-07-18 15:56:35.874753 INFO  BF_MC Write LAG node at addr 0x409e with id 255 and next node 0x409f 0x0000_00000000ff0409fc
2024-07-18 15:56:35.874759 INFO  BF_MC Write LAG node at addr 0x409f with id 255 and next node 0x40a0 0x00ff_040a0c00ff0409fc
2024-07-18 15:56:35.874764 INFO  BF_MC Write LAG node at addr 0x40a0 with id 255 and next node 0x40a1 0x0000_00000000ff040a1c
2024-07-18 15:56:35.874772 INFO  BF_MC Write LAG node at addr 0x40a1 with id 255 and next node 0x40a2 0x00ff_040a2c00ff040a1c
2024-07-18 15:56:35.874777 INFO  BF_MC Write LAG node at addr 0x40a2 with id 255 and next node 0x40a3 0x0000_00000000ff040a3c
2024-07-18 15:56:35.874783 INFO  BF_MC Write LAG node at addr 0x40a3 with id 255 and next node 0x40a4 0x00ff_040a4c00ff040a3c
2024-07-18 15:56:35.874788 INFO  BF_MC Write LAG node at addr 0x40a4 with id 255 and next node 0x40a5 0x0000_00000000ff040a5c
2024-07-18 15:56:35.874794 INFO  BF_MC Write LAG node at addr 0x40a5 with id 255 and next node 0x40a6 0x00ff_040a6c00ff040a5c
2024-07-18 15:56:35.874800 INFO  BF_MC Write LAG node at addr 0x40a6 with id 255 and next node 0x40a7 0x0000_00000000ff040a7c
2024-07-18 15:56:35.874806 INFO  BF_MC Write LAG node at addr 0x40a7 with id 255 and next node 0x40a8 0x00ff_040a8c00ff040a7c
2024-07-18 15:56:35.874812 INFO  BF_MC Write LAG node at addr 0x40a8 with id 255 and next node 0x40a9 0x0000_00000000ff040a9c
2024-07-18 15:56:35.874818 INFO  BF_MC Write LAG node at addr 0x40a9 with id 255 and next node 0x40aa 0x00ff_040aac00ff040a9c
2024-07-18 15:56:35.874823 INFO  BF_MC Write LAG node at addr 0x40aa with id 255 and next node 0x40ab 0x0000_00000000ff040abc
2024-07-18 15:56:35.874829 INFO  BF_MC Write LAG node at addr 0x40ab with id 255 and next node 0x40ac 0x00ff_040acc00ff040abc
2024-07-18 15:56:35.874837 INFO  BF_MC Write LAG node at addr 0x40ac with id 255 and next node 0x40ad 0x0000_00000000ff040adc
2024-07-18 15:56:35.874843 INFO  BF_MC Write LAG node at addr 0x40ad with id 255 and next node 0x40ae 0x00ff_040aec00ff040adc
2024-07-18 15:56:35.874849 INFO  BF_MC Write LAG node at addr 0x40ae with id 255 and next node 0x40af 0x0000_00000000ff040afc
2024-07-18 15:56:35.874854 INFO  BF_MC Write LAG node at addr 0x40af with id 255 and next node 0x40b0 0x00ff_040b0c00ff040afc
2024-07-18 15:56:35.874860 INFO  BF_MC Write LAG node at addr 0x40b0 with id 255 and next node 0x40b1 0x0000_00000000ff040b1c
2024-07-18 15:56:35.874866 INFO  BF_MC Write LAG node at addr 0x40b1 with id 255 and next node 0x40b2 0x00ff_040b2c00ff040b1c
2024-07-18 15:56:35.874872 INFO  BF_MC Write LAG node at addr 0x40b2 with id 255 and next node 0x40b3 0x0000_00000000ff040b3c
2024-07-18 15:56:35.874877 INFO  BF_MC Write LAG node at addr 0x40b3 with id 255 and next node 0x40b4 0x00ff_040b4c00ff040b3c
2024-07-18 15:56:35.874882 INFO  BF_MC Write LAG node at addr 0x40b4 with id 255 and next node 0x40b5 0x0000_00000000ff040b5c
2024-07-18 15:56:35.874889 INFO  BF_MC Write LAG node at addr 0x40b5 with id 255 and next node 0x40b6 0x00ff_040b6c00ff040b5c
2024-07-18 15:56:35.874894 INFO  BF_MC Write LAG node at addr 0x40b6 with id 255 and next node 0x40b7 0x0000_00000000ff040b7c
2024-07-18 15:56:35.874900 INFO  BF_MC Write LAG node at addr 0x40b7 with id 255 and next node 0x40b8 0x00ff_040b8c00ff040b7c
2024-07-18 15:56:35.874905 INFO  BF_MC Write LAG node at addr 0x40b8 with id 255 and next node 0x40b9 0x0000_00000000ff040b9c
2024-07-18 15:56:35.874912 INFO  BF_MC Write LAG node at addr 0x40b9 with id 255 and next node 0x40ba 0x00ff_040bac00ff040b9c
2024-07-18 15:56:35.874918 INFO  BF_MC Write LAG node at addr 0x40ba with id 255 and next node 0x40bb 0x0000_00000000ff040bbc
2024-07-18 15:56:35.874923 INFO  BF_MC Write LAG node at addr 0x40bb with id 255 and next node 0x40bc 0x00ff_040bcc00ff040bbc
2024-07-18 15:56:35.874929 INFO  BF_MC Write LAG node at addr 0x40bc with id 255 and next node 0x40bd 0x0000_00000000ff040bdc
2024-07-18 15:56:35.874935 INFO  BF_MC Write LAG node at addr 0x40bd with id 255 and next node 0x40be 0x00ff_040bec00ff040bdc
2024-07-18 15:56:35.874940 INFO  BF_MC Write LAG node at addr 0x40be with id 255 and next node 0x40bf 0x0000_00000000ff040bfc
2024-07-18 15:56:35.874946 INFO  BF_MC Write LAG node at addr 0x40bf with id 255 and next node 0x40c0 0x00ff_040c0c00ff040bfc
2024-07-18 15:56:35.874951 INFO  BF_MC Write LAG node at addr 0x40c0 with id 255 and next node 0x40c1 0x0000_00000000ff040c1c
2024-07-18 15:56:35.874958 INFO  BF_MC Write LAG node at addr 0x40c1 with id 255 and next node 0x40c2 0x00ff_040c2c00ff040c1c
2024-07-18 15:56:35.874963 INFO  BF_MC Write LAG node at addr 0x40c2 with id 255 and next node 0x40c3 0x0000_00000000ff040c3c
2024-07-18 15:56:35.874969 INFO  BF_MC Write LAG node at addr 0x40c3 with id 255 and next node 0x40c4 0x00ff_040c4c00ff040c3c
2024-07-18 15:56:35.874974 INFO  BF_MC Write LAG node at addr 0x40c4 with id 255 and next node 0x40c5 0x0000_00000000ff040c5c
2024-07-18 15:56:35.874980 INFO  BF_MC Write LAG node at addr 0x40c5 with id 255 and next node 0x40c6 0x00ff_040c6c00ff040c5c
2024-07-18 15:56:35.874986 INFO  BF_MC Write LAG node at addr 0x40c6 with id 255 and next node 0x40c7 0x0000_00000000ff040c7c
2024-07-18 15:56:35.874991 INFO  BF_MC Write LAG node at addr 0x40c7 with id 255 and next node 0x40c8 0x00ff_040c8c00ff040c7c
2024-07-18 15:56:35.874997 INFO  BF_MC Write LAG node at addr 0x40c8 with id 255 and next node 0x40c9 0x0000_00000000ff040c9c
2024-07-18 15:56:35.875003 INFO  BF_MC Write LAG node at addr 0x40c9 with id 255 and next node 0x40ca 0x00ff_040cac00ff040c9c
2024-07-18 15:56:35.875008 INFO  BF_MC Write LAG node at addr 0x40ca with id 255 and next node 0x40cb 0x0000_00000000ff040cbc
2024-07-18 15:56:35.875014 INFO  BF_MC Write LAG node at addr 0x40cb with id 255 and next node 0x40cc 0x00ff_040ccc00ff040cbc
2024-07-18 15:56:35.875019 INFO  BF_MC Write LAG node at addr 0x40cc with id 255 and next node 0x40cd 0x0000_00000000ff040cdc
2024-07-18 15:56:35.875028 INFO  BF_MC Write LAG node at addr 0x40cd with id 255 and next node 0x40ce 0x00ff_040cec00ff040cdc
2024-07-18 15:56:35.875034 INFO  BF_MC Write LAG node at addr 0x40ce with id 255 and next node 0x40cf 0x0000_00000000ff040cfc
2024-07-18 15:56:35.875039 INFO  BF_MC Write LAG node at addr 0x40cf with id 255 and next node 0x40d0 0x00ff_040d0c00ff040cfc
2024-07-18 15:56:35.875045 INFO  BF_MC Write LAG node at addr 0x40d0 with id 255 and next node 0x40d1 0x0000_00000000ff040d1c
2024-07-18 15:56:35.875052 INFO  BF_MC Write LAG node at addr 0x40d1 with id 255 and next node 0x40d2 0x00ff_040d2c00ff040d1c
2024-07-18 15:56:35.875058 INFO  BF_MC Write LAG node at addr 0x40d2 with id 255 and next node 0x40d3 0x0000_00000000ff040d3c
2024-07-18 15:56:35.875063 INFO  BF_MC Write LAG node at addr 0x40d3 with id 255 and next node 0x40d4 0x00ff_040d4c00ff040d3c
2024-07-18 15:56:35.875068 INFO  BF_MC Write LAG node at addr 0x40d4 with id 255 and next node 0x40d5 0x0000_00000000ff040d5c
2024-07-18 15:56:35.875075 INFO  BF_MC Write LAG node at addr 0x40d5 with id 255 and next node 0x40d6 0x00ff_040d6c00ff040d5c
2024-07-18 15:56:35.875080 INFO  BF_MC Write LAG node at addr 0x40d6 with id 255 and next node 0x40d7 0x0000_00000000ff040d7c
2024-07-18 15:56:35.875086 INFO  BF_MC Write LAG node at addr 0x40d7 with id 255 and next node 0x40d8 0x00ff_040d8c00ff040d7c
2024-07-18 15:56:35.875091 INFO  BF_MC Write LAG node at addr 0x40d8 with id 255 and next node 0x40d9 0x0000_00000000ff040d9c
2024-07-18 15:56:35.875098 INFO  BF_MC Write LAG node at addr 0x40d9 with id 255 and next node 0x40da 0x00ff_040dac00ff040d9c
2024-07-18 15:56:35.875103 INFO  BF_MC Write LAG node at addr 0x40da with id 255 and next node 0x40db 0x0000_00000000ff040dbc
2024-07-18 15:56:35.875109 INFO  BF_MC Write LAG node at addr 0x40db with id 255 and next node 0x40dc 0x00ff_040dcc00ff040dbc
2024-07-18 15:56:35.875114 INFO  BF_MC Write LAG node at addr 0x40dc with id 255 and next node 0x40dd 0x0000_00000000ff040ddc
2024-07-18 15:56:35.875120 INFO  BF_MC Write LAG node at addr 0x40dd with id 255 and next node 0x40de 0x00ff_040dec00ff040ddc
2024-07-18 15:56:35.875126 INFO  BF_MC Write LAG node at addr 0x40de with id 255 and next node 0x40df 0x0000_00000000ff040dfc
2024-07-18 15:56:35.875131 INFO  BF_MC Write LAG node at addr 0x40df with id 255 and next node 0x40e0 0x00ff_040e0c00ff040dfc
2024-07-18 15:56:35.875137 INFO  BF_MC Write LAG node at addr 0x40e0 with id 255 and next node 0x40e1 0x0000_00000000ff040e1c
2024-07-18 15:56:35.875143 INFO  BF_MC Write LAG node at addr 0x40e1 with id 255 and next node 0x40e2 0x00ff_040e2c00ff040e1c
2024-07-18 15:56:35.875149 INFO  BF_MC Write LAG node at addr 0x40e2 with id 255 and next node 0x40e3 0x0000_00000000ff040e3c
2024-07-18 15:56:35.875154 INFO  BF_MC Write LAG node at addr 0x40e3 with id 255 and next node 0x40e4 0x00ff_040e4c00ff040e3c
2024-07-18 15:56:35.875160 INFO  BF_MC Write LAG node at addr 0x40e4 with id 255 and next node 0x40e5 0x0000_00000000ff040e5c
2024-07-18 15:56:35.875166 INFO  BF_MC Write LAG node at addr 0x40e5 with id 255 and next node 0x40e6 0x00ff_040e6c00ff040e5c
2024-07-18 15:56:35.875172 INFO  BF_MC Write LAG node at addr 0x40e6 with id 255 and next node 0x40e7 0x0000_00000000ff040e7c
2024-07-18 15:56:35.875177 INFO  BF_MC Write LAG node at addr 0x40e7 with id 255 and next node 0x40e8 0x00ff_040e8c00ff040e7c
2024-07-18 15:56:35.875183 INFO  BF_MC Write LAG node at addr 0x40e8 with id 255 and next node 0x40e9 0x0000_00000000ff040e9c
2024-07-18 15:56:35.875189 INFO  BF_MC Write LAG node at addr 0x40e9 with id 255 and next node 0x40ea 0x00ff_040eac00ff040e9c
2024-07-18 15:56:35.875195 INFO  BF_MC Write LAG node at addr 0x40ea with id 255 and next node 0x40eb 0x0000_00000000ff040ebc
2024-07-18 15:56:35.875200 INFO  BF_MC Write LAG node at addr 0x40eb with id 255 and next node 0x40ec 0x00ff_040ecc00ff040ebc
2024-07-18 15:56:35.875206 INFO  BF_MC Write LAG node at addr 0x40ec with id 255 and next node 0x40ed 0x0000_00000000ff040edc
2024-07-18 15:56:35.875215 INFO  BF_MC Write LAG node at addr 0x40ed with id 255 and next node 0x40ee 0x00ff_040eec00ff040edc
2024-07-18 15:56:35.875220 INFO  BF_MC Write LAG node at addr 0x40ee with id 255 and next node 0x40ef 0x0000_00000000ff040efc
2024-07-18 15:56:35.875226 INFO  BF_MC Write LAG node at addr 0x40ef with id 255 and next node 0x40f0 0x00ff_040f0c00ff040efc
2024-07-18 15:56:35.875231 INFO  BF_MC Write LAG node at addr 0x40f0 with id 255 and next node 0x40f1 0x0000_00000000ff040f1c
2024-07-18 15:56:35.875237 INFO  BF_MC Write LAG node at addr 0x40f1 with id 255 and next node 0x40f2 0x00ff_040f2c00ff040f1c
2024-07-18 15:56:35.875243 INFO  BF_MC Write LAG node at addr 0x40f2 with id 255 and next node 0x40f3 0x0000_00000000ff040f3c
2024-07-18 15:56:35.875248 INFO  BF_MC Write LAG node at addr 0x40f3 with id 255 and next node 0x40f4 0x00ff_040f4c00ff040f3c
2024-07-18 15:56:35.875254 INFO  BF_MC Write LAG node at addr 0x40f4 with id 255 and next node 0x40f5 0x0000_00000000ff040f5c
2024-07-18 15:56:35.875260 INFO  BF_MC Write LAG node at addr 0x40f5 with id 255 and next node 0x40f6 0x00ff_040f6c00ff040f5c
2024-07-18 15:56:35.875266 INFO  BF_MC Write LAG node at addr 0x40f6 with id 255 and next node 0x40f7 0x0000_00000000ff040f7c
2024-07-18 15:56:35.875273 INFO  BF_MC Write LAG node at addr 0x40f7 with id 255 and next node 0x40f8 0x00ff_040f8c00ff040f7c
2024-07-18 15:56:35.875281 INFO  BF_MC Write LAG node at addr 0x40f8 with id 255 and next node 0x40f9 0x0000_00000000ff040f9c
2024-07-18 15:56:35.875289 INFO  BF_MC Write LAG node at addr 0x40f9 with id 255 and next node 0x40fa 0x00ff_040fac00ff040f9c
2024-07-18 15:56:35.875294 INFO  BF_MC Write LAG node at addr 0x40fa with id 255 and next node 0x40fb 0x0000_00000000ff040fbc
2024-07-18 15:56:35.875300 INFO  BF_MC Write LAG node at addr 0x40fb with id 255 and next node 0x40fc 0x00ff_040fcc00ff040fbc
2024-07-18 15:56:35.875305 INFO  BF_MC Write LAG node at addr 0x40fc with id 255 and next node 0x40fd 0x0000_00000000ff040fdc
2024-07-18 15:56:35.875312 INFO  BF_MC Write LAG node at addr 0x40fd with id 255 and next node 0x40fe 0x00ff_040fec00ff040fdc
2024-07-18 15:56:35.875318 INFO  BF_MC Write LAG node at addr 0x40fe with id 255 and next node 0x40ff 0x0000_00000000ff040ffc
2024-07-18 15:56:35.875323 INFO  BF_MC Write LAG node at addr 0x40ff with id 255 and next node 0x4100 0x00ff_04100c00ff040ffc
2024-07-18 15:56:35.875329 INFO  BF_MC Write LAG node at addr 0x4100 with id 255 and next node 0x4101 0x0000_00000000ff04101c
2024-07-18 15:56:35.875335 INFO  BF_MC Write LAG node at addr 0x4101 with id 255 and next node 0x4102 0x00ff_04102c00ff04101c
2024-07-18 15:56:35.875341 INFO  BF_MC Write LAG node at addr 0x4102 with id 255 and next node 0x4103 0x0000_00000000ff04103c
2024-07-18 15:56:35.875346 INFO  BF_MC Write LAG node at addr 0x4103 with id 255 and next node 0 0x00ff_00000c00ff04103c
2024-07-18 15:56:35.875353 INFO  BF_MC Allocated RDM addresses 0x20 - 0x3f
2024-07-18 15:56:35.875359 INFO  BF_MC Write L1End node at addr 0x20, rid 0, l2 0x4101
2024-07-18 15:56:35.875364 INFO  BF_MC Write L1End node at addr 0x21, rid 0, l2 0x4100
2024-07-18 15:56:35.875370 INFO  BF_MC Write L1End node at addr 0x22, rid 0, l2 0x40ff
2024-07-18 15:56:35.875375 INFO  BF_MC Write L1End node at addr 0x23, rid 0, l2 0x40fe
2024-07-18 15:56:35.875381 INFO  BF_MC Write L1End node at addr 0x24, rid 0, l2 0x40fd
2024-07-18 15:56:35.875386 INFO  BF_MC Write L1End node at addr 0x25, rid 0, l2 0x40fc
2024-07-18 15:56:35.875391 INFO  BF_MC Write L1End node at addr 0x26, rid 0, l2 0x40fb
2024-07-18 15:56:35.875397 INFO  BF_MC Write L1End node at addr 0x27, rid 0, l2 0x40fa
2024-07-18 15:56:35.875403 INFO  BF_MC Write L1End node at addr 0x28, rid 0, l2 0x40f8
2024-07-18 15:56:35.875408 INFO  BF_MC Write L1End node at addr 0x29, rid 0, l2 0x40f6
2024-07-18 15:56:35.875413 INFO  BF_MC Write L1End node at addr 0x2a, rid 0, l2 0x40f4
2024-07-18 15:56:35.875427 INFO  BF_MC Write L1End node at addr 0x2b, rid 0, l2 0x40f2
2024-07-18 15:56:35.875434 INFO  BF_MC Write L1End node at addr 0x2c, rid 0, l2 0x40f0
2024-07-18 15:56:35.875442 INFO  BF_MC Write L1End node at addr 0x2d, rid 0, l2 0x40ee
2024-07-18 15:56:35.875447 INFO  BF_MC Write L1End node at addr 0x2e, rid 0, l2 0x40ec
2024-07-18 15:56:35.875453 INFO  BF_MC Write L1End node at addr 0x2f, rid 0, l2 0x40ea
2024-07-18 15:56:35.875459 INFO  BF_MC Write L1End node at addr 0x30, rid 0, l2 0x40e8
2024-07-18 15:56:35.875465 INFO  BF_MC Write L1End node at addr 0x31, rid 0, l2 0x40e6
2024-07-18 15:56:35.875470 INFO  BF_MC Write L1End node at addr 0x32, rid 0, l2 0x40e4
2024-07-18 15:56:35.875475 INFO  BF_MC Write L1End node at addr 0x33, rid 0, l2 0x40e0
2024-07-18 15:56:35.875481 INFO  BF_MC Write L1End node at addr 0x34, rid 0, l2 0x40dc
2024-07-18 15:56:35.875486 INFO  BF_MC Write L1End node at addr 0x35, rid 0, l2 0x40d8
2024-07-18 15:56:35.875492 INFO  BF_MC Write L1End node at addr 0x36, rid 0, l2 0x40d4
2024-07-18 15:56:35.875497 INFO  BF_MC Write L1End node at addr 0x37, rid 0, l2 0x40cc
2024-07-18 15:56:35.875503 INFO  BF_MC Write L1End node at addr 0x38, rid 0, l2 0x40c4
2024-07-18 15:56:35.875508 INFO  BF_MC Write L1End node at addr 0x39, rid 0, l2 0x40bc
2024-07-18 15:56:35.875513 INFO  BF_MC Write L1End node at addr 0x3a, rid 0, l2 0x40a0
2024-07-18 15:56:35.875519 INFO  BF_MC Write L1End node at addr 0x3b, rid 0, l2 0x4087
2024-07-18 15:56:35.875525 INFO  BF_MC Write L1End node at addr 0x3c, rid 0, l2 0x406e
2024-07-18 15:56:35.875530 INFO  BF_MC Write L1End node at addr 0x3d, rid 0, l2 0x4055
2024-07-18 15:56:35.875535 INFO  BF_MC Write L1End node at addr 0x3e, rid 0, l2 0x403c
2024-07-18 15:56:35.875540 INFO  BF_MC Write L1End node at addr 0x3f, rid 0, l2 0x4000
2024-07-18 15:56:35.875548 INFO  BF_MC Allocated RDM addresses 0x5000 - 0x5103
2024-07-18 15:56:35.875554 INFO  BF_MC Write LAG node at addr 0x5000 with id 255 and next node 0x5001 0x0000_00000000ff05001c
2024-07-18 15:56:35.875559 INFO  BF_MC Write LAG node at addr 0x5001 with id 255 and next node 0x5002 0x00ff_05002c00ff05001c
2024-07-18 15:56:35.875565 INFO  BF_MC Write LAG node at addr 0x5002 with id 255 and next node 0x5003 0x0000_00000000ff05003c
2024-07-18 15:56:35.875571 INFO  BF_MC Write LAG node at addr 0x5003 with id 255 and next node 0x5004 0x00ff_05004c00ff05003c
2024-07-18 15:56:35.875577 INFO  BF_MC Write LAG node at addr 0x5004 with id 255 and next node 0x5005 0x0000_00000000ff05005c
2024-07-18 15:56:35.875582 INFO  BF_MC Write LAG node at addr 0x5005 with id 255 and next node 0x5006 0x00ff_05006c00ff05005c
2024-07-18 15:56:35.875588 INFO  BF_MC Write LAG node at addr 0x5006 with id 255 and next node 0x5007 0x0000_00000000ff05007c
2024-07-18 15:56:35.875594 INFO  BF_MC Write LAG node at addr 0x5007 with id 255 and next node 0x5008 0x00ff_05008c00ff05007c
2024-07-18 15:56:35.875600 INFO  BF_MC Write LAG node at addr 0x5008 with id 255 and next node 0x5009 0x0000_00000000ff05009c
2024-07-18 15:56:35.875605 INFO  BF_MC Write LAG node at addr 0x5009 with id 255 and next node 0x500a 0x00ff_0500ac00ff05009c
2024-07-18 15:56:35.875611 INFO  BF_MC Write LAG node at addr 0x500a with id 255 and next node 0x500b 0x0000_00000000ff0500bc
2024-07-18 15:56:35.875617 INFO  BF_MC Write LAG node at addr 0x500b with id 255 and next node 0x500c 0x00ff_0500cc00ff0500bc
2024-07-18 15:56:35.875623 INFO  BF_MC Write LAG node at addr 0x500c with id 255 and next node 0x500d 0x0000_00000000ff0500dc
2024-07-18 15:56:35.875628 INFO  BF_MC Write LAG node at addr 0x500d with id 255 and next node 0x500e 0x00ff_0500ec00ff0500dc
2024-07-18 15:56:35.875634 INFO  BF_MC Write LAG node at addr 0x500e with id 255 and next node 0x500f 0x0000_00000000ff0500fc
2024-07-18 15:56:35.875640 INFO  BF_MC Write LAG node at addr 0x500f with id 255 and next node 0x5010 0x00ff_05010c00ff0500fc
2024-07-18 15:56:35.875645 INFO  BF_MC Write LAG node at addr 0x5010 with id 255 and next node 0x5011 0x0000_00000000ff05011c
2024-07-18 15:56:35.875651 INFO  BF_MC Write LAG node at addr 0x5011 with id 255 and next node 0x5012 0x00ff_05012c00ff05011c
2024-07-18 15:56:35.875656 INFO  BF_MC Write LAG node at addr 0x5012 with id 255 and next node 0x5013 0x0000_00000000ff05013c
2024-07-18 15:56:35.875665 INFO  BF_MC Write LAG node at addr 0x5013 with id 255 and next node 0x5014 0x00ff_05014c00ff05013c
2024-07-18 15:56:35.875671 INFO  BF_MC Write LAG node at addr 0x5014 with id 255 and next node 0x5015 0x0000_00000000ff05015c
2024-07-18 15:56:35.875676 INFO  BF_MC Write LAG node at addr 0x5015 with id 255 and next node 0x5016 0x00ff_05016c00ff05015c
2024-07-18 15:56:35.875682 INFO  BF_MC Write LAG node at addr 0x5016 with id 255 and next node 0x5017 0x0000_00000000ff05017c
2024-07-18 15:56:35.875688 INFO  BF_MC Write LAG node at addr 0x5017 with id 255 and next node 0x5018 0x00ff_05018c00ff05017c
2024-07-18 15:56:35.875694 INFO  BF_MC Write LAG node at addr 0x5018 with id 255 and next node 0x5019 0x0000_00000000ff05019c
2024-07-18 15:56:35.875715 INFO  BF_MC Write LAG node at addr 0x5019 with id 255 and next node 0x501a 0x00ff_0501ac00ff05019c
2024-07-18 15:56:35.875719 INFO  BF_MC Write LAG node at addr 0x501a with id 255 and next node 0x501b 0x0000_00000000ff0501bc
2024-07-18 15:56:35.875724 INFO  BF_MC Write LAG node at addr 0x501b with id 255 and next node 0x501c 0x00ff_0501cc00ff0501bc
2024-07-18 15:56:35.875728 INFO  BF_MC Write LAG node at addr 0x501c with id 255 and next node 0x501d 0x0000_00000000ff0501dc
2024-07-18 15:56:35.875732 INFO  BF_MC Write LAG node at addr 0x501d with id 255 and next node 0x501e 0x00ff_0501ec00ff0501dc
2024-07-18 15:56:35.875736 INFO  BF_MC Write LAG node at addr 0x501e with id 255 and next node 0x501f 0x0000_00000000ff0501fc
2024-07-18 15:56:35.875740 INFO  BF_MC Write LAG node at addr 0x501f with id 255 and next node 0x5020 0x00ff_05020c00ff0501fc
2024-07-18 15:56:35.875744 INFO  BF_MC Write LAG node at addr 0x5020 with id 255 and next node 0x5021 0x0000_00000000ff05021c
2024-07-18 15:56:35.875748 INFO  BF_MC Write LAG node at addr 0x5021 with id 255 and next node 0x5022 0x00ff_05022c00ff05021c
2024-07-18 15:56:35.875752 INFO  BF_MC Write LAG node at addr 0x5022 with id 255 and next node 0x5023 0x0000_00000000ff05023c
2024-07-18 15:56:35.875757 INFO  BF_MC Write LAG node at addr 0x5023 with id 255 and next node 0x5024 0x00ff_05024c00ff05023c
2024-07-18 15:56:35.875761 INFO  BF_MC Write LAG node at addr 0x5024 with id 255 and next node 0x5025 0x0000_00000000ff05025c
2024-07-18 15:56:35.875765 INFO  BF_MC Write LAG node at addr 0x5025 with id 255 and next node 0x5026 0x00ff_05026c00ff05025c
2024-07-18 15:56:35.875769 INFO  BF_MC Write LAG node at addr 0x5026 with id 255 and next node 0x5027 0x0000_00000000ff05027c
2024-07-18 15:56:35.875774 INFO  BF_MC Write LAG node at addr 0x5027 with id 255 and next node 0x5028 0x00ff_05028c00ff05027c
2024-07-18 15:56:35.875778 INFO  BF_MC Write LAG node at addr 0x5028 with id 255 and next node 0x5029 0x0000_00000000ff05029c
2024-07-18 15:56:35.875782 INFO  BF_MC Write LAG node at addr 0x5029 with id 255 and next node 0x502a 0x00ff_0502ac00ff05029c
2024-07-18 15:56:35.875786 INFO  BF_MC Write LAG node at addr 0x502a with id 255 and next node 0x502b 0x0000_00000000ff0502bc
2024-07-18 15:56:35.875790 INFO  BF_MC Write LAG node at addr 0x502b with id 255 and next node 0x502c 0x00ff_0502cc00ff0502bc
2024-07-18 15:56:35.875794 INFO  BF_MC Write LAG node at addr 0x502c with id 255 and next node 0x502d 0x0000_00000000ff0502dc
2024-07-18 15:56:35.875798 INFO  BF_MC Write LAG node at addr 0x502d with id 255 and next node 0x502e 0x00ff_0502ec00ff0502dc
2024-07-18 15:56:35.875802 INFO  BF_MC Write LAG node at addr 0x502e with id 255 and next node 0x502f 0x0000_00000000ff0502fc
2024-07-18 15:56:35.875807 INFO  BF_MC Write LAG node at addr 0x502f with id 255 and next node 0x5030 0x00ff_05030c00ff0502fc
2024-07-18 15:56:35.875811 INFO  BF_MC Write LAG node at addr 0x5030 with id 255 and next node 0x5031 0x0000_00000000ff05031c
2024-07-18 15:56:35.875815 INFO  BF_MC Write LAG node at addr 0x5031 with id 255 and next node 0x5032 0x00ff_05032c00ff05031c
2024-07-18 15:56:35.875818 INFO  BF_MC Write LAG node at addr 0x5032 with id 255 and next node 0x5033 0x0000_00000000ff05033c
2024-07-18 15:56:35.875826 INFO  BF_MC Write LAG node at addr 0x5033 with id 255 and next node 0x5034 0x00ff_05034c00ff05033c
2024-07-18 15:56:35.875830 INFO  BF_MC Write LAG node at addr 0x5034 with id 255 and next node 0x5035 0x0000_00000000ff05035c
2024-07-18 15:56:35.875834 INFO  BF_MC Write LAG node at addr 0x5035 with id 255 and next node 0x5036 0x00ff_05036c00ff05035c
2024-07-18 15:56:35.875838 INFO  BF_MC Write LAG node at addr 0x5036 with id 255 and next node 0x5037 0x0000_00000000ff05037c
2024-07-18 15:56:35.875842 INFO  BF_MC Write LAG node at addr 0x5037 with id 255 and next node 0x5038 0x00ff_05038c00ff05037c
2024-07-18 15:56:35.875846 INFO  BF_MC Write LAG node at addr 0x5038 with id 255 and next node 0x5039 0x0000_00000000ff05039c
2024-07-18 15:56:35.875850 INFO  BF_MC Write LAG node at addr 0x5039 with id 255 and next node 0x503a 0x00ff_0503ac00ff05039c
2024-07-18 15:56:35.875854 INFO  BF_MC Write LAG node at addr 0x503a with id 255 and next node 0x503b 0x0000_00000000ff0503bc
2024-07-18 15:56:35.875858 INFO  BF_MC Write LAG node at addr 0x503b with id 255 and next node 0x503c 0x00ff_0503cc00ff0503bc
2024-07-18 15:56:35.875862 INFO  BF_MC Write LAG node at addr 0x503c with id 255 and next node 0x503d 0x0000_00000000ff0503dc
2024-07-18 15:56:35.875867 INFO  BF_MC Write LAG node at addr 0x503d with id 255 and next node 0x503e 0x00ff_0503ec00ff0503dc
2024-07-18 15:56:35.875871 INFO  BF_MC Write LAG node at addr 0x503e with id 255 and next node 0x503f 0x0000_00000000ff0503fc
2024-07-18 15:56:35.875875 INFO  BF_MC Write LAG node at addr 0x503f with id 255 and next node 0x5040 0x00ff_05040c00ff0503fc
2024-07-18 15:56:35.875879 INFO  BF_MC Write LAG node at addr 0x5040 with id 255 and next node 0x5041 0x0000_00000000ff05041c
2024-07-18 15:56:35.875883 INFO  BF_MC Write LAG node at addr 0x5041 with id 255 and next node 0x5042 0x00ff_05042c00ff05041c
2024-07-18 15:56:35.875887 INFO  BF_MC Write LAG node at addr 0x5042 with id 255 and next node 0x5043 0x0000_00000000ff05043c
2024-07-18 15:56:35.875892 INFO  BF_MC Write LAG node at addr 0x5043 with id 255 and next node 0x5044 0x00ff_05044c00ff05043c
2024-07-18 15:56:35.875896 INFO  BF_MC Write LAG node at addr 0x5044 with id 255 and next node 0x5045 0x0000_00000000ff05045c
2024-07-18 15:56:35.875900 INFO  BF_MC Write LAG node at addr 0x5045 with id 255 and next node 0x5046 0x00ff_05046c00ff05045c
2024-07-18 15:56:35.875904 INFO  BF_MC Write LAG node at addr 0x5046 with id 255 and next node 0x5047 0x0000_00000000ff05047c
2024-07-18 15:56:35.875908 INFO  BF_MC Write LAG node at addr 0x5047 with id 255 and next node 0x5048 0x00ff_05048c00ff05047c
2024-07-18 15:56:35.875912 INFO  BF_MC Write LAG node at addr 0x5048 with id 255 and next node 0x5049 0x0000_00000000ff05049c
2024-07-18 15:56:35.875916 INFO  BF_MC Write LAG node at addr 0x5049 with id 255 and next node 0x504a 0x00ff_0504ac00ff05049c
2024-07-18 15:56:35.875920 INFO  BF_MC Write LAG node at addr 0x504a with id 255 and next node 0x504b 0x0000_00000000ff0504bc
2024-07-18 15:56:35.875925 INFO  BF_MC Write LAG node at addr 0x504b with id 255 and next node 0x504c 0x00ff_0504cc00ff0504bc
2024-07-18 15:56:35.875929 INFO  BF_MC Write LAG node at addr 0x504c with id 255 and next node 0x504d 0x0000_00000000ff0504dc
2024-07-18 15:56:35.875932 INFO  BF_MC Write LAG node at addr 0x504d with id 255 and next node 0x504e 0x00ff_0504ec00ff0504dc
2024-07-18 15:56:35.875936 INFO  BF_MC Write LAG node at addr 0x504e with id 255 and next node 0x504f 0x0000_00000000ff0504fc
2024-07-18 15:56:35.875941 INFO  BF_MC Write LAG node at addr 0x504f with id 255 and next node 0x5050 0x00ff_05050c00ff0504fc
2024-07-18 15:56:35.875945 INFO  BF_MC Write LAG node at addr 0x5050 with id 255 and next node 0x5051 0x0000_00000000ff05051c
2024-07-18 15:56:35.875949 INFO  BF_MC Write LAG node at addr 0x5051 with id 255 and next node 0x5052 0x00ff_05052c00ff05051c
2024-07-18 15:56:35.875953 INFO  BF_MC Write LAG node at addr 0x5052 with id 255 and next node 0x5053 0x0000_00000000ff05053c
2024-07-18 15:56:35.875957 INFO  BF_MC Write LAG node at addr 0x5053 with id 255 and next node 0x5054 0x00ff_05054c00ff05053c
2024-07-18 15:56:35.875963 INFO  BF_MC Write LAG node at addr 0x5054 with id 255 and next node 0x5055 0x0000_00000000ff05055c
2024-07-18 15:56:35.875967 INFO  BF_MC Write LAG node at addr 0x5055 with id 255 and next node 0x5056 0x00ff_05056c00ff05055c
2024-07-18 15:56:35.875971 INFO  BF_MC Write LAG node at addr 0x5056 with id 255 and next node 0x5057 0x0000_00000000ff05057c
2024-07-18 15:56:35.875976 INFO  BF_MC Write LAG node at addr 0x5057 with id 255 and next node 0x5058 0x00ff_05058c00ff05057c
2024-07-18 15:56:35.875979 INFO  BF_MC Write LAG node at addr 0x5058 with id 255 and next node 0x5059 0x0000_00000000ff05059c
2024-07-18 15:56:35.875983 INFO  BF_MC Write LAG node at addr 0x5059 with id 255 and next node 0x505a 0x00ff_0505ac00ff05059c
2024-07-18 15:56:35.875987 INFO  BF_MC Write LAG node at addr 0x505a with id 255 and next node 0x505b 0x0000_00000000ff0505bc
2024-07-18 15:56:35.875992 INFO  BF_MC Write LAG node at addr 0x505b with id 255 and next node 0x505c 0x00ff_0505cc00ff0505bc
2024-07-18 15:56:35.875996 INFO  BF_MC Write LAG node at addr 0x505c with id 255 and next node 0x505d 0x0000_00000000ff0505dc
2024-07-18 15:56:35.876000 INFO  BF_MC Write LAG node at addr 0x505d with id 255 and next node 0x505e 0x00ff_0505ec00ff0505dc
2024-07-18 15:56:35.876004 INFO  BF_MC Write LAG node at addr 0x505e with id 255 and next node 0x505f 0x0000_00000000ff0505fc
2024-07-18 15:56:35.876009 INFO  BF_MC Write LAG node at addr 0x505f with id 255 and next node 0x5060 0x00ff_05060c00ff0505fc
2024-07-18 15:56:35.876013 INFO  BF_MC Write LAG node at addr 0x5060 with id 255 and next node 0x5061 0x0000_00000000ff05061c
2024-07-18 15:56:35.876017 INFO  BF_MC Write LAG node at addr 0x5061 with id 255 and next node 0x5062 0x00ff_05062c00ff05061c
2024-07-18 15:56:35.876021 INFO  BF_MC Write LAG node at addr 0x5062 with id 255 and next node 0x5063 0x0000_00000000ff05063c
2024-07-18 15:56:35.876025 INFO  BF_MC Write LAG node at addr 0x5063 with id 255 and next node 0x5064 0x00ff_05064c00ff05063c
2024-07-18 15:56:35.876029 INFO  BF_MC Write LAG node at addr 0x5064 with id 255 and next node 0x5065 0x0000_00000000ff05065c
2024-07-18 15:56:35.876033 INFO  BF_MC Write LAG node at addr 0x5065 with id 255 and next node 0x5066 0x00ff_05066c00ff05065c
2024-07-18 15:56:35.876037 INFO  BF_MC Write LAG node at addr 0x5066 with id 255 and next node 0x5067 0x0000_00000000ff05067c
2024-07-18 15:56:35.876042 INFO  BF_MC Write LAG node at addr 0x5067 with id 255 and next node 0x5068 0x00ff_05068c00ff05067c
2024-07-18 15:56:35.876046 INFO  BF_MC Write LAG node at addr 0x5068 with id 255 and next node 0x5069 0x0000_00000000ff05069c
2024-07-18 15:56:35.876050 INFO  BF_MC Write LAG node at addr 0x5069 with id 255 and next node 0x506a 0x00ff_0506ac00ff05069c
2024-07-18 15:56:35.876053 INFO  BF_MC Write LAG node at addr 0x506a with id 255 and next node 0x506b 0x0000_00000000ff0506bc
2024-07-18 15:56:35.876058 INFO  BF_MC Write LAG node at addr 0x506b with id 255 and next node 0x506c 0x00ff_0506cc00ff0506bc
2024-07-18 15:56:35.876062 INFO  BF_MC Write LAG node at addr 0x506c with id 255 and next node 0x506d 0x0000_00000000ff0506dc
2024-07-18 15:56:35.876066 INFO  BF_MC Write LAG node at addr 0x506d with id 255 and next node 0x506e 0x00ff_0506ec00ff0506dc
2024-07-18 15:56:35.876070 INFO  BF_MC Write LAG node at addr 0x506e with id 255 and next node 0x506f 0x0000_00000000ff0506fc
2024-07-18 15:56:35.876074 INFO  BF_MC Write LAG node at addr 0x506f with id 255 and next node 0x5070 0x00ff_05070c00ff0506fc
2024-07-18 15:56:35.876078 INFO  BF_MC Write LAG node at addr 0x5070 with id 255 and next node 0x5071 0x0000_00000000ff05071c
2024-07-18 15:56:35.876082 INFO  BF_MC Write LAG node at addr 0x5071 with id 255 and next node 0x5072 0x00ff_05072c00ff05071c
2024-07-18 15:56:35.876086 INFO  BF_MC Write LAG node at addr 0x5072 with id 255 and next node 0x5073 0x0000_00000000ff05073c
2024-07-18 15:56:35.876091 INFO  BF_MC Write LAG node at addr 0x5073 with id 255 and next node 0x5074 0x00ff_05074c00ff05073c
2024-07-18 15:56:35.876097 INFO  BF_MC Write LAG node at addr 0x5074 with id 255 and next node 0x5075 0x0000_00000000ff05075c
2024-07-18 15:56:35.876101 INFO  BF_MC Write LAG node at addr 0x5075 with id 255 and next node 0x5076 0x00ff_05076c00ff05075c
2024-07-18 15:56:35.876105 INFO  BF_MC Write LAG node at addr 0x5076 with id 255 and next node 0x5077 0x0000_00000000ff05077c
2024-07-18 15:56:35.876110 INFO  BF_MC Write LAG node at addr 0x5077 with id 255 and next node 0x5078 0x00ff_05078c00ff05077c
2024-07-18 15:56:35.876113 INFO  BF_MC Write LAG node at addr 0x5078 with id 255 and next node 0x5079 0x0000_00000000ff05079c
2024-07-18 15:56:35.876117 INFO  BF_MC Write LAG node at addr 0x5079 with id 255 and next node 0x507a 0x00ff_0507ac00ff05079c
2024-07-18 15:56:35.876121 INFO  BF_MC Write LAG node at addr 0x507a with id 255 and next node 0x507b 0x0000_00000000ff0507bc
2024-07-18 15:56:35.876126 INFO  BF_MC Write LAG node at addr 0x507b with id 255 and next node 0x507c 0x00ff_0507cc00ff0507bc
2024-07-18 15:56:35.876130 INFO  BF_MC Write LAG node at addr 0x507c with id 255 and next node 0x507d 0x0000_00000000ff0507dc
2024-07-18 15:56:35.876134 INFO  BF_MC Write LAG node at addr 0x507d with id 255 and next node 0x507e 0x00ff_0507ec00ff0507dc
2024-07-18 15:56:35.876138 INFO  BF_MC Write LAG node at addr 0x507e with id 255 and next node 0x507f 0x0000_00000000ff0507fc
2024-07-18 15:56:35.876142 INFO  BF_MC Write LAG node at addr 0x507f with id 255 and next node 0x5080 0x00ff_05080c00ff0507fc
2024-07-18 15:56:35.876146 INFO  BF_MC Write LAG node at addr 0x5080 with id 255 and next node 0x5081 0x0000_00000000ff05081c
2024-07-18 15:56:35.876150 INFO  BF_MC Write LAG node at addr 0x5081 with id 255 and next node 0x5082 0x00ff_05082c00ff05081c
2024-07-18 15:56:35.876154 INFO  BF_MC Write LAG node at addr 0x5082 with id 255 and next node 0x5083 0x0000_00000000ff05083c
2024-07-18 15:56:35.876159 INFO  BF_MC Write LAG node at addr 0x5083 with id 255 and next node 0x5084 0x00ff_05084c00ff05083c
2024-07-18 15:56:35.876163 INFO  BF_MC Write LAG node at addr 0x5084 with id 255 and next node 0x5085 0x0000_00000000ff05085c
2024-07-18 15:56:35.876167 INFO  BF_MC Write LAG node at addr 0x5085 with id 255 and next node 0x5086 0x00ff_05086c00ff05085c
2024-07-18 15:56:35.876171 INFO  BF_MC Write LAG node at addr 0x5086 with id 255 and next node 0x5087 0x0000_00000000ff05087c
2024-07-18 15:56:35.876175 INFO  BF_MC Write LAG node at addr 0x5087 with id 255 and next node 0x5088 0x00ff_05088c00ff05087c
2024-07-18 15:56:35.876179 INFO  BF_MC Write LAG node at addr 0x5088 with id 255 and next node 0x5089 0x0000_00000000ff05089c
2024-07-18 15:56:35.876183 INFO  BF_MC Write LAG node at addr 0x5089 with id 255 and next node 0x508a 0x00ff_0508ac00ff05089c
2024-07-18 15:56:35.876187 INFO  BF_MC Write LAG node at addr 0x508a with id 255 and next node 0x508b 0x0000_00000000ff0508bc
2024-07-18 15:56:35.876191 INFO  BF_MC Write LAG node at addr 0x508b with id 255 and next node 0x508c 0x00ff_0508cc00ff0508bc
2024-07-18 15:56:35.876195 INFO  BF_MC Write LAG node at addr 0x508c with id 255 and next node 0x508d 0x0000_00000000ff0508dc
2024-07-18 15:56:35.876199 INFO  BF_MC Write LAG node at addr 0x508d with id 255 and next node 0x508e 0x00ff_0508ec00ff0508dc
2024-07-18 15:56:35.876203 INFO  BF_MC Write LAG node at addr 0x508e with id 255 and next node 0x508f 0x0000_00000000ff0508fc
2024-07-18 15:56:35.876208 INFO  BF_MC Write LAG node at addr 0x508f with id 255 and next node 0x5090 0x00ff_05090c00ff0508fc
2024-07-18 15:56:35.876212 INFO  BF_MC Write LAG node at addr 0x5090 with id 255 and next node 0x5091 0x0000_00000000ff05091c
2024-07-18 15:56:35.876216 INFO  BF_MC Write LAG node at addr 0x5091 with id 255 and next node 0x5092 0x00ff_05092c00ff05091c
2024-07-18 15:56:35.876220 INFO  BF_MC Write LAG node at addr 0x5092 with id 255 and next node 0x5093 0x0000_00000000ff05093c
2024-07-18 15:56:35.876225 INFO  BF_MC Write LAG node at addr 0x5093 with id 255 and next node 0x5094 0x00ff_05094c00ff05093c
2024-07-18 15:56:35.876229 INFO  BF_MC Write LAG node at addr 0x5094 with id 255 and next node 0x5095 0x0000_00000000ff05095c
2024-07-18 15:56:35.876235 INFO  BF_MC Write LAG node at addr 0x5095 with id 255 and next node 0x5096 0x00ff_05096c00ff05095c
2024-07-18 15:56:35.876239 INFO  BF_MC Write LAG node at addr 0x5096 with id 255 and next node 0x5097 0x0000_00000000ff05097c
2024-07-18 15:56:35.876243 INFO  BF_MC Write LAG node at addr 0x5097 with id 255 and next node 0x5098 0x00ff_05098c00ff05097c
2024-07-18 15:56:35.876247 INFO  BF_MC Write LAG node at addr 0x5098 with id 255 and next node 0x5099 0x0000_00000000ff05099c
2024-07-18 15:56:35.876251 INFO  BF_MC Write LAG node at addr 0x5099 with id 255 and next node 0x509a 0x00ff_0509ac00ff05099c
2024-07-18 15:56:35.876255 INFO  BF_MC Write LAG node at addr 0x509a with id 255 and next node 0x509b 0x0000_00000000ff0509bc
2024-07-18 15:56:35.876259 INFO  BF_MC Write LAG node at addr 0x509b with id 255 and next node 0x509c 0x00ff_0509cc00ff0509bc
2024-07-18 15:56:35.876263 INFO  BF_MC Write LAG node at addr 0x509c with id 255 and next node 0x509d 0x0000_00000000ff0509dc
2024-07-18 15:56:35.876267 INFO  BF_MC Write LAG node at addr 0x509d with id 255 and next node 0x509e 0x00ff_0509ec00ff0509dc
2024-07-18 15:56:35.876271 INFO  BF_MC Write LAG node at addr 0x509e with id 255 and next node 0x509f 0x0000_00000000ff0509fc
2024-07-18 15:56:35.876276 INFO  BF_MC Write LAG node at addr 0x509f with id 255 and next node 0x50a0 0x00ff_050a0c00ff0509fc
2024-07-18 15:56:35.876280 INFO  BF_MC Write LAG node at addr 0x50a0 with id 255 and next node 0x50a1 0x0000_00000000ff050a1c
2024-07-18 15:56:35.876284 INFO  BF_MC Write LAG node at addr 0x50a1 with id 255 and next node 0x50a2 0x00ff_050a2c00ff050a1c
2024-07-18 15:56:35.876288 INFO  BF_MC Write LAG node at addr 0x50a2 with id 255 and next node 0x50a3 0x0000_00000000ff050a3c
2024-07-18 15:56:35.876292 INFO  BF_MC Write LAG node at addr 0x50a3 with id 255 and next node 0x50a4 0x00ff_050a4c00ff050a3c
2024-07-18 15:56:35.876296 INFO  BF_MC Write LAG node at addr 0x50a4 with id 255 and next node 0x50a5 0x0000_00000000ff050a5c
2024-07-18 15:56:35.876300 INFO  BF_MC Write LAG node at addr 0x50a5 with id 255 and next node 0x50a6 0x00ff_050a6c00ff050a5c
2024-07-18 15:56:35.876304 INFO  BF_MC Write LAG node at addr 0x50a6 with id 255 and next node 0x50a7 0x0000_00000000ff050a7c
2024-07-18 15:56:35.876308 INFO  BF_MC Write LAG node at addr 0x50a7 with id 255 and next node 0x50a8 0x00ff_050a8c00ff050a7c
2024-07-18 15:56:35.876312 INFO  BF_MC Write LAG node at addr 0x50a8 with id 255 and next node 0x50a9 0x0000_00000000ff050a9c
2024-07-18 15:56:35.876316 INFO  BF_MC Write LAG node at addr 0x50a9 with id 255 and next node 0x50aa 0x00ff_050aac00ff050a9c
2024-07-18 15:56:35.876320 INFO  BF_MC Write LAG node at addr 0x50aa with id 255 and next node 0x50ab 0x0000_00000000ff050abc
2024-07-18 15:56:35.876325 INFO  BF_MC Write LAG node at addr 0x50ab with id 255 and next node 0x50ac 0x00ff_050acc00ff050abc
2024-07-18 15:56:35.876330 INFO  BF_MC Write LAG node at addr 0x50ac with id 255 and next node 0x50ad 0x0000_00000000ff050adc
2024-07-18 15:56:35.876336 INFO  BF_MC Write LAG node at addr 0x50ad with id 255 and next node 0x50ae 0x00ff_050aec00ff050adc
2024-07-18 15:56:35.876342 INFO  BF_MC Write LAG node at addr 0x50ae with id 255 and next node 0x50af 0x0000_00000000ff050afc
2024-07-18 15:56:35.876347 INFO  BF_MC Write LAG node at addr 0x50af with id 255 and next node 0x50b0 0x00ff_050b0c00ff050afc
2024-07-18 15:56:35.876351 INFO  BF_MC Write LAG node at addr 0x50b0 with id 255 and next node 0x50b1 0x0000_00000000ff050b1c
2024-07-18 15:56:35.876355 INFO  BF_MC Write LAG node at addr 0x50b1 with id 255 and next node 0x50b2 0x00ff_050b2c00ff050b1c
2024-07-18 15:56:35.876359 INFO  BF_MC Write LAG node at addr 0x50b2 with id 255 and next node 0x50b3 0x0000_00000000ff050b3c
2024-07-18 15:56:35.876364 INFO  BF_MC Write LAG node at addr 0x50b3 with id 255 and next node 0x50b4 0x00ff_050b4c00ff050b3c
2024-07-18 15:56:35.876368 INFO  BF_MC Write LAG node at addr 0x50b4 with id 255 and next node 0x50b5 0x0000_00000000ff050b5c
2024-07-18 15:56:35.876372 INFO  BF_MC Write LAG node at addr 0x50b5 with id 255 and next node 0x50b6 0x00ff_050b6c00ff050b5c
2024-07-18 15:56:35.876378 INFO  BF_MC Write LAG node at addr 0x50b6 with id 255 and next node 0x50b7 0x0000_00000000ff050b7c
2024-07-18 15:56:35.876383 INFO  BF_MC Write LAG node at addr 0x50b7 with id 255 and next node 0x50b8 0x00ff_050b8c00ff050b7c
2024-07-18 15:56:35.876387 INFO  BF_MC Write LAG node at addr 0x50b8 with id 255 and next node 0x50b9 0x0000_00000000ff050b9c
2024-07-18 15:56:35.876391 INFO  BF_MC Write LAG node at addr 0x50b9 with id 255 and next node 0x50ba 0x00ff_050bac00ff050b9c
2024-07-18 15:56:35.876395 INFO  BF_MC Write LAG node at addr 0x50ba with id 255 and next node 0x50bb 0x0000_00000000ff050bbc
2024-07-18 15:56:35.876400 INFO  BF_MC Write LAG node at addr 0x50bb with id 255 and next node 0x50bc 0x00ff_050bcc00ff050bbc
2024-07-18 15:56:35.876404 INFO  BF_MC Write LAG node at addr 0x50bc with id 255 and next node 0x50bd 0x0000_00000000ff050bdc
2024-07-18 15:56:35.876408 INFO  BF_MC Write LAG node at addr 0x50bd with id 255 and next node 0x50be 0x00ff_050bec00ff050bdc
2024-07-18 15:56:35.876412 INFO  BF_MC Write LAG node at addr 0x50be with id 255 and next node 0x50bf 0x0000_00000000ff050bfc
2024-07-18 15:56:35.876417 INFO  BF_MC Write LAG node at addr 0x50bf with id 255 and next node 0x50c0 0x00ff_050c0c00ff050bfc
2024-07-18 15:56:35.876427 INFO  BF_MC Write LAG node at addr 0x50c0 with id 255 and next node 0x50c1 0x0000_00000000ff050c1c
2024-07-18 15:56:35.876431 INFO  BF_MC Write LAG node at addr 0x50c1 with id 255 and next node 0x50c2 0x00ff_050c2c00ff050c1c
2024-07-18 15:56:35.876435 INFO  BF_MC Write LAG node at addr 0x50c2 with id 255 and next node 0x50c3 0x0000_00000000ff050c3c
2024-07-18 15:56:35.876440 INFO  BF_MC Write LAG node at addr 0x50c3 with id 255 and next node 0x50c4 0x00ff_050c4c00ff050c3c
2024-07-18 15:56:35.876444 INFO  BF_MC Write LAG node at addr 0x50c4 with id 255 and next node 0x50c5 0x0000_00000000ff050c5c
2024-07-18 15:56:35.878228 INFO  BF_PM bf_pm_pltfm_front_port_eligible_for_autoneg:3163 0:7/0:1(an_eligibility)
2024-07-18 15:56:35.878264 INFO  BF_PM bf_pm_pltfm_front_port_ready_for_bringup:3062 0:7/0:1(ready)
2024-07-18 15:56:35.878278 INFO  BF_PM bf_pm_pltfm_front_port_eligible_for_autoneg:3163 0:7/1:1(an_eligibility)
2024-07-18 15:56:35.878291 INFO  BF_PM bf_pm_pltfm_front_port_ready_for_bringup:3062 0:7/1:1(ready)
2024-07-18 15:56:35.878303 INFO  BF_PM bf_pm_pltfm_front_port_eligible_for_autoneg:3163 0:7/2:1(an_eligibility)
2024-07-18 15:56:35.878316 INFO  BF_PM bf_pm_pltfm_front_port_ready_for_bringup:3062 0:7/2:1(ready)
2024-07-18 15:56:35.878330 INFO  BF_PM bf_pm_pltfm_front_port_eligible_for_autoneg:3163 0:7/3:1(an_eligibility)
2024-07-18 15:56:35.878342 INFO  BF_PM bf_pm_pltfm_front_port_ready_for_bringup:3062 0:7/3:1(ready)
2024-07-18 15:56:35.878355 DEBUG BF_PLTFM QSFP:  7 : QSFP_FSM_ST_INSERTED         --> QSFP_FSM_ST_DETECTED         (0ms)
2024-07-18 15:56:35.879262 INFO  BF_MC Write LAG node at addr 0x50c5 with id 255 and next node 0x50c6 0x00ff_050c6c00ff050c5c
2024-07-18 15:56:35.879275 INFO  BF_MC Write LAG node at addr 0x50c6 with id 255 and next node 0x50c7 0x0000_00000000ff050c7c
2024-07-18 15:56:35.879279 INFO  BF_MC Write LAG node at addr 0x50c7 with id 255 and next node 0x50c8 0x00ff_050c8c00ff050c7c
2024-07-18 15:56:35.879284 INFO  BF_MC Write LAG node at addr 0x50c8 with id 255 and next node 0x50c9 0x0000_00000000ff050c9c
2024-07-18 15:56:35.879288 INFO  BF_MC Write LAG node at addr 0x50c9 with id 255 and next node 0x50ca 0x00ff_050cac00ff050c9c
2024-07-18 15:56:35.879293 INFO  BF_MC Write LAG node at addr 0x50ca with id 255 and next node 0x50cb 0x0000_00000000ff050cbc
2024-07-18 15:56:35.879297 INFO  BF_MC Write LAG node at addr 0x50cb with id 255 and next node 0x50cc 0x00ff_050ccc00ff050cbc
2024-07-18 15:56:35.879301 INFO  BF_MC Write LAG node at addr 0x50cc with id 255 and next node 0x50cd 0x0000_00000000ff050cdc
2024-07-18 15:56:35.879305 INFO  BF_MC Write LAG node at addr 0x50cd with id 255 and next node 0x50ce 0x00ff_050cec00ff050cdc
2024-07-18 15:56:35.879315 INFO  BF_MC Write LAG node at addr 0x50ce with id 255 and next node 0x50cf 0x0000_00000000ff050cfc
2024-07-18 15:56:35.879319 INFO  BF_MC Write LAG node at addr 0x50cf with id 255 and next node 0x50d0 0x00ff_050d0c00ff050cfc
2024-07-18 15:56:35.879323 INFO  BF_MC Write LAG node at addr 0x50d0 with id 255 and next node 0x50d1 0x0000_00000000ff050d1c
2024-07-18 15:56:35.879327 INFO  BF_MC Write LAG node at addr 0x50d1 with id 255 and next node 0x50d2 0x00ff_050d2c00ff050d1c
2024-07-18 15:56:35.879332 INFO  BF_MC Write LAG node at addr 0x50d2 with id 255 and next node 0x50d3 0x0000_00000000ff050d3c
2024-07-18 15:56:35.879336 INFO  BF_MC Write LAG node at addr 0x50d3 with id 255 and next node 0x50d4 0x00ff_050d4c00ff050d3c
2024-07-18 15:56:35.879340 INFO  BF_MC Write LAG node at addr 0x50d4 with id 255 and next node 0x50d5 0x0000_00000000ff050d5c
2024-07-18 15:56:35.879344 INFO  BF_MC Write LAG node at addr 0x50d5 with id 255 and next node 0x50d6 0x00ff_050d6c00ff050d5c
2024-07-18 15:56:35.879349 INFO  BF_MC Write LAG node at addr 0x50d6 with id 255 and next node 0x50d7 0x0000_00000000ff050d7c
2024-07-18 15:56:35.879353 INFO  BF_MC Write LAG node at addr 0x50d7 with id 255 and next node 0x50d8 0x00ff_050d8c00ff050d7c
2024-07-18 15:56:35.879357 INFO  BF_MC Write LAG node at addr 0x50d8 with id 255 and next node 0x50d9 0x0000_00000000ff050d9c
2024-07-18 15:56:35.879361 INFO  BF_MC Write LAG node at addr 0x50d9 with id 255 and next node 0x50da 0x00ff_050dac00ff050d9c
2024-07-18 15:56:35.879366 INFO  BF_MC Write LAG node at addr 0x50da with id 255 and next node 0x50db 0x0000_00000000ff050dbc
2024-07-18 15:56:35.879370 INFO  BF_MC Write LAG node at addr 0x50db with id 255 and next node 0x50dc 0x00ff_050dcc00ff050dbc
2024-07-18 15:56:35.879374 INFO  BF_MC Write LAG node at addr 0x50dc with id 255 and next node 0x50dd 0x0000_00000000ff050ddc
2024-07-18 15:56:35.879378 INFO  BF_MC Write LAG node at addr 0x50dd with id 255 and next node 0x50de 0x00ff_050dec00ff050ddc
2024-07-18 15:56:35.879382 INFO  BF_MC Write LAG node at addr 0x50de with id 255 and next node 0x50df 0x0000_00000000ff050dfc
2024-07-18 15:56:35.879386 INFO  BF_MC Write LAG node at addr 0x50df with id 255 and next node 0x50e0 0x00ff_050e0c00ff050dfc
2024-07-18 15:56:35.879390 INFO  BF_MC Write LAG node at addr 0x50e0 with id 255 and next node 0x50e1 0x0000_00000000ff050e1c
2024-07-18 15:56:35.879394 INFO  BF_MC Write LAG node at addr 0x50e1 with id 255 and next node 0x50e2 0x00ff_050e2c00ff050e1c
2024-07-18 15:56:35.879399 INFO  BF_MC Write LAG node at addr 0x50e2 with id 255 and next node 0x50e3 0x0000_00000000ff050e3c
2024-07-18 15:56:35.879402 INFO  BF_MC Write LAG node at addr 0x50e3 with id 255 and next node 0x50e4 0x00ff_050e4c00ff050e3c
2024-07-18 15:56:35.879406 INFO  BF_MC Write LAG node at addr 0x50e4 with id 255 and next node 0x50e5 0x0000_00000000ff050e5c
2024-07-18 15:56:35.879410 INFO  BF_MC Write LAG node at addr 0x50e5 with id 255 and next node 0x50e6 0x00ff_050e6c00ff050e5c
2024-07-18 15:56:35.879415 INFO  BF_MC Write LAG node at addr 0x50e6 with id 255 and next node 0x50e7 0x0000_00000000ff050e7c
2024-07-18 15:56:35.879425 INFO  BF_MC Write LAG node at addr 0x50e7 with id 255 and next node 0x50e8 0x00ff_050e8c00ff050e7c
2024-07-18 15:56:35.879429 INFO  BF_MC Write LAG node at addr 0x50e8 with id 255 and next node 0x50e9 0x0000_00000000ff050e9c
2024-07-18 15:56:35.879433 INFO  BF_MC Write LAG node at addr 0x50e9 with id 255 and next node 0x50ea 0x00ff_050eac00ff050e9c
2024-07-18 15:56:35.879438 INFO  BF_MC Write LAG node at addr 0x50ea with id 255 and next node 0x50eb 0x0000_00000000ff050ebc
2024-07-18 15:56:35.879442 INFO  BF_MC Write LAG node at addr 0x50eb with id 255 and next node 0x50ec 0x00ff_050ecc00ff050ebc
2024-07-18 15:56:35.879446 INFO  BF_MC Write LAG node at addr 0x50ec with id 255 and next node 0x50ed 0x0000_00000000ff050edc
2024-07-18 15:56:35.879450 INFO  BF_MC Write LAG node at addr 0x50ed with id 255 and next node 0x50ee 0x00ff_050eec00ff050edc
2024-07-18 15:56:35.879454 INFO  BF_MC Write LAG node at addr 0x50ee with id 255 and next node 0x50ef 0x0000_00000000ff050efc
2024-07-18 15:56:35.879461 INFO  BF_MC Write LAG node at addr 0x50ef with id 255 and next node 0x50f0 0x00ff_050f0c00ff050efc
2024-07-18 15:56:35.879465 INFO  BF_MC Write LAG node at addr 0x50f0 with id 255 and next node 0x50f1 0x0000_00000000ff050f1c
2024-07-18 15:56:35.879469 INFO  BF_MC Write LAG node at addr 0x50f1 with id 255 and next node 0x50f2 0x00ff_050f2c00ff050f1c
2024-07-18 15:56:35.879476 INFO  BF_MC Write LAG node at addr 0x50f2 with id 255 and next node 0x50f3 0x0000_00000000ff050f3c
2024-07-18 15:56:35.879480 INFO  BF_MC Write LAG node at addr 0x50f3 with id 255 and next node 0x50f4 0x00ff_050f4c00ff050f3c
2024-07-18 15:56:35.879484 INFO  BF_MC Write LAG node at addr 0x50f4 with id 255 and next node 0x50f5 0x0000_00000000ff050f5c
2024-07-18 15:56:35.879488 INFO  BF_MC Write LAG node at addr 0x50f5 with id 255 and next node 0x50f6 0x00ff_050f6c00ff050f5c
2024-07-18 15:56:35.879492 INFO  BF_MC Write LAG node at addr 0x50f6 with id 255 and next node 0x50f7 0x0000_00000000ff050f7c
2024-07-18 15:56:35.879496 INFO  BF_MC Write LAG node at addr 0x50f7 with id 255 and next node 0x50f8 0x00ff_050f8c00ff050f7c
2024-07-18 15:56:35.879500 INFO  BF_MC Write LAG node at addr 0x50f8 with id 255 and next node 0x50f9 0x0000_00000000ff050f9c
2024-07-18 15:56:35.879504 INFO  BF_MC Write LAG node at addr 0x50f9 with id 255 and next node 0x50fa 0x00ff_050fac00ff050f9c
2024-07-18 15:56:35.879508 INFO  BF_MC Write LAG node at addr 0x50fa with id 255 and next node 0x50fb 0x0000_00000000ff050fbc
2024-07-18 15:56:35.879513 INFO  BF_MC Write LAG node at addr 0x50fb with id 255 and next node 0x50fc 0x00ff_050fcc00ff050fbc
2024-07-18 15:56:35.879519 INFO  BF_MC Write LAG node at addr 0x50fc with id 255 and next node 0x50fd 0x0000_00000000ff050fdc
2024-07-18 15:56:35.879525 INFO  BF_MC Write LAG node at addr 0x50fd with id 255 and next node 0x50fe 0x00ff_050fec00ff050fdc
2024-07-18 15:56:35.879529 INFO  BF_MC Write LAG node at addr 0x50fe with id 255 and next node 0x50ff 0x0000_00000000ff050ffc
2024-07-18 15:56:35.879533 INFO  BF_MC Write LAG node at addr 0x50ff with id 255 and next node 0x5100 0x00ff_05100c00ff050ffc
2024-07-18 15:56:35.879537 INFO  BF_MC Write LAG node at addr 0x5100 with id 255 and next node 0x5101 0x0000_00000000ff05101c
2024-07-18 15:56:35.879541 INFO  BF_MC Write LAG node at addr 0x5101 with id 255 and next node 0x5102 0x00ff_05102c00ff05101c
2024-07-18 15:56:35.879546 INFO  BF_MC Write LAG node at addr 0x5102 with id 255 and next node 0x5103 0x0000_00000000ff05103c
2024-07-18 15:56:35.879550 INFO  BF_MC Write LAG node at addr 0x5103 with id 255 and next node 0 0x00ff_00000c00ff05103c
2024-07-18 15:56:35.879556 INFO  BF_MC Allocated RDM addresses 0x11c0 - 0x11df
2024-07-18 15:56:35.879564 INFO  BF_MC Write L1End node at addr 0x11c0, rid 0, l2 0x5101
2024-07-18 15:56:35.879568 INFO  BF_MC Write L1End node at addr 0x11c1, rid 0, l2 0x5100
2024-07-18 15:56:35.879572 INFO  BF_MC Write L1End node at addr 0x11c2, rid 0, l2 0x50ff
2024-07-18 15:56:35.879576 INFO  BF_MC Write L1End node at addr 0x11c3, rid 0, l2 0x50fe
2024-07-18 15:56:35.879580 INFO  BF_MC Write L1End node at addr 0x11c4, rid 0, l2 0x50fd
2024-07-18 15:56:35.879584 INFO  BF_MC Write L1End node at addr 0x11c5, rid 0, l2 0x50fc
2024-07-18 15:56:35.879588 INFO  BF_MC Write L1End node at addr 0x11c6, rid 0, l2 0x50fb
2024-07-18 15:56:35.879591 INFO  BF_MC Write L1End node at addr 0x11c7, rid 0, l2 0x50fa
2024-07-18 15:56:35.879595 INFO  BF_MC Write L1End node at addr 0x11c8, rid 0, l2 0x50f8
2024-07-18 15:56:35.879599 INFO  BF_MC Write L1End node at addr 0x11c9, rid 0, l2 0x50f6
2024-07-18 15:56:35.879603 INFO  BF_MC Write L1End node at addr 0x11ca, rid 0, l2 0x50f4
2024-07-18 15:56:35.879607 INFO  BF_MC Write L1End node at addr 0x11cb, rid 0, l2 0x50f2
2024-07-18 15:56:35.879610 INFO  BF_MC Write L1End node at addr 0x11cc, rid 0, l2 0x50f0
2024-07-18 15:56:35.879616 INFO  BF_MC Write L1End node at addr 0x11cd, rid 0, l2 0x50ee
2024-07-18 15:56:35.879620 INFO  BF_MC Write L1End node at addr 0x11ce, rid 0, l2 0x50ec
2024-07-18 15:56:35.879626 INFO  BF_MC Write L1End node at addr 0x11cf, rid 0, l2 0x50ea
2024-07-18 15:56:35.879630 INFO  BF_MC Write L1End node at addr 0x11d0, rid 0, l2 0x50e8
2024-07-18 15:56:35.879634 INFO  BF_MC Write L1End node at addr 0x11d1, rid 0, l2 0x50e6
2024-07-18 15:56:35.879638 INFO  BF_MC Write L1End node at addr 0x11d2, rid 0, l2 0x50e4
2024-07-18 15:56:35.879641 INFO  BF_MC Write L1End node at addr 0x11d3, rid 0, l2 0x50e0
2024-07-18 15:56:35.879645 INFO  BF_MC Write L1End node at addr 0x11d4, rid 0, l2 0x50dc
2024-07-18 15:56:35.879649 INFO  BF_MC Write L1End node at addr 0x11d5, rid 0, l2 0x50d8
2024-07-18 15:56:35.879653 INFO  BF_MC Write L1End node at addr 0x11d6, rid 0, l2 0x50d4
2024-07-18 15:56:35.879657 INFO  BF_MC Write L1End node at addr 0x11d7, rid 0, l2 0x50cc
2024-07-18 15:56:35.879660 INFO  BF_MC Write L1End node at addr 0x11d8, rid 0, l2 0x50c4
2024-07-18 15:56:35.879665 INFO  BF_MC Write L1End node at addr 0x11d9, rid 0, l2 0x50bc
2024-07-18 15:56:35.879668 INFO  BF_MC Write L1End node at addr 0x11da, rid 0, l2 0x50a0
2024-07-18 15:56:35.879672 INFO  BF_MC Write L1End node at addr 0x11db, rid 0, l2 0x5087
2024-07-18 15:56:35.879676 INFO  BF_MC Write L1End node at addr 0x11dc, rid 0, l2 0x506e
2024-07-18 15:56:35.879680 INFO  BF_MC Write L1End node at addr 0x11dd, rid 0, l2 0x5055
2024-07-18 15:56:35.879684 INFO  BF_MC Write L1End node at addr 0x11de, rid 0, l2 0x503c
2024-07-18 15:56:35.879687 INFO  BF_MC Write L1End node at addr 0x11df, rid 0, l2 0x5000
2024-07-18 15:56:35.879692 INFO  BF_MC Allocated RDM addresses 0x6000 - 0x6103
2024-07-18 15:56:35.879697 INFO  BF_MC Write LAG node at addr 0x6000 with id 255 and next node 0x6001 0x0000_00000000ff06001c
2024-07-18 15:56:35.879701 INFO  BF_MC Write LAG node at addr 0x6001 with id 255 and next node 0x6002 0x00ff_06002c00ff06001c
2024-07-18 15:56:35.879705 INFO  BF_MC Write LAG node at addr 0x6002 with id 255 and next node 0x6003 0x0000_00000000ff06003c
2024-07-18 15:56:35.879709 INFO  BF_MC Write LAG node at addr 0x6003 with id 255 and next node 0x6004 0x00ff_06004c00ff06003c
2024-07-18 15:56:35.879713 INFO  BF_MC Write LAG node at addr 0x6004 with id 255 and next node 0x6005 0x0000_00000000ff06005c
2024-07-18 15:56:35.879717 INFO  BF_MC Write LAG node at addr 0x6005 with id 255 and next node 0x6006 0x00ff_06006c00ff06005c
2024-07-18 15:56:35.879721 INFO  BF_MC Write LAG node at addr 0x6006 with id 255 and next node 0x6007 0x0000_00000000ff06007c
2024-07-18 15:56:35.879725 INFO  BF_MC Write LAG node at addr 0x6007 with id 255 and next node 0x6008 0x00ff_06008c00ff06007c
2024-07-18 15:56:35.879730 INFO  BF_MC Write LAG node at addr 0x6008 with id 255 and next node 0x6009 0x0000_00000000ff06009c
2024-07-18 15:56:35.879734 INFO  BF_MC Write LAG node at addr 0x6009 with id 255 and next node 0x600a 0x00ff_0600ac00ff06009c
2024-07-18 15:56:35.879738 INFO  BF_MC Write LAG node at addr 0x600a with id 255 and next node 0x600b 0x0000_00000000ff0600bc
2024-07-18 15:56:35.879742 INFO  BF_MC Write LAG node at addr 0x600b with id 255 and next node 0x600c 0x00ff_0600cc00ff0600bc
2024-07-18 15:56:35.879747 INFO  BF_MC Write LAG node at addr 0x600c with id 255 and next node 0x600d 0x0000_00000000ff0600dc
2024-07-18 15:56:35.879751 INFO  BF_MC Write LAG node at addr 0x600d with id 255 and next node 0x600e 0x00ff_0600ec00ff0600dc
2024-07-18 15:56:35.879755 INFO  BF_MC Write LAG node at addr 0x600e with id 255 and next node 0x600f 0x0000_00000000ff0600fc
2024-07-18 15:56:35.879759 INFO  BF_MC Write LAG node at addr 0x600f with id 255 and next node 0x6010 0x00ff_06010c00ff0600fc
2024-07-18 15:56:35.879763 INFO  BF_MC Write LAG node at addr 0x6010 with id 255 and next node 0x6011 0x0000_00000000ff06011c
2024-07-18 15:56:35.879767 INFO  BF_MC Write LAG node at addr 0x6011 with id 255 and next node 0x6012 0x00ff_06012c00ff06011c
2024-07-18 15:56:35.879771 INFO  BF_MC Write LAG node at addr 0x6012 with id 255 and next node 0x6013 0x0000_00000000ff06013c
2024-07-18 15:56:35.879775 INFO  BF_MC Write LAG node at addr 0x6013 with id 255 and next node 0x6014 0x00ff_06014c00ff06013c
2024-07-18 15:56:35.879782 INFO  BF_MC Write LAG node at addr 0x6014 with id 255 and next node 0x6015 0x0000_00000000ff06015c
2024-07-18 15:56:35.879786 INFO  BF_MC Write LAG node at addr 0x6015 with id 255 and next node 0x6016 0x00ff_06016c00ff06015c
2024-07-18 15:56:35.879789 INFO  BF_MC Write LAG node at addr 0x6016 with id 255 and next node 0x6017 0x0000_00000000ff06017c
2024-07-18 15:56:35.879793 INFO  BF_MC Write LAG node at addr 0x6017 with id 255 and next node 0x6018 0x00ff_06018c00ff06017c
2024-07-18 15:56:35.879798 INFO  BF_MC Write LAG node at addr 0x6018 with id 255 and next node 0x6019 0x0000_00000000ff06019c
2024-07-18 15:56:35.879802 INFO  BF_MC Write LAG node at addr 0x6019 with id 255 and next node 0x601a 0x00ff_0601ac00ff06019c
2024-07-18 15:56:35.879806 INFO  BF_MC Write LAG node at addr 0x601a with id 255 and next node 0x601b 0x0000_00000000ff0601bc
2024-07-18 15:56:35.879810 INFO  BF_MC Write LAG node at addr 0x601b with id 255 and next node 0x601c 0x00ff_0601cc00ff0601bc
2024-07-18 15:56:35.879814 INFO  BF_MC Write LAG node at addr 0x601c with id 255 and next node 0x601d 0x0000_00000000ff0601dc
2024-07-18 15:56:35.879818 INFO  BF_MC Write LAG node at addr 0x601d with id 255 and next node 0x601e 0x00ff_0601ec00ff0601dc
2024-07-18 15:56:35.879822 INFO  BF_MC Write LAG node at addr 0x601e with id 255 and next node 0x601f 0x0000_00000000ff0601fc
2024-07-18 15:56:35.879826 INFO  BF_MC Write LAG node at addr 0x601f with id 255 and next node 0x6020 0x00ff_06020c00ff0601fc
2024-07-18 15:56:35.879830 INFO  BF_MC Write LAG node at addr 0x6020 with id 255 and next node 0x6021 0x0000_00000000ff06021c
2024-07-18 15:56:35.879834 INFO  BF_MC Write LAG node at addr 0x6021 with id 255 and next node 0x6022 0x00ff_06022c00ff06021c
2024-07-18 15:56:35.879838 INFO  BF_MC Write LAG node at addr 0x6022 with id 255 and next node 0x6023 0x0000_00000000ff06023c
2024-07-18 15:56:35.879842 INFO  BF_MC Write LAG node at addr 0x6023 with id 255 and next node 0x6024 0x00ff_06024c00ff06023c
2024-07-18 15:56:35.879846 INFO  BF_MC Write LAG node at addr 0x6024 with id 255 and next node 0x6025 0x0000_00000000ff06025c
2024-07-18 15:56:35.879850 INFO  BF_MC Write LAG node at addr 0x6025 with id 255 and next node 0x6026 0x00ff_06026c00ff06025c
2024-07-18 15:56:35.879854 INFO  BF_MC Write LAG node at addr 0x6026 with id 255 and next node 0x6027 0x0000_00000000ff06027c
2024-07-18 15:56:35.879858 INFO  BF_MC Write LAG node at addr 0x6027 with id 255 and next node 0x6028 0x00ff_06028c00ff06027c
2024-07-18 15:56:35.879863 INFO  BF_MC Write LAG node at addr 0x6028 with id 255 and next node 0x6029 0x0000_00000000ff06029c
2024-07-18 15:56:35.879866 INFO  BF_MC Write LAG node at addr 0x6029 with id 255 and next node 0x602a 0x00ff_0602ac00ff06029c
2024-07-18 15:56:35.879870 INFO  BF_MC Write LAG node at addr 0x602a with id 255 and next node 0x602b 0x0000_00000000ff0602bc
2024-07-18 15:56:35.879874 INFO  BF_MC Write LAG node at addr 0x602b with id 255 and next node 0x602c 0x00ff_0602cc00ff0602bc
2024-07-18 15:56:35.879880 INFO  BF_MC Write LAG node at addr 0x602c with id 255 and next node 0x602d 0x0000_00000000ff0602dc
2024-07-18 15:56:35.879884 INFO  BF_MC Write LAG node at addr 0x602d with id 255 and next node 0x602e 0x00ff_0602ec00ff0602dc
2024-07-18 15:56:35.879888 INFO  BF_MC Write LAG node at addr 0x602e with id 255 and next node 0x602f 0x0000_00000000ff0602fc
2024-07-18 15:56:35.879892 INFO  BF_MC Write LAG node at addr 0x602f with id 255 and next node 0x6030 0x00ff_06030c00ff0602fc
2024-07-18 15:56:35.879896 INFO  BF_MC Write LAG node at addr 0x6030 with id 255 and next node 0x6031 0x0000_00000000ff06031c
2024-07-18 15:56:35.879900 INFO  BF_MC Write LAG node at addr 0x6031 with id 255 and next node 0x6032 0x00ff_06032c00ff06031c
2024-07-18 15:56:35.879904 INFO  BF_MC Write LAG node at addr 0x6032 with id 255 and next node 0x6033 0x0000_00000000ff06033c
2024-07-18 15:56:35.879908 INFO  BF_MC Write LAG node at addr 0x6033 with id 255 and next node 0x6034 0x00ff_06034c00ff06033c
2024-07-18 15:56:35.879912 INFO  BF_MC Write LAG node at addr 0x6034 with id 255 and next node 0x6035 0x0000_00000000ff06035c
2024-07-18 15:56:35.879918 INFO  BF_MC Write LAG node at addr 0x6035 with id 255 and next node 0x6036 0x00ff_06036c00ff06035c
2024-07-18 15:56:35.879922 INFO  BF_MC Write LAG node at addr 0x6036 with id 255 and next node 0x6037 0x0000_00000000ff06037c
2024-07-18 15:56:35.879926 INFO  BF_MC Write LAG node at addr 0x6037 with id 255 and next node 0x6038 0x00ff_06038c00ff06037c
2024-07-18 15:56:35.879930 INFO  BF_MC Write LAG node at addr 0x6038 with id 255 and next node 0x6039 0x0000_00000000ff06039c
2024-07-18 15:56:35.879934 INFO  BF_MC Write LAG node at addr 0x6039 with id 255 and next node 0x603a 0x00ff_0603ac00ff06039c
2024-07-18 15:56:35.879938 INFO  BF_MC Write LAG node at addr 0x603a with id 255 and next node 0x603b 0x0000_00000000ff0603bc
2024-07-18 15:56:35.879942 INFO  BF_MC Write LAG node at addr 0x603b with id 255 and next node 0x603c 0x00ff_0603cc00ff0603bc
2024-07-18 15:56:35.879946 INFO  BF_MC Write LAG node at addr 0x603c with id 255 and next node 0x603d 0x0000_00000000ff0603dc
2024-07-18 15:56:35.879950 INFO  BF_MC Write LAG node at addr 0x603d with id 255 and next node 0x603e 0x00ff_0603ec00ff0603dc
2024-07-18 15:56:35.879954 INFO  BF_MC Write LAG node at addr 0x603e with id 255 and next node 0x603f 0x0000_00000000ff0603fc
2024-07-18 15:56:35.879958 INFO  BF_MC Write LAG node at addr 0x603f with id 255 and next node 0x6040 0x00ff_06040c00ff0603fc
2024-07-18 15:56:35.879963 INFO  BF_MC Write LAG node at addr 0x6040 with id 255 and next node 0x6041 0x0000_00000000ff06041c
2024-07-18 15:56:35.879966 INFO  BF_MC Write LAG node at addr 0x6041 with id 255 and next node 0x6042 0x00ff_06042c00ff06041c
2024-07-18 15:56:35.879970 INFO  BF_MC Write LAG node at addr 0x6042 with id 255 and next node 0x6043 0x0000_00000000ff06043c
2024-07-18 15:56:35.879974 INFO  BF_MC Write LAG node at addr 0x6043 with id 255 and next node 0x6044 0x00ff_06044c00ff06043c
2024-07-18 15:56:35.879979 INFO  BF_MC Write LAG node at addr 0x6044 with id 255 and next node 0x6045 0x0000_00000000ff06045c
2024-07-18 15:56:35.879983 INFO  BF_MC Write LAG node at addr 0x6045 with id 255 and next node 0x6046 0x00ff_06046c00ff06045c
2024-07-18 15:56:35.879986 INFO  BF_MC Write LAG node at addr 0x6046 with id 255 and next node 0x6047 0x0000_00000000ff06047c
2024-07-18 15:56:35.879990 INFO  BF_MC Write LAG node at addr 0x6047 with id 255 and next node 0x6048 0x00ff_06048c00ff06047c
2024-07-18 15:56:35.879995 INFO  BF_MC Write LAG node at addr 0x6048 with id 255 and next node 0x6049 0x0000_00000000ff06049c
2024-07-18 15:56:35.879999 INFO  BF_MC Write LAG node at addr 0x6049 with id 255 and next node 0x604a 0x00ff_0604ac00ff06049c
2024-07-18 15:56:35.880003 INFO  BF_MC Write LAG node at addr 0x604a with id 255 and next node 0x604b 0x0000_00000000ff0604bc
2024-07-18 15:56:35.880006 INFO  BF_MC Write LAG node at addr 0x604b with id 255 and next node 0x604c 0x00ff_0604cc00ff0604bc
2024-07-18 15:56:35.880012 INFO  BF_MC Write LAG node at addr 0x604c with id 255 and next node 0x604d 0x0000_00000000ff0604dc
2024-07-18 15:56:35.880016 INFO  BF_MC Write LAG node at addr 0x604d with id 255 and next node 0x604e 0x00ff_0604ec00ff0604dc
2024-07-18 15:56:35.880020 INFO  BF_MC Write LAG node at addr 0x604e with id 255 and next node 0x604f 0x0000_00000000ff0604fc
2024-07-18 15:56:35.880024 INFO  BF_MC Write LAG node at addr 0x604f with id 255 and next node 0x6050 0x00ff_06050c00ff0604fc
2024-07-18 15:56:35.880028 INFO  BF_MC Write LAG node at addr 0x6050 with id 255 and next node 0x6051 0x0000_00000000ff06051c
2024-07-18 15:56:35.880032 INFO  BF_MC Write LAG node at addr 0x6051 with id 255 and next node 0x6052 0x00ff_06052c00ff06051c
2024-07-18 15:56:35.880036 INFO  BF_MC Write LAG node at addr 0x6052 with id 255 and next node 0x6053 0x0000_00000000ff06053c
2024-07-18 15:56:35.880040 INFO  BF_MC Write LAG node at addr 0x6053 with id 255 and next node 0x6054 0x00ff_06054c00ff06053c
2024-07-18 15:56:35.880045 INFO  BF_MC Write LAG node at addr 0x6054 with id 255 and next node 0x6055 0x0000_00000000ff06055c
2024-07-18 15:56:35.880051 INFO  BF_MC Write LAG node at addr 0x6055 with id 255 and next node 0x6056 0x00ff_06056c00ff06055c
2024-07-18 15:56:35.880055 INFO  BF_MC Write LAG node at addr 0x6056 with id 255 and next node 0x6057 0x0000_00000000ff06057c
2024-07-18 15:56:35.880059 INFO  BF_MC Write LAG node at addr 0x6057 with id 255 and next node 0x6058 0x00ff_06058c00ff06057c
2024-07-18 15:56:35.880063 INFO  BF_MC Write LAG node at addr 0x6058 with id 255 and next node 0x6059 0x0000_00000000ff06059c
2024-07-18 15:56:35.880067 INFO  BF_MC Write LAG node at addr 0x6059 with id 255 and next node 0x605a 0x00ff_0605ac00ff06059c
2024-07-18 15:56:35.880071 INFO  BF_MC Write LAG node at addr 0x605a with id 255 and next node 0x605b 0x0000_00000000ff0605bc
2024-07-18 15:56:35.880075 INFO  BF_MC Write LAG node at addr 0x605b with id 255 and next node 0x605c 0x00ff_0605cc00ff0605bc
2024-07-18 15:56:35.880079 INFO  BF_MC Write LAG node at addr 0x605c with id 255 and next node 0x605d 0x0000_00000000ff0605dc
2024-07-18 15:56:35.880083 INFO  BF_MC Write LAG node at addr 0x605d with id 255 and next node 0x605e 0x00ff_0605ec00ff0605dc
2024-07-18 15:56:35.880087 INFO  BF_MC Write LAG node at addr 0x605e with id 255 and next node 0x605f 0x0000_00000000ff0605fc
2024-07-18 15:56:35.880091 INFO  BF_MC Write LAG node at addr 0x605f with id 255 and next node 0x6060 0x00ff_06060c00ff0605fc
2024-07-18 15:56:35.880096 INFO  BF_MC Write LAG node at addr 0x6060 with id 255 and next node 0x6061 0x0000_00000000ff06061c
2024-07-18 15:56:35.880100 INFO  BF_MC Write LAG node at addr 0x6061 with id 255 and next node 0x6062 0x00ff_06062c00ff06061c
2024-07-18 15:56:35.880104 INFO  BF_MC Write LAG node at addr 0x6062 with id 255 and next node 0x6063 0x0000_00000000ff06063c
2024-07-18 15:56:35.880107 INFO  BF_MC Write LAG node at addr 0x6063 with id 255 and next node 0x6064 0x00ff_06064c00ff06063c
2024-07-18 15:56:35.880112 INFO  BF_MC Write LAG node at addr 0x6064 with id 255 and next node 0x6065 0x0000_00000000ff06065c
2024-07-18 15:56:35.880116 INFO  BF_MC Write LAG node at addr 0x6065 with id 255 and next node 0x6066 0x00ff_06066c00ff06065c
2024-07-18 15:56:35.880120 INFO  BF_MC Write LAG node at addr 0x6066 with id 255 and next node 0x6067 0x0000_00000000ff06067c
2024-07-18 15:56:35.880124 INFO  BF_MC Write LAG node at addr 0x6067 with id 255 and next node 0x6068 0x00ff_06068c00ff06067c
2024-07-18 15:56:35.880128 INFO  BF_MC Write LAG node at addr 0x6068 with id 255 and next node 0x6069 0x0000_00000000ff06069c
2024-07-18 15:56:35.880132 INFO  BF_MC Write LAG node at addr 0x6069 with id 255 and next node 0x606a 0x00ff_0606ac00ff06069c
2024-07-18 15:56:35.880136 INFO  BF_MC Write LAG node at addr 0x606a with id 255 and next node 0x606b 0x0000_00000000ff0606bc
2024-07-18 15:56:35.880140 INFO  BF_MC Write LAG node at addr 0x606b with id 255 and next node 0x606c 0x00ff_0606cc00ff0606bc
2024-07-18 15:56:35.880145 INFO  BF_MC Write LAG node at addr 0x606c with id 255 and next node 0x606d 0x0000_00000000ff0606dc
2024-07-18 15:56:35.880149 INFO  BF_MC Write LAG node at addr 0x606d with id 255 and next node 0x606e 0x00ff_0606ec00ff0606dc
2024-07-18 15:56:35.880153 INFO  BF_MC Write LAG node at addr 0x606e with id 255 and next node 0x606f 0x0000_00000000ff0606fc
2024-07-18 15:56:35.880157 INFO  BF_MC Write LAG node at addr 0x606f with id 255 and next node 0x6070 0x00ff_06070c00ff0606fc
2024-07-18 15:56:35.880161 INFO  BF_MC Write LAG node at addr 0x6070 with id 255 and next node 0x6071 0x0000_00000000ff06071c
2024-07-18 15:56:35.880165 INFO  BF_MC Write LAG node at addr 0x6071 with id 255 and next node 0x6072 0x00ff_06072c00ff06071c
2024-07-18 15:56:35.880169 INFO  BF_MC Write LAG node at addr 0x6072 with id 255 and next node 0x6073 0x0000_00000000ff06073c
2024-07-18 15:56:35.880173 INFO  BF_MC Write LAG node at addr 0x6073 with id 255 and next node 0x6074 0x00ff_06074c00ff06073c
2024-07-18 15:56:35.880178 INFO  BF_MC Write LAG node at addr 0x6074 with id 255 and next node 0x6075 0x0000_00000000ff06075c
2024-07-18 15:56:35.880182 INFO  BF_MC Write LAG node at addr 0x6075 with id 255 and next node 0x6076 0x00ff_06076c00ff06075c
2024-07-18 15:56:35.880189 INFO  BF_MC Write LAG node at addr 0x6076 with id 255 and next node 0x6077 0x0000_00000000ff06077c
2024-07-18 15:56:35.880193 INFO  BF_MC Write LAG node at addr 0x6077 with id 255 and next node 0x6078 0x00ff_06078c00ff06077c
2024-07-18 15:56:35.880197 INFO  BF_MC Write LAG node at addr 0x6078 with id 255 and next node 0x6079 0x0000_00000000ff06079c
2024-07-18 15:56:35.880201 INFO  BF_MC Write LAG node at addr 0x6079 with id 255 and next node 0x607a 0x00ff_0607ac00ff06079c
2024-07-18 15:56:35.880205 INFO  BF_MC Write LAG node at addr 0x607a with id 255 and next node 0x607b 0x0000_00000000ff0607bc
2024-07-18 15:56:35.880209 INFO  BF_MC Write LAG node at addr 0x607b with id 255 and next node 0x607c 0x00ff_0607cc00ff0607bc
2024-07-18 15:56:35.880213 INFO  BF_MC Write LAG node at addr 0x607c with id 255 and next node 0x607d 0x0000_00000000ff0607dc
2024-07-18 15:56:35.880217 INFO  BF_MC Write LAG node at addr 0x607d with id 255 and next node 0x607e 0x00ff_0607ec00ff0607dc
2024-07-18 15:56:35.880221 INFO  BF_MC Write LAG node at addr 0x607e with id 255 and next node 0x607f 0x0000_00000000ff0607fc
2024-07-18 15:56:35.880225 INFO  BF_MC Write LAG node at addr 0x607f with id 255 and next node 0x6080 0x00ff_06080c00ff0607fc
2024-07-18 15:56:35.880230 INFO  BF_MC Write LAG node at addr 0x6080 with id 255 and next node 0x6081 0x0000_00000000ff06081c
2024-07-18 15:56:35.880234 INFO  BF_MC Write LAG node at addr 0x6081 with id 255 and next node 0x6082 0x00ff_06082c00ff06081c
2024-07-18 15:56:35.880237 INFO  BF_MC Write LAG node at addr 0x6082 with id 255 and next node 0x6083 0x0000_00000000ff06083c
2024-07-18 15:56:35.880241 INFO  BF_MC Write LAG node at addr 0x6083 with id 255 and next node 0x6084 0x00ff_06084c00ff06083c
2024-07-18 15:56:35.880246 INFO  BF_MC Write LAG node at addr 0x6084 with id 255 and next node 0x6085 0x0000_00000000ff06085c
2024-07-18 15:56:35.880250 INFO  BF_MC Write LAG node at addr 0x6085 with id 255 and next node 0x6086 0x00ff_06086c00ff06085c
2024-07-18 15:56:35.880254 INFO  BF_MC Write LAG node at addr 0x6086 with id 255 and next node 0x6087 0x0000_00000000ff06087c
2024-07-18 15:56:35.880258 INFO  BF_MC Write LAG node at addr 0x6087 with id 255 and next node 0x6088 0x00ff_06088c00ff06087c
2024-07-18 15:56:35.880262 INFO  BF_MC Write LAG node at addr 0x6088 with id 255 and next node 0x6089 0x0000_00000000ff06089c
2024-07-18 15:56:35.880266 INFO  BF_MC Write LAG node at addr 0x6089 with id 255 and next node 0x608a 0x00ff_0608ac00ff06089c
2024-07-18 15:56:35.880270 INFO  BF_MC Write LAG node at addr 0x608a with id 255 and next node 0x608b 0x0000_00000000ff0608bc
2024-07-18 15:56:35.880274 INFO  BF_MC Write LAG node at addr 0x608b with id 255 and next node 0x608c 0x00ff_0608cc00ff0608bc
2024-07-18 15:56:35.880279 INFO  BF_MC Write LAG node at addr 0x608c with id 255 and next node 0x608d 0x0000_00000000ff0608dc
2024-07-18 15:56:35.880283 INFO  BF_MC Write LAG node at addr 0x608d with id 255 and next node 0x608e 0x00ff_0608ec00ff0608dc
2024-07-18 15:56:35.880287 INFO  BF_MC Write LAG node at addr 0x608e with id 255 and next node 0x608f 0x0000_00000000ff0608fc
2024-07-18 15:56:35.880291 INFO  BF_MC Write LAG node at addr 0x608f with id 255 and next node 0x6090 0x00ff_06090c00ff0608fc
2024-07-18 15:56:35.880295 INFO  BF_MC Write LAG node at addr 0x6090 with id 255 and next node 0x6091 0x0000_00000000ff06091c
2024-07-18 15:56:35.880299 INFO  BF_MC Write LAG node at addr 0x6091 with id 255 and next node 0x6092 0x00ff_06092c00ff06091c
2024-07-18 15:56:35.880303 INFO  BF_MC Write LAG node at addr 0x6092 with id 255 and next node 0x6093 0x0000_00000000ff06093c
2024-07-18 15:56:35.880307 INFO  BF_MC Write LAG node at addr 0x6093 with id 255 and next node 0x6094 0x00ff_06094c00ff06093c
2024-07-18 15:56:35.880312 INFO  BF_MC Write LAG node at addr 0x6094 with id 255 and next node 0x6095 0x0000_00000000ff06095c
2024-07-18 15:56:35.880316 INFO  BF_MC Write LAG node at addr 0x6095 with id 255 and next node 0x6096 0x00ff_06096c00ff06095c
2024-07-18 15:56:35.880322 INFO  BF_MC Write LAG node at addr 0x6096 with id 255 and next node 0x6097 0x0000_00000000ff06097c
2024-07-18 15:56:35.880326 INFO  BF_MC Write LAG node at addr 0x6097 with id 255 and next node 0x6098 0x00ff_06098c00ff06097c
2024-07-18 15:56:35.880330 INFO  BF_MC Write LAG node at addr 0x6098 with id 255 and next node 0x6099 0x0000_00000000ff06099c
2024-07-18 15:56:35.880334 INFO  BF_MC Write LAG node at addr 0x6099 with id 255 and next node 0x609a 0x00ff_0609ac00ff06099c
2024-07-18 15:56:35.880338 INFO  BF_MC Write LAG node at addr 0x609a with id 255 and next node 0x609b 0x0000_00000000ff0609bc
2024-07-18 15:56:35.880342 INFO  BF_MC Write LAG node at addr 0x609b with id 255 and next node 0x609c 0x00ff_0609cc00ff0609bc
2024-07-18 15:56:35.880346 INFO  BF_MC Write LAG node at addr 0x609c with id 255 and next node 0x609d 0x0000_00000000ff0609dc
2024-07-18 15:56:35.880350 INFO  BF_MC Write LAG node at addr 0x609d with id 255 and next node 0x609e 0x00ff_0609ec00ff0609dc
2024-07-18 15:56:35.880354 INFO  BF_MC Write LAG node at addr 0x609e with id 255 and next node 0x609f 0x0000_00000000ff0609fc
2024-07-18 15:56:35.880358 INFO  BF_MC Write LAG node at addr 0x609f with id 255 and next node 0x60a0 0x00ff_060a0c00ff0609fc
2024-07-18 15:56:35.880363 INFO  BF_MC Write LAG node at addr 0x60a0 with id 255 and next node 0x60a1 0x0000_00000000ff060a1c
2024-07-18 15:56:35.880367 INFO  BF_MC Write LAG node at addr 0x60a1 with id 255 and next node 0x60a2 0x00ff_060a2c00ff060a1c
2024-07-18 15:56:35.880371 INFO  BF_MC Write LAG node at addr 0x60a2 with id 255 and next node 0x60a3 0x0000_00000000ff060a3c
2024-07-18 15:56:35.880374 INFO  BF_MC Write LAG node at addr 0x60a3 with id 255 and next node 0x60a4 0x00ff_060a4c00ff060a3c
2024-07-18 15:56:35.880379 INFO  BF_MC Write LAG node at addr 0x60a4 with id 255 and next node 0x60a5 0x0000_00000000ff060a5c
2024-07-18 15:56:35.880383 INFO  BF_MC Write LAG node at addr 0x60a5 with id 255 and next node 0x60a6 0x00ff_060a6c00ff060a5c
2024-07-18 15:56:35.880387 INFO  BF_MC Write LAG node at addr 0x60a6 with id 255 and next node 0x60a7 0x0000_00000000ff060a7c
2024-07-18 15:56:35.880391 INFO  BF_MC Write LAG node at addr 0x60a7 with id 255 and next node 0x60a8 0x00ff_060a8c00ff060a7c
2024-07-18 15:56:35.880396 INFO  BF_MC Write LAG node at addr 0x60a8 with id 255 and next node 0x60a9 0x0000_00000000ff060a9c
2024-07-18 15:56:35.880400 INFO  BF_MC Write LAG node at addr 0x60a9 with id 255 and next node 0x60aa 0x00ff_060aac00ff060a9c
2024-07-18 15:56:35.880404 INFO  BF_MC Write LAG node at addr 0x60aa with id 255 and next node 0x60ab 0x0000_00000000ff060abc
2024-07-18 15:56:35.880408 INFO  BF_MC Write LAG node at addr 0x60ab with id 255 and next node 0x60ac 0x00ff_060acc00ff060abc
2024-07-18 15:56:35.880413 INFO  BF_MC Write LAG node at addr 0x60ac with id 255 and next node 0x60ad 0x0000_00000000ff060adc
2024-07-18 15:56:35.880423 INFO  BF_MC Write LAG node at addr 0x60ad with id 255 and next node 0x60ae 0x00ff_060aec00ff060adc
2024-07-18 15:56:35.880428 INFO  BF_MC Write LAG node at addr 0x60ae with id 255 and next node 0x60af 0x0000_00000000ff060afc
2024-07-18 15:56:35.880432 INFO  BF_MC Write LAG node at addr 0x60af with id 255 and next node 0x60b0 0x00ff_060b0c00ff060afc
2024-07-18 15:56:35.880437 INFO  BF_MC Write LAG node at addr 0x60b0 with id 255 and next node 0x60b1 0x0000_00000000ff060b1c
2024-07-18 15:56:35.880441 INFO  BF_MC Write LAG node at addr 0x60b1 with id 255 and next node 0x60b2 0x00ff_060b2c00ff060b1c
2024-07-18 15:56:35.880445 INFO  BF_MC Write LAG node at addr 0x60b2 with id 255 and next node 0x60b3 0x0000_00000000ff060b3c
2024-07-18 15:56:35.880449 INFO  BF_MC Write LAG node at addr 0x60b3 with id 255 and next node 0x60b4 0x00ff_060b4c00ff060b3c
2024-07-18 15:56:35.880453 INFO  BF_MC Write LAG node at addr 0x60b4 with id 255 and next node 0x60b5 0x0000_00000000ff060b5c
2024-07-18 15:56:35.880457 INFO  BF_MC Write LAG node at addr 0x60b5 with id 255 and next node 0x60b6 0x00ff_060b6c00ff060b5c
2024-07-18 15:56:35.880461 INFO  BF_MC Write LAG node at addr 0x60b6 with id 255 and next node 0x60b7 0x0000_00000000ff060b7c
2024-07-18 15:56:35.880468 INFO  BF_MC Write LAG node at addr 0x60b7 with id 255 and next node 0x60b8 0x00ff_060b8c00ff060b7c
2024-07-18 15:56:35.880473 INFO  BF_MC Write LAG node at addr 0x60b8 with id 255 and next node 0x60b9 0x0000_00000000ff060b9c
2024-07-18 15:56:35.880477 INFO  BF_MC Write LAG node at addr 0x60b9 with id 255 and next node 0x60ba 0x00ff_060bac00ff060b9c
2024-07-18 15:56:35.880480 INFO  BF_MC Write LAG node at addr 0x60ba with id 255 and next node 0x60bb 0x0000_00000000ff060bbc
2024-07-18 15:56:35.880484 INFO  BF_MC Write LAG node at addr 0x60bb with id 255 and next node 0x60bc 0x00ff_060bcc00ff060bbc
2024-07-18 15:56:35.880489 INFO  BF_MC Write LAG node at addr 0x60bc with id 255 and next node 0x60bd 0x0000_00000000ff060bdc
2024-07-18 15:56:35.880493 INFO  BF_MC Write LAG node at addr 0x60bd with id 255 and next node 0x60be 0x00ff_060bec00ff060bdc
2024-07-18 15:56:35.880497 INFO  BF_MC Write LAG node at addr 0x60be with id 255 and next node 0x60bf 0x0000_00000000ff060bfc
2024-07-18 15:56:35.880501 INFO  BF_MC Write LAG node at addr 0x60bf with id 255 and next node 0x60c0 0x00ff_060c0c00ff060bfc
2024-07-18 15:56:35.880505 INFO  BF_MC Write LAG node at addr 0x60c0 with id 255 and next node 0x60c1 0x0000_00000000ff060c1c
2024-07-18 15:56:35.880509 INFO  BF_MC Write LAG node at addr 0x60c1 with id 255 and next node 0x60c2 0x00ff_060c2c00ff060c1c
2024-07-18 15:56:35.880513 INFO  BF_MC Write LAG node at addr 0x60c2 with id 255 and next node 0x60c3 0x0000_00000000ff060c3c
2024-07-18 15:56:35.880517 INFO  BF_MC Write LAG node at addr 0x60c3 with id 255 and next node 0x60c4 0x00ff_060c4c00ff060c3c
2024-07-18 15:56:35.880521 INFO  BF_MC Write LAG node at addr 0x60c4 with id 255 and next node 0x60c5 0x0000_00000000ff060c5c
2024-07-18 15:56:35.880525 INFO  BF_MC Write LAG node at addr 0x60c5 with id 255 and next node 0x60c6 0x00ff_060c6c00ff060c5c
2024-07-18 15:56:35.880529 INFO  BF_MC Write LAG node at addr 0x60c6 with id 255 and next node 0x60c7 0x0000_00000000ff060c7c
2024-07-18 15:56:35.880533 INFO  BF_MC Write LAG node at addr 0x60c7 with id 255 and next node 0x60c8 0x00ff_060c8c00ff060c7c
2024-07-18 15:56:35.880537 INFO  BF_MC Write LAG node at addr 0x60c8 with id 255 and next node 0x60c9 0x0000_00000000ff060c9c
2024-07-18 15:56:35.880541 INFO  BF_MC Write LAG node at addr 0x60c9 with id 255 and next node 0x60ca 0x00ff_060cac00ff060c9c
2024-07-18 15:56:35.880545 INFO  BF_MC Write LAG node at addr 0x60ca with id 255 and next node 0x60cb 0x0000_00000000ff060cbc
2024-07-18 15:56:35.880549 INFO  BF_MC Write LAG node at addr 0x60cb with id 255 and next node 0x60cc 0x00ff_060ccc00ff060cbc
2024-07-18 15:56:35.880555 INFO  BF_MC Write LAG node at addr 0x60cc with id 255 and next node 0x60cd 0x0000_00000000ff060cdc
2024-07-18 15:56:35.880559 INFO  BF_MC Write LAG node at addr 0x60cd with id 255 and next node 0x60ce 0x00ff_060cec00ff060cdc
2024-07-18 15:56:35.880563 INFO  BF_MC Write LAG node at addr 0x60ce with id 255 and next node 0x60cf 0x0000_00000000ff060cfc
2024-07-18 15:56:35.880567 INFO  BF_MC Write LAG node at addr 0x60cf with id 255 and next node 0x60d0 0x00ff_060d0c00ff060cfc
2024-07-18 15:56:35.880572 INFO  BF_MC Write LAG node at addr 0x60d0 with id 255 and next node 0x60d1 0x0000_00000000ff060d1c
2024-07-18 15:56:35.880579 INFO  BF_MC Write LAG node at addr 0x60d1 with id 255 and next node 0x60d2 0x00ff_060d2c00ff060d1c
2024-07-18 15:56:35.880584 INFO  BF_MC Write LAG node at addr 0x60d2 with id 255 and next node 0x60d3 0x0000_00000000ff060d3c
2024-07-18 15:56:35.880588 INFO  BF_MC Write LAG node at addr 0x60d3 with id 255 and next node 0x60d4 0x00ff_060d4c00ff060d3c
2024-07-18 15:56:35.880592 INFO  BF_MC Write LAG node at addr 0x60d4 with id 255 and next node 0x60d5 0x0000_00000000ff060d5c
2024-07-18 15:56:35.880596 INFO  BF_MC Write LAG node at addr 0x60d5 with id 255 and next node 0x60d6 0x00ff_060d6c00ff060d5c
2024-07-18 15:56:35.880600 INFO  BF_MC Write LAG node at addr 0x60d6 with id 255 and next node 0x60d7 0x0000_00000000ff060d7c
2024-07-18 15:56:35.880607 INFO  BF_MC Write LAG node at addr 0x60d7 with id 255 and next node 0x60d8 0x00ff_060d8c00ff060d7c
2024-07-18 15:56:35.880612 INFO  BF_MC Write LAG node at addr 0x60d8 with id 255 and next node 0x60d9 0x0000_00000000ff060d9c
2024-07-18 15:56:35.880616 INFO  BF_MC Write LAG node at addr 0x60d9 with id 255 and next node 0x60da 0x00ff_060dac00ff060d9c
2024-07-18 15:56:35.880619 INFO  BF_MC Write LAG node at addr 0x60da with id 255 and next node 0x60db 0x0000_00000000ff060dbc
2024-07-18 15:56:35.880623 INFO  BF_MC Write LAG node at addr 0x60db with id 255 and next node 0x60dc 0x00ff_060dcc00ff060dbc
2024-07-18 15:56:35.880628 INFO  BF_MC Write LAG node at addr 0x60dc with id 255 and next node 0x60dd 0x0000_00000000ff060ddc
2024-07-18 15:56:35.880632 INFO  BF_MC Write LAG node at addr 0x60dd with id 255 and next node 0x60de 0x00ff_060dec00ff060ddc
2024-07-18 15:56:35.880636 INFO  BF_MC Write LAG node at addr 0x60de with id 255 and next node 0x60df 0x0000_00000000ff060dfc
2024-07-18 15:56:35.880640 INFO  BF_MC Write LAG node at addr 0x60df with id 255 and next node 0x60e0 0x00ff_060e0c00ff060dfc
2024-07-18 15:56:35.880644 INFO  BF_MC Write LAG node at addr 0x60e0 with id 255 and next node 0x60e1 0x0000_00000000ff060e1c
2024-07-18 15:56:35.880648 INFO  BF_MC Write LAG node at addr 0x60e1 with id 255 and next node 0x60e2 0x00ff_060e2c00ff060e1c
2024-07-18 15:56:35.880652 INFO  BF_MC Write LAG node at addr 0x60e2 with id 255 and next node 0x60e3 0x0000_00000000ff060e3c
2024-07-18 15:56:35.880656 INFO  BF_MC Write LAG node at addr 0x60e3 with id 255 and next node 0x60e4 0x00ff_060e4c00ff060e3c
2024-07-18 15:56:35.880661 INFO  BF_MC Write LAG node at addr 0x60e4 with id 255 and next node 0x60e5 0x0000_00000000ff060e5c
2024-07-18 15:56:35.880664 INFO  BF_MC Write LAG node at addr 0x60e5 with id 255 and next node 0x60e6 0x00ff_060e6c00ff060e5c
2024-07-18 15:56:35.880668 INFO  BF_MC Write LAG node at addr 0x60e6 with id 255 and next node 0x60e7 0x0000_00000000ff060e7c
2024-07-18 15:56:35.880672 INFO  BF_MC Write LAG node at addr 0x60e7 with id 255 and next node 0x60e8 0x00ff_060e8c00ff060e7c
2024-07-18 15:56:35.880677 INFO  BF_MC Write LAG node at addr 0x60e8 with id 255 and next node 0x60e9 0x0000_00000000ff060e9c
2024-07-18 15:56:35.880681 INFO  BF_MC Write LAG node at addr 0x60e9 with id 255 and next node 0x60ea 0x00ff_060eac00ff060e9c
2024-07-18 15:56:35.880684 INFO  BF_MC Write LAG node at addr 0x60ea with id 255 and next node 0x60eb 0x0000_00000000ff060ebc
2024-07-18 15:56:35.880688 INFO  BF_MC Write LAG node at addr 0x60eb with id 255 and next node 0x60ec 0x00ff_060ecc00ff060ebc
2024-07-18 15:56:35.880694 INFO  BF_MC Write LAG node at addr 0x60ec with id 255 and next node 0x60ed 0x0000_00000000ff060edc
2024-07-18 15:56:35.880698 INFO  BF_MC Write LAG node at addr 0x60ed with id 255 and next node 0x60ee 0x00ff_060eec00ff060edc
2024-07-18 15:56:35.880702 INFO  BF_MC Write LAG node at addr 0x60ee with id 255 and next node 0x60ef 0x0000_00000000ff060efc
2024-07-18 15:56:35.880706 INFO  BF_MC Write LAG node at addr 0x60ef with id 255 and next node 0x60f0 0x00ff_060f0c00ff060efc
2024-07-18 15:56:35.880710 INFO  BF_MC Write LAG node at addr 0x60f0 with id 255 and next node 0x60f1 0x0000_00000000ff060f1c
2024-07-18 15:56:35.880714 INFO  BF_MC Write LAG node at addr 0x60f1 with id 255 and next node 0x60f2 0x00ff_060f2c00ff060f1c
2024-07-18 15:56:35.880718 INFO  BF_MC Write LAG node at addr 0x60f2 with id 255 and next node 0x60f3 0x0000_00000000ff060f3c
2024-07-18 15:56:35.880722 INFO  BF_MC Write LAG node at addr 0x60f3 with id 255 and next node 0x60f4 0x00ff_060f4c00ff060f3c
2024-07-18 15:56:35.880726 INFO  BF_MC Write LAG node at addr 0x60f4 with id 255 and next node 0x60f5 0x0000_00000000ff060f5c
2024-07-18 15:56:35.880730 INFO  BF_MC Write LAG node at addr 0x60f5 with id 255 and next node 0x60f6 0x00ff_060f6c00ff060f5c
2024-07-18 15:56:35.880734 INFO  BF_MC Write LAG node at addr 0x60f6 with id 255 and next node 0x60f7 0x0000_00000000ff060f7c
2024-07-18 15:56:35.880738 INFO  BF_MC Write LAG node at addr 0x60f7 with id 255 and next node 0x60f8 0x00ff_060f8c00ff060f7c
2024-07-18 15:56:35.880745 INFO  BF_MC Write LAG node at addr 0x60f8 with id 255 and next node 0x60f9 0x0000_00000000ff060f9c
2024-07-18 15:56:35.880749 INFO  BF_MC Write LAG node at addr 0x60f9 with id 255 and next node 0x60fa 0x00ff_060fac00ff060f9c
2024-07-18 15:56:35.880752 INFO  BF_MC Write LAG node at addr 0x60fa with id 255 and next node 0x60fb 0x0000_00000000ff060fbc
2024-07-18 15:56:35.880756 INFO  BF_MC Write LAG node at addr 0x60fb with id 255 and next node 0x60fc 0x00ff_060fcc00ff060fbc
2024-07-18 15:56:35.880761 INFO  BF_MC Write LAG node at addr 0x60fc with id 255 and next node 0x60fd 0x0000_00000000ff060fdc
2024-07-18 15:56:35.880765 INFO  BF_MC Write LAG node at addr 0x60fd with id 255 and next node 0x60fe 0x00ff_060fec00ff060fdc
2024-07-18 15:56:35.880769 INFO  BF_MC Write LAG node at addr 0x60fe with id 255 and next node 0x60ff 0x0000_00000000ff060ffc
2024-07-18 15:56:35.880773 INFO  BF_MC Write LAG node at addr 0x60ff with id 255 and next node 0x6100 0x00ff_06100c00ff060ffc
2024-07-18 15:56:35.880778 INFO  BF_MC Write LAG node at addr 0x6100 with id 255 and next node 0x6101 0x0000_00000000ff06101c
2024-07-18 15:56:35.880781 INFO  BF_MC Write LAG node at addr 0x6101 with id 255 and next node 0x6102 0x00ff_06102c00ff06101c
2024-07-18 15:56:35.880785 INFO  BF_MC Write LAG node at addr 0x6102 with id 255 and next node 0x6103 0x0000_00000000ff06103c
2024-07-18 15:56:35.880789 INFO  BF_MC Write LAG node at addr 0x6103 with id 255 and next node 0 0x00ff_00000c00ff06103c
2024-07-18 15:56:35.880795 INFO  BF_MC Allocated RDM addresses 0x21c0 - 0x21df
2024-07-18 15:56:35.880799 INFO  BF_MC Write L1End node at addr 0x21c0, rid 0, l2 0x6101
2024-07-18 15:56:35.880803 INFO  BF_MC Write L1End node at addr 0x21c1, rid 0, l2 0x6100
2024-07-18 15:56:35.880806 INFO  BF_MC Write L1End node at addr 0x21c2, rid 0, l2 0x60ff
2024-07-18 15:56:35.880811 INFO  BF_MC Write L1End node at addr 0x21c3, rid 0, l2 0x60fe
2024-07-18 15:56:35.880815 INFO  BF_MC Write L1End node at addr 0x21c4, rid 0, l2 0x60fd
2024-07-18 15:56:35.880818 INFO  BF_MC Write L1End node at addr 0x21c5, rid 0, l2 0x60fc
2024-07-18 15:56:35.880822 INFO  BF_MC Write L1End node at addr 0x21c6, rid 0, l2 0x60fb
2024-07-18 15:56:35.880827 INFO  BF_MC Write L1End node at addr 0x21c7, rid 0, l2 0x60fa
2024-07-18 15:56:35.880831 INFO  BF_MC Write L1End node at addr 0x21c8, rid 0, l2 0x60f8
2024-07-18 15:56:35.880835 INFO  BF_MC Write L1End node at addr 0x21c9, rid 0, l2 0x60f6
2024-07-18 15:56:35.880838 INFO  BF_MC Write L1End node at addr 0x21ca, rid 0, l2 0x60f4
2024-07-18 15:56:35.880843 INFO  BF_MC Write L1End node at addr 0x21cb, rid 0, l2 0x60f2
2024-07-18 15:56:35.880847 INFO  BF_MC Write L1End node at addr 0x21cc, rid 0, l2 0x60f0
2024-07-18 15:56:35.880850 INFO  BF_MC Write L1End node at addr 0x21cd, rid 0, l2 0x60ee
2024-07-18 15:56:35.880854 INFO  BF_MC Write L1End node at addr 0x21ce, rid 0, l2 0x60ec
2024-07-18 15:56:35.880858 INFO  BF_MC Write L1End node at addr 0x21cf, rid 0, l2 0x60ea
2024-07-18 15:56:35.880862 INFO  BF_MC Write L1End node at addr 0x21d0, rid 0, l2 0x60e8
2024-07-18 15:56:35.880866 INFO  BF_MC Write L1End node at addr 0x21d1, rid 0, l2 0x60e6
2024-07-18 15:56:35.880869 INFO  BF_MC Write L1End node at addr 0x21d2, rid 0, l2 0x60e4
2024-07-18 15:56:35.880874 INFO  BF_MC Write L1End node at addr 0x21d3, rid 0, l2 0x60e0
2024-07-18 15:56:35.880877 INFO  BF_MC Write L1End node at addr 0x21d4, rid 0, l2 0x60dc
2024-07-18 15:56:35.880881 INFO  BF_MC Write L1End node at addr 0x21d5, rid 0, l2 0x60d8
2024-07-18 15:56:35.880885 INFO  BF_MC Write L1End node at addr 0x21d6, rid 0, l2 0x60d4
2024-07-18 15:56:35.880889 INFO  BF_MC Write L1End node at addr 0x21d7, rid 0, l2 0x60cc
2024-07-18 15:56:35.880893 INFO  BF_MC Write L1End node at addr 0x21d8, rid 0, l2 0x60c4
2024-07-18 15:56:35.880897 INFO  BF_MC Write L1End node at addr 0x21d9, rid 0, l2 0x60bc
2024-07-18 15:56:35.880900 INFO  BF_MC Write L1End node at addr 0x21da, rid 0, l2 0x60a0
2024-07-18 15:56:35.880907 INFO  BF_MC Write L1End node at addr 0x21db, rid 0, l2 0x6087
2024-07-18 15:56:35.880910 INFO  BF_MC Write L1End node at addr 0x21dc, rid 0, l2 0x606e
2024-07-18 15:56:35.880914 INFO  BF_MC Write L1End node at addr 0x21dd, rid 0, l2 0x6055
2024-07-18 15:56:35.880918 INFO  BF_MC Write L1End node at addr 0x21de, rid 0, l2 0x603c
2024-07-18 15:56:35.880922 INFO  BF_MC Write L1End node at addr 0x21df, rid 0, l2 0x6000
2024-07-18 15:56:35.880927 INFO  BF_MC Allocated RDM addresses 0x7000 - 0x7103
2024-07-18 15:56:35.880931 INFO  BF_MC Write LAG node at addr 0x7000 with id 255 and next node 0x7001 0x0000_00000000ff07001c
2024-07-18 15:56:35.880935 INFO  BF_MC Write LAG node at addr 0x7001 with id 255 and next node 0x7002 0x00ff_07002c00ff07001c
2024-07-18 15:56:35.880939 INFO  BF_MC Write LAG node at addr 0x7002 with id 255 and next node 0x7003 0x0000_00000000ff07003c
2024-07-18 15:56:35.880943 INFO  BF_MC Write LAG node at addr 0x7003 with id 255 and next node 0x7004 0x00ff_07004c00ff07003c
2024-07-18 15:56:35.880947 INFO  BF_MC Write LAG node at addr 0x7004 with id 255 and next node 0x7005 0x0000_00000000ff07005c
2024-07-18 15:56:35.880951 INFO  BF_MC Write LAG node at addr 0x7005 with id 255 and next node 0x7006 0x00ff_07006c00ff07005c
2024-07-18 15:56:35.880956 INFO  BF_MC Write LAG node at addr 0x7006 with id 255 and next node 0x7007 0x0000_00000000ff07007c
2024-07-18 15:56:35.880960 INFO  BF_MC Write LAG node at addr 0x7007 with id 255 and next node 0x7008 0x00ff_07008c00ff07007c
2024-07-18 15:56:35.880964 INFO  BF_MC Write LAG node at addr 0x7008 with id 255 and next node 0x7009 0x0000_00000000ff07009c
2024-07-18 15:56:35.880968 INFO  BF_MC Write LAG node at addr 0x7009 with id 255 and next node 0x700a 0x00ff_0700ac00ff07009c
2024-07-18 15:56:35.880972 INFO  BF_MC Write LAG node at addr 0x700a with id 255 and next node 0x700b 0x0000_00000000ff0700bc
2024-07-18 15:56:35.880976 INFO  BF_MC Write LAG node at addr 0x700b with id 255 and next node 0x700c 0x00ff_0700cc00ff0700bc
2024-07-18 15:56:35.880980 INFO  BF_MC Write LAG node at addr 0x700c with id 255 and next node 0x700d 0x0000_00000000ff0700dc
2024-07-18 15:56:35.880984 INFO  BF_MC Write LAG node at addr 0x700d with id 255 and next node 0x700e 0x00ff_0700ec00ff0700dc
2024-07-18 15:56:35.880989 INFO  BF_MC Write LAG node at addr 0x700e with id 255 and next node 0x700f 0x0000_00000000ff0700fc
2024-07-18 15:56:35.880992 INFO  BF_MC Write LAG node at addr 0x700f with id 255 and next node 0x7010 0x00ff_07010c00ff0700fc
2024-07-18 15:56:35.880996 INFO  BF_MC Write LAG node at addr 0x7010 with id 255 and next node 0x7011 0x0000_00000000ff07011c
2024-07-18 15:56:35.881000 INFO  BF_MC Write LAG node at addr 0x7011 with id 255 and next node 0x7012 0x00ff_07012c00ff07011c
2024-07-18 15:56:35.881005 INFO  BF_MC Write LAG node at addr 0x7012 with id 255 and next node 0x7013 0x0000_00000000ff07013c
2024-07-18 15:56:35.881009 INFO  BF_MC Write LAG node at addr 0x7013 with id 255 and next node 0x7014 0x00ff_07014c00ff07013c
2024-07-18 15:56:35.881012 INFO  BF_MC Write LAG node at addr 0x7014 with id 255 and next node 0x7015 0x0000_00000000ff07015c
2024-07-18 15:56:35.881016 INFO  BF_MC Write LAG node at addr 0x7015 with id 255 and next node 0x7016 0x00ff_07016c00ff07015c
2024-07-18 15:56:35.881021 INFO  BF_MC Write LAG node at addr 0x7016 with id 255 and next node 0x7017 0x0000_00000000ff07017c
2024-07-18 15:56:35.881025 INFO  BF_MC Write LAG node at addr 0x7017 with id 255 and next node 0x7018 0x00ff_07018c00ff07017c
2024-07-18 15:56:35.881029 INFO  BF_MC Write LAG node at addr 0x7018 with id 255 and next node 0x7019 0x0000_00000000ff07019c
2024-07-18 15:56:35.881033 INFO  BF_MC Write LAG node at addr 0x7019 with id 255 and next node 0x701a 0x00ff_0701ac00ff07019c
2024-07-18 15:56:35.881037 INFO  BF_MC Write LAG node at addr 0x701a with id 255 and next node 0x701b 0x0000_00000000ff0701bc
2024-07-18 15:56:35.881041 INFO  BF_MC Write LAG node at addr 0x701b with id 255 and next node 0x701c 0x00ff_0701cc00ff0701bc
2024-07-18 15:56:35.881045 INFO  BF_MC Write LAG node at addr 0x701c with id 255 and next node 0x701d 0x0000_00000000ff0701dc
2024-07-18 15:56:35.881051 INFO  BF_MC Write LAG node at addr 0x701d with id 255 and next node 0x701e 0x00ff_0701ec00ff0701dc
2024-07-18 15:56:35.881055 INFO  BF_MC Write LAG node at addr 0x701e with id 255 and next node 0x701f 0x0000_00000000ff0701fc
2024-07-18 15:56:35.881059 INFO  BF_MC Write LAG node at addr 0x701f with id 255 and next node 0x7020 0x00ff_07020c00ff0701fc
2024-07-18 15:56:35.881063 INFO  BF_MC Write LAG node at addr 0x7020 with id 255 and next node 0x7021 0x0000_00000000ff07021c
2024-07-18 15:56:35.881067 INFO  BF_MC Write LAG node at addr 0x7021 with id 255 and next node 0x7022 0x00ff_07022c00ff07021c
2024-07-18 15:56:35.881072 INFO  BF_MC Write LAG node at addr 0x7022 with id 255 and next node 0x7023 0x0000_00000000ff07023c
2024-07-18 15:56:35.881075 INFO  BF_MC Write LAG node at addr 0x7023 with id 255 and next node 0x7024 0x00ff_07024c00ff07023c
2024-07-18 15:56:35.881079 INFO  BF_MC Write LAG node at addr 0x7024 with id 255 and next node 0x7025 0x0000_00000000ff07025c
2024-07-18 15:56:35.881083 INFO  BF_MC Write LAG node at addr 0x7025 with id 255 and next node 0x7026 0x00ff_07026c00ff07025c
2024-07-18 15:56:35.881089 INFO  BF_MC Write LAG node at addr 0x7026 with id 255 and next node 0x7027 0x0000_00000000ff07027c
2024-07-18 15:56:35.881093 INFO  BF_MC Write LAG node at addr 0x7027 with id 255 and next node 0x7028 0x00ff_07028c00ff07027c
2024-07-18 15:56:35.881097 INFO  BF_MC Write LAG node at addr 0x7028 with id 255 and next node 0x7029 0x0000_00000000ff07029c
2024-07-18 15:56:35.881101 INFO  BF_MC Write LAG node at addr 0x7029 with id 255 and next node 0x702a 0x00ff_0702ac00ff07029c
2024-07-18 15:56:35.881105 INFO  BF_MC Write LAG node at addr 0x702a with id 255 and next node 0x702b 0x0000_00000000ff0702bc
2024-07-18 15:56:35.881109 INFO  BF_MC Write LAG node at addr 0x702b with id 255 and next node 0x702c 0x00ff_0702cc00ff0702bc
2024-07-18 15:56:35.881113 INFO  BF_MC Write LAG node at addr 0x702c with id 255 and next node 0x702d 0x0000_00000000ff0702dc
2024-07-18 15:56:35.881117 INFO  BF_MC Write LAG node at addr 0x702d with id 255 and next node 0x702e 0x00ff_0702ec00ff0702dc
2024-07-18 15:56:35.881121 INFO  BF_MC Write LAG node at addr 0x702e with id 255 and next node 0x702f 0x0000_00000000ff0702fc
2024-07-18 15:56:35.881125 INFO  BF_MC Write LAG node at addr 0x702f with id 255 and next node 0x7030 0x00ff_07030c00ff0702fc
2024-07-18 15:56:35.881129 INFO  BF_MC Write LAG node at addr 0x7030 with id 255 and next node 0x7031 0x0000_00000000ff07031c
2024-07-18 15:56:35.881133 INFO  BF_MC Write LAG node at addr 0x7031 with id 255 and next node 0x7032 0x00ff_07032c00ff07031c
2024-07-18 15:56:35.881138 INFO  BF_MC Write LAG node at addr 0x7032 with id 255 and next node 0x7033 0x0000_00000000ff07033c
2024-07-18 15:56:35.881141 INFO  BF_MC Write LAG node at addr 0x7033 with id 255 and next node 0x7034 0x00ff_07034c00ff07033c
2024-07-18 15:56:35.881145 INFO  BF_MC Write LAG node at addr 0x7034 with id 255 and next node 0x7035 0x0000_00000000ff07035c
2024-07-18 15:56:35.881149 INFO  BF_MC Write LAG node at addr 0x7035 with id 255 and next node 0x7036 0x00ff_07036c00ff07035c
2024-07-18 15:56:35.881154 INFO  BF_MC Write LAG node at addr 0x7036 with id 255 and next node 0x7037 0x0000_00000000ff07037c
2024-07-18 15:56:35.881158 INFO  BF_MC Write LAG node at addr 0x7037 with id 255 and next node 0x7038 0x00ff_07038c00ff07037c
2024-07-18 15:56:35.881162 INFO  BF_MC Write LAG node at addr 0x7038 with id 255 and next node 0x7039 0x0000_00000000ff07039c
2024-07-18 15:56:35.881166 INFO  BF_MC Write LAG node at addr 0x7039 with id 255 and next node 0x703a 0x00ff_0703ac00ff07039c
2024-07-18 15:56:35.881170 INFO  BF_MC Write LAG node at addr 0x703a with id 255 and next node 0x703b 0x0000_00000000ff0703bc
2024-07-18 15:56:35.881174 INFO  BF_MC Write LAG node at addr 0x703b with id 255 and next node 0x703c 0x00ff_0703cc00ff0703bc
2024-07-18 15:56:35.881178 INFO  BF_MC Write LAG node at addr 0x703c with id 255 and next node 0x703d 0x0000_00000000ff0703dc
2024-07-18 15:56:35.881184 INFO  BF_MC Write LAG node at addr 0x703d with id 255 and next node 0x703e 0x00ff_0703ec00ff0703dc
2024-07-18 15:56:35.881189 INFO  BF_MC Write LAG node at addr 0x703e with id 255 and next node 0x703f 0x0000_00000000ff0703fc
2024-07-18 15:56:35.881192 INFO  BF_MC Write LAG node at addr 0x703f with id 255 and next node 0x7040 0x00ff_07040c00ff0703fc
2024-07-18 15:56:35.881196 INFO  BF_MC Write LAG node at addr 0x7040 with id 255 and next node 0x7041 0x0000_00000000ff07041c
2024-07-18 15:56:35.881200 INFO  BF_MC Write LAG node at addr 0x7041 with id 255 and next node 0x7042 0x00ff_07042c00ff07041c
2024-07-18 15:56:35.881205 INFO  BF_MC Write LAG node at addr 0x7042 with id 255 and next node 0x7043 0x0000_00000000ff07043c
2024-07-18 15:56:35.881209 INFO  BF_MC Write LAG node at addr 0x7043 with id 255 and next node 0x7044 0x00ff_07044c00ff07043c
2024-07-18 15:56:35.881213 INFO  BF_MC Write LAG node at addr 0x7044 with id 255 and next node 0x7045 0x0000_00000000ff07045c
2024-07-18 15:56:35.881216 INFO  BF_MC Write LAG node at addr 0x7045 with id 255 and next node 0x7046 0x00ff_07046c00ff07045c
2024-07-18 15:56:35.881222 INFO  BF_MC Write LAG node at addr 0x7046 with id 255 and next node 0x7047 0x0000_00000000ff07047c
2024-07-18 15:56:35.881226 INFO  BF_MC Write LAG node at addr 0x7047 with id 255 and next node 0x7048 0x00ff_07048c00ff07047c
2024-07-18 15:56:35.881230 INFO  BF_MC Write LAG node at addr 0x7048 with id 255 and next node 0x7049 0x0000_00000000ff07049c
2024-07-18 15:56:35.881234 INFO  BF_MC Write LAG node at addr 0x7049 with id 255 and next node 0x704a 0x00ff_0704ac00ff07049c
2024-07-18 15:56:35.881238 INFO  BF_MC Write LAG node at addr 0x704a with id 255 and next node 0x704b 0x0000_00000000ff0704bc
2024-07-18 15:56:35.881242 INFO  BF_MC Write LAG node at addr 0x704b with id 255 and next node 0x704c 0x00ff_0704cc00ff0704bc
2024-07-18 15:56:35.881246 INFO  BF_MC Write LAG node at addr 0x704c with id 255 and next node 0x704d 0x0000_00000000ff0704dc
2024-07-18 15:56:35.881250 INFO  BF_MC Write LAG node at addr 0x704d with id 255 and next node 0x704e 0x00ff_0704ec00ff0704dc
2024-07-18 15:56:35.881254 INFO  BF_MC Write LAG node at addr 0x704e with id 255 and next node 0x704f 0x0000_00000000ff0704fc
2024-07-18 15:56:35.881258 INFO  BF_MC Write LAG node at addr 0x704f with id 255 and next node 0x7050 0x00ff_07050c00ff0704fc
2024-07-18 15:56:35.881262 INFO  BF_MC Write LAG node at addr 0x7050 with id 255 and next node 0x7051 0x0000_00000000ff07051c
2024-07-18 15:56:35.881266 INFO  BF_MC Write LAG node at addr 0x7051 with id 255 and next node 0x7052 0x00ff_07052c00ff07051c
2024-07-18 15:56:35.881271 INFO  BF_MC Write LAG node at addr 0x7052 with id 255 and next node 0x7053 0x0000_00000000ff07053c
2024-07-18 15:56:35.881275 INFO  BF_MC Write LAG node at addr 0x7053 with id 255 and next node 0x7054 0x00ff_07054c00ff07053c
2024-07-18 15:56:35.881278 INFO  BF_MC Write LAG node at addr 0x7054 with id 255 and next node 0x7055 0x0000_00000000ff07055c
2024-07-18 15:56:35.881282 INFO  BF_MC Write LAG node at addr 0x7055 with id 255 and next node 0x7056 0x00ff_07056c00ff07055c
2024-07-18 15:56:35.881287 INFO  BF_MC Write LAG node at addr 0x7056 with id 255 and next node 0x7057 0x0000_00000000ff07057c
2024-07-18 15:56:35.881291 INFO  BF_MC Write LAG node at addr 0x7057 with id 255 and next node 0x7058 0x00ff_07058c00ff07057c
2024-07-18 15:56:35.881295 INFO  BF_MC Write LAG node at addr 0x7058 with id 255 and next node 0x7059 0x0000_00000000ff07059c
2024-07-18 15:56:35.881299 INFO  BF_MC Write LAG node at addr 0x7059 with id 255 and next node 0x705a 0x00ff_0705ac00ff07059c
2024-07-18 15:56:35.881303 INFO  BF_MC Write LAG node at addr 0x705a with id 255 and next node 0x705b 0x0000_00000000ff0705bc
2024-07-18 15:56:35.881307 INFO  BF_MC Write LAG node at addr 0x705b with id 255 and next node 0x705c 0x00ff_0705cc00ff0705bc
2024-07-18 15:56:35.881311 INFO  BF_MC Write LAG node at addr 0x705c with id 255 and next node 0x705d 0x0000_00000000ff0705dc
2024-07-18 15:56:35.881315 INFO  BF_MC Write LAG node at addr 0x705d with id 255 and next node 0x705e 0x00ff_0705ec00ff0705dc
2024-07-18 15:56:35.881323 INFO  BF_MC Write LAG node at addr 0x705e with id 255 and next node 0x705f 0x0000_00000000ff0705fc
2024-07-18 15:56:35.881327 INFO  BF_MC Write LAG node at addr 0x705f with id 255 and next node 0x7060 0x00ff_07060c00ff0705fc
2024-07-18 15:56:35.881331 INFO  BF_MC Write LAG node at addr 0x7060 with id 255 and next node 0x7061 0x0000_00000000ff07061c
2024-07-18 15:56:35.881335 INFO  BF_MC Write LAG node at addr 0x7061 with id 255 and next node 0x7062 0x00ff_07062c00ff07061c
2024-07-18 15:56:35.881339 INFO  BF_MC Write LAG node at addr 0x7062 with id 255 and next node 0x7063 0x0000_00000000ff07063c
2024-07-18 15:56:35.881343 INFO  BF_MC Write LAG node at addr 0x7063 with id 255 and next node 0x7064 0x00ff_07064c00ff07063c
2024-07-18 15:56:35.881347 INFO  BF_MC Write LAG node at addr 0x7064 with id 255 and next node 0x7065 0x0000_00000000ff07065c
2024-07-18 15:56:35.881351 INFO  BF_MC Write LAG node at addr 0x7065 with id 255 and next node 0x7066 0x00ff_07066c00ff07065c
2024-07-18 15:56:35.881356 INFO  BF_MC Write LAG node at addr 0x7066 with id 255 and next node 0x7067 0x0000_00000000ff07067c
2024-07-18 15:56:35.881360 INFO  BF_MC Write LAG node at addr 0x7067 with id 255 and next node 0x7068 0x00ff_07068c00ff07067c
2024-07-18 15:56:35.881364 INFO  BF_MC Write LAG node at addr 0x7068 with id 255 and next node 0x7069 0x0000_00000000ff07069c
2024-07-18 15:56:35.881368 INFO  BF_MC Write LAG node at addr 0x7069 with id 255 and next node 0x706a 0x00ff_0706ac00ff07069c
2024-07-18 15:56:35.881372 INFO  BF_MC Write LAG node at addr 0x706a with id 255 and next node 0x706b 0x0000_00000000ff0706bc
2024-07-18 15:56:35.881376 INFO  BF_MC Write LAG node at addr 0x706b with id 255 and next node 0x706c 0x00ff_0706cc00ff0706bc
2024-07-18 15:56:35.881380 INFO  BF_MC Write LAG node at addr 0x706c with id 255 and next node 0x706d 0x0000_00000000ff0706dc
2024-07-18 15:56:35.882728 INFO  BF_MC Write LAG node at addr 0x706d with id 255 and next node 0x706e 0x00ff_0706ec00ff0706dc
2024-07-18 15:56:35.882742 INFO  BF_MC Write LAG node at addr 0x706e with id 255 and next node 0x706f 0x0000_00000000ff0706fc
2024-07-18 15:56:35.882747 INFO  BF_MC Write LAG node at addr 0x706f with id 255 and next node 0x7070 0x00ff_07070c00ff0706fc
2024-07-18 15:56:35.882751 INFO  BF_MC Write LAG node at addr 0x7070 with id 255 and next node 0x7071 0x0000_00000000ff07071c
2024-07-18 15:56:35.882755 INFO  BF_MC Write LAG node at addr 0x7071 with id 255 and next node 0x7072 0x00ff_07072c00ff07071c
2024-07-18 15:56:35.882760 INFO  BF_MC Write LAG node at addr 0x7072 with id 255 and next node 0x7073 0x0000_00000000ff07073c
2024-07-18 15:56:35.882764 INFO  BF_MC Write LAG node at addr 0x7073 with id 255 and next node 0x7074 0x00ff_07074c00ff07073c
2024-07-18 15:56:35.882768 INFO  BF_MC Write LAG node at addr 0x7074 with id 255 and next node 0x7075 0x0000_00000000ff07075c
2024-07-18 15:56:35.882772 INFO  BF_MC Write LAG node at addr 0x7075 with id 255 and next node 0x7076 0x00ff_07076c00ff07075c
2024-07-18 15:56:35.882777 INFO  BF_MC Write LAG node at addr 0x7076 with id 255 and next node 0x7077 0x0000_00000000ff07077c
2024-07-18 15:56:35.882781 INFO  BF_MC Write LAG node at addr 0x7077 with id 255 and next node 0x7078 0x00ff_07078c00ff07077c
2024-07-18 15:56:35.882786 INFO  BF_MC Write LAG node at addr 0x7078 with id 255 and next node 0x7079 0x0000_00000000ff07079c
2024-07-18 15:56:35.882790 INFO  BF_MC Write LAG node at addr 0x7079 with id 255 and next node 0x707a 0x00ff_0707ac00ff07079c
2024-07-18 15:56:35.882795 INFO  BF_MC Write LAG node at addr 0x707a with id 255 and next node 0x707b 0x0000_00000000ff0707bc
2024-07-18 15:56:35.882799 INFO  BF_MC Write LAG node at addr 0x707b with id 255 and next node 0x707c 0x00ff_0707cc00ff0707bc
2024-07-18 15:56:35.882803 INFO  BF_MC Write LAG node at addr 0x707c with id 255 and next node 0x707d 0x0000_00000000ff0707dc
2024-07-18 15:56:35.882807 INFO  BF_MC Write LAG node at addr 0x707d with id 255 and next node 0x707e 0x00ff_0707ec00ff0707dc
2024-07-18 15:56:35.882815 INFO  BF_MC Write LAG node at addr 0x707e with id 255 and next node 0x707f 0x0000_00000000ff0707fc
2024-07-18 15:56:35.882819 INFO  BF_MC Write LAG node at addr 0x707f with id 255 and next node 0x7080 0x00ff_07080c00ff0707fc
2024-07-18 15:56:35.882823 INFO  BF_MC Write LAG node at addr 0x7080 with id 255 and next node 0x7081 0x0000_00000000ff07081c
2024-07-18 15:56:35.882827 INFO  BF_MC Write LAG node at addr 0x7081 with id 255 and next node 0x7082 0x00ff_07082c00ff07081c
2024-07-18 15:56:35.882832 INFO  BF_MC Write LAG node at addr 0x7082 with id 255 and next node 0x7083 0x0000_00000000ff07083c
2024-07-18 15:56:35.882835 INFO  BF_MC Write LAG node at addr 0x7083 with id 255 and next node 0x7084 0x00ff_07084c00ff07083c
2024-07-18 15:56:35.882840 INFO  BF_MC Write LAG node at addr 0x7084 with id 255 and next node 0x7085 0x0000_00000000ff07085c
2024-07-18 15:56:35.882844 INFO  BF_MC Write LAG node at addr 0x7085 with id 255 and next node 0x7086 0x00ff_07086c00ff07085c
2024-07-18 15:56:35.882850 INFO  BF_MC Write LAG node at addr 0x7086 with id 255 and next node 0x7087 0x0000_00000000ff07087c
2024-07-18 15:56:35.882854 INFO  BF_MC Write LAG node at addr 0x7087 with id 255 and next node 0x7088 0x00ff_07088c00ff07087c
2024-07-18 15:56:35.882858 INFO  BF_MC Write LAG node at addr 0x7088 with id 255 and next node 0x7089 0x0000_00000000ff07089c
2024-07-18 15:56:35.882861 INFO  BF_MC Write LAG node at addr 0x7089 with id 255 and next node 0x708a 0x00ff_0708ac00ff07089c
2024-07-18 15:56:35.882866 INFO  BF_MC Write LAG node at addr 0x708a with id 255 and next node 0x708b 0x0000_00000000ff0708bc
2024-07-18 15:56:35.882870 INFO  BF_MC Write LAG node at addr 0x708b with id 255 and next node 0x708c 0x00ff_0708cc00ff0708bc
2024-07-18 15:56:35.882874 INFO  BF_MC Write LAG node at addr 0x708c with id 255 and next node 0x708d 0x0000_00000000ff0708dc
2024-07-18 15:56:35.882878 INFO  BF_MC Write LAG node at addr 0x708d with id 255 and next node 0x708e 0x00ff_0708ec00ff0708dc
2024-07-18 15:56:35.882882 INFO  BF_MC Write LAG node at addr 0x708e with id 255 and next node 0x708f 0x0000_00000000ff0708fc
2024-07-18 15:56:35.882886 INFO  BF_MC Write LAG node at addr 0x708f with id 255 and next node 0x7090 0x00ff_07090c00ff0708fc
2024-07-18 15:56:35.882890 INFO  BF_MC Write LAG node at addr 0x7090 with id 255 and next node 0x7091 0x0000_00000000ff07091c
2024-07-18 15:56:35.882894 INFO  BF_MC Write LAG node at addr 0x7091 with id 255 and next node 0x7092 0x00ff_07092c00ff07091c
2024-07-18 15:56:35.882898 INFO  BF_MC Write LAG node at addr 0x7092 with id 255 and next node 0x7093 0x0000_00000000ff07093c
2024-07-18 15:56:35.882902 INFO  BF_MC Write LAG node at addr 0x7093 with id 255 and next node 0x7094 0x00ff_07094c00ff07093c
2024-07-18 15:56:35.882906 INFO  BF_MC Write LAG node at addr 0x7094 with id 255 and next node 0x7095 0x0000_00000000ff07095c
2024-07-18 15:56:35.882910 INFO  BF_MC Write LAG node at addr 0x7095 with id 255 and next node 0x7096 0x00ff_07096c00ff07095c
2024-07-18 15:56:35.882915 INFO  BF_MC Write LAG node at addr 0x7096 with id 255 and next node 0x7097 0x0000_00000000ff07097c
2024-07-18 15:56:35.882919 INFO  BF_MC Write LAG node at addr 0x7097 with id 255 and next node 0x7098 0x00ff_07098c00ff07097c
2024-07-18 15:56:35.882922 INFO  BF_MC Write LAG node at addr 0x7098 with id 255 and next node 0x7099 0x0000_00000000ff07099c
2024-07-18 15:56:35.882926 INFO  BF_MC Write LAG node at addr 0x7099 with id 255 and next node 0x709a 0x00ff_0709ac00ff07099c
2024-07-18 15:56:35.882931 INFO  BF_MC Write LAG node at addr 0x709a with id 255 and next node 0x709b 0x0000_00000000ff0709bc
2024-07-18 15:56:35.882935 INFO  BF_MC Write LAG node at addr 0x709b with id 255 and next node 0x709c 0x00ff_0709cc00ff0709bc
2024-07-18 15:56:35.882939 INFO  BF_MC Write LAG node at addr 0x709c with id 255 and next node 0x709d 0x0000_00000000ff0709dc
2024-07-18 15:56:35.882942 INFO  BF_MC Write LAG node at addr 0x709d with id 255 and next node 0x709e 0x00ff_0709ec00ff0709dc
2024-07-18 15:56:35.882947 INFO  BF_MC Write LAG node at addr 0x709e with id 255 and next node 0x709f 0x0000_00000000ff0709fc
2024-07-18 15:56:35.882953 INFO  BF_MC Write LAG node at addr 0x709f with id 255 and next node 0x70a0 0x00ff_070a0c00ff0709fc
2024-07-18 15:56:35.882957 INFO  BF_MC Write LAG node at addr 0x70a0 with id 255 and next node 0x70a1 0x0000_00000000ff070a1c
2024-07-18 15:56:35.882961 INFO  BF_MC Write LAG node at addr 0x70a1 with id 255 and next node 0x70a2 0x00ff_070a2c00ff070a1c
2024-07-18 15:56:35.882965 INFO  BF_MC Write LAG node at addr 0x70a2 with id 255 and next node 0x70a3 0x0000_00000000ff070a3c
2024-07-18 15:56:35.882969 INFO  BF_MC Write LAG node at addr 0x70a3 with id 255 and next node 0x70a4 0x00ff_070a4c00ff070a3c
2024-07-18 15:56:35.882973 INFO  BF_MC Write LAG node at addr 0x70a4 with id 255 and next node 0x70a5 0x0000_00000000ff070a5c
2024-07-18 15:56:35.882977 INFO  BF_MC Write LAG node at addr 0x70a5 with id 255 and next node 0x70a6 0x00ff_070a6c00ff070a5c
2024-07-18 15:56:35.882983 INFO  BF_MC Write LAG node at addr 0x70a6 with id 255 and next node 0x70a7 0x0000_00000000ff070a7c
2024-07-18 15:56:35.882986 INFO  BF_MC Write LAG node at addr 0x70a7 with id 255 and next node 0x70a8 0x00ff_070a8c00ff070a7c
2024-07-18 15:56:35.882990 INFO  BF_MC Write LAG node at addr 0x70a8 with id 255 and next node 0x70a9 0x0000_00000000ff070a9c
2024-07-18 15:56:35.882994 INFO  BF_MC Write LAG node at addr 0x70a9 with id 255 and next node 0x70aa 0x00ff_070aac00ff070a9c
2024-07-18 15:56:35.882999 INFO  BF_MC Write LAG node at addr 0x70aa with id 255 and next node 0x70ab 0x0000_00000000ff070abc
2024-07-18 15:56:35.883003 INFO  BF_MC Write LAG node at addr 0x70ab with id 255 and next node 0x70ac 0x00ff_070acc00ff070abc
2024-07-18 15:56:35.883007 INFO  BF_MC Write LAG node at addr 0x70ac with id 255 and next node 0x70ad 0x0000_00000000ff070adc
2024-07-18 15:56:35.883011 INFO  BF_MC Write LAG node at addr 0x70ad with id 255 and next node 0x70ae 0x00ff_070aec00ff070adc
2024-07-18 15:56:35.883015 INFO  BF_MC Write LAG node at addr 0x70ae with id 255 and next node 0x70af 0x0000_00000000ff070afc
2024-07-18 15:56:35.883019 INFO  BF_MC Write LAG node at addr 0x70af with id 255 and next node 0x70b0 0x00ff_070b0c00ff070afc
2024-07-18 15:56:35.883023 INFO  BF_MC Write LAG node at addr 0x70b0 with id 255 and next node 0x70b1 0x0000_00000000ff070b1c
2024-07-18 15:56:35.883027 INFO  BF_MC Write LAG node at addr 0x70b1 with id 255 and next node 0x70b2 0x00ff_070b2c00ff070b1c
2024-07-18 15:56:35.883031 INFO  BF_MC Write LAG node at addr 0x70b2 with id 255 and next node 0x70b3 0x0000_00000000ff070b3c
2024-07-18 15:56:35.883035 INFO  BF_MC Write LAG node at addr 0x70b3 with id 255 and next node 0x70b4 0x00ff_070b4c00ff070b3c
2024-07-18 15:56:35.883039 INFO  BF_MC Write LAG node at addr 0x70b4 with id 255 and next node 0x70b5 0x0000_00000000ff070b5c
2024-07-18 15:56:35.883043 INFO  BF_MC Write LAG node at addr 0x70b5 with id 255 and next node 0x70b6 0x00ff_070b6c00ff070b5c
2024-07-18 15:56:35.883047 INFO  BF_MC Write LAG node at addr 0x70b6 with id 255 and next node 0x70b7 0x0000_00000000ff070b7c
2024-07-18 15:56:35.883051 INFO  BF_MC Write LAG node at addr 0x70b7 with id 255 and next node 0x70b8 0x00ff_070b8c00ff070b7c
2024-07-18 15:56:35.883055 INFO  BF_MC Write LAG node at addr 0x70b8 with id 255 and next node 0x70b9 0x0000_00000000ff070b9c
2024-07-18 15:56:35.883059 INFO  BF_MC Write LAG node at addr 0x70b9 with id 255 and next node 0x70ba 0x00ff_070bac00ff070b9c
2024-07-18 15:56:35.883064 INFO  BF_MC Write LAG node at addr 0x70ba with id 255 and next node 0x70bb 0x0000_00000000ff070bbc
2024-07-18 15:56:35.883067 INFO  BF_MC Write LAG node at addr 0x70bb with id 255 and next node 0x70bc 0x00ff_070bcc00ff070bbc
2024-07-18 15:56:35.883071 INFO  BF_MC Write LAG node at addr 0x70bc with id 255 and next node 0x70bd 0x0000_00000000ff070bdc
2024-07-18 15:56:35.883075 INFO  BF_MC Write LAG node at addr 0x70bd with id 255 and next node 0x70be 0x00ff_070bec00ff070bdc
2024-07-18 15:56:35.883080 INFO  BF_MC Write LAG node at addr 0x70be with id 255 and next node 0x70bf 0x0000_00000000ff070bfc
2024-07-18 15:56:35.883086 INFO  BF_MC Write LAG node at addr 0x70bf with id 255 and next node 0x70c0 0x00ff_070c0c00ff070bfc
2024-07-18 15:56:35.883090 INFO  BF_MC Write LAG node at addr 0x70c0 with id 255 and next node 0x70c1 0x0000_00000000ff070c1c
2024-07-18 15:56:35.883094 INFO  BF_MC Write LAG node at addr 0x70c1 with id 255 and next node 0x70c2 0x00ff_070c2c00ff070c1c
2024-07-18 15:56:35.883099 INFO  BF_MC Write LAG node at addr 0x70c2 with id 255 and next node 0x70c3 0x0000_00000000ff070c3c
2024-07-18 15:56:35.883102 INFO  BF_MC Write LAG node at addr 0x70c3 with id 255 and next node 0x70c4 0x00ff_070c4c00ff070c3c
2024-07-18 15:56:35.883106 INFO  BF_MC Write LAG node at addr 0x70c4 with id 255 and next node 0x70c5 0x0000_00000000ff070c5c
2024-07-18 15:56:35.883110 INFO  BF_MC Write LAG node at addr 0x70c5 with id 255 and next node 0x70c6 0x00ff_070c6c00ff070c5c
2024-07-18 15:56:35.883115 INFO  BF_MC Write LAG node at addr 0x70c6 with id 255 and next node 0x70c7 0x0000_00000000ff070c7c
2024-07-18 15:56:35.883119 INFO  BF_MC Write LAG node at addr 0x70c7 with id 255 and next node 0x70c8 0x00ff_070c8c00ff070c7c
2024-07-18 15:56:35.883123 INFO  BF_MC Write LAG node at addr 0x70c8 with id 255 and next node 0x70c9 0x0000_00000000ff070c9c
2024-07-18 15:56:35.883127 INFO  BF_MC Write LAG node at addr 0x70c9 with id 255 and next node 0x70ca 0x00ff_070cac00ff070c9c
2024-07-18 15:56:35.883132 INFO  BF_MC Write LAG node at addr 0x70ca with id 255 and next node 0x70cb 0x0000_00000000ff070cbc
2024-07-18 15:56:35.883136 INFO  BF_MC Write LAG node at addr 0x70cb with id 255 and next node 0x70cc 0x00ff_070ccc00ff070cbc
2024-07-18 15:56:35.883140 INFO  BF_MC Write LAG node at addr 0x70cc with id 255 and next node 0x70cd 0x0000_00000000ff070cdc
2024-07-18 15:56:35.883143 INFO  BF_MC Write LAG node at addr 0x70cd with id 255 and next node 0x70ce 0x00ff_070cec00ff070cdc
2024-07-18 15:56:35.883148 INFO  BF_MC Write LAG node at addr 0x70ce with id 255 and next node 0x70cf 0x0000_00000000ff070cfc
2024-07-18 15:56:35.883152 INFO  BF_MC Write LAG node at addr 0x70cf with id 255 and next node 0x70d0 0x00ff_070d0c00ff070cfc
2024-07-18 15:56:35.883156 INFO  BF_MC Write LAG node at addr 0x70d0 with id 255 and next node 0x70d1 0x0000_00000000ff070d1c
2024-07-18 15:56:35.883160 INFO  BF_MC Write LAG node at addr 0x70d1 with id 255 and next node 0x70d2 0x00ff_070d2c00ff070d1c
2024-07-18 15:56:35.883164 INFO  BF_MC Write LAG node at addr 0x70d2 with id 255 and next node 0x70d3 0x0000_00000000ff070d3c
2024-07-18 15:56:35.883168 INFO  BF_MC Write LAG node at addr 0x70d3 with id 255 and next node 0x70d4 0x00ff_070d4c00ff070d3c
2024-07-18 15:56:35.883172 INFO  BF_MC Write LAG node at addr 0x70d4 with id 255 and next node 0x70d5 0x0000_00000000ff070d5c
2024-07-18 15:56:35.883176 INFO  BF_MC Write LAG node at addr 0x70d5 with id 255 and next node 0x70d6 0x00ff_070d6c00ff070d5c
2024-07-18 15:56:35.883180 INFO  BF_MC Write LAG node at addr 0x70d6 with id 255 and next node 0x70d7 0x0000_00000000ff070d7c
2024-07-18 15:56:35.883184 INFO  BF_MC Write LAG node at addr 0x70d7 with id 255 and next node 0x70d8 0x00ff_070d8c00ff070d7c
2024-07-18 15:56:35.883188 INFO  BF_MC Write LAG node at addr 0x70d8 with id 255 and next node 0x70d9 0x0000_00000000ff070d9c
2024-07-18 15:56:35.883192 INFO  BF_MC Write LAG node at addr 0x70d9 with id 255 and next node 0x70da 0x00ff_070dac00ff070d9c
2024-07-18 15:56:35.883196 INFO  BF_MC Write LAG node at addr 0x70da with id 255 and next node 0x70db 0x0000_00000000ff070dbc
2024-07-18 15:56:35.883200 INFO  BF_MC Write LAG node at addr 0x70db with id 255 and next node 0x70dc 0x00ff_070dcc00ff070dbc
2024-07-18 15:56:35.883204 INFO  BF_MC Write LAG node at addr 0x70dc with id 255 and next node 0x70dd 0x0000_00000000ff070ddc
2024-07-18 15:56:35.883208 INFO  BF_MC Write LAG node at addr 0x70dd with id 255 and next node 0x70de 0x00ff_070dec00ff070ddc
2024-07-18 15:56:35.883212 INFO  BF_MC Write LAG node at addr 0x70de with id 255 and next node 0x70df 0x0000_00000000ff070dfc
2024-07-18 15:56:35.883216 INFO  BF_MC Write LAG node at addr 0x70df with id 255 and next node 0x70e0 0x00ff_070e0c00ff070dfc
2024-07-18 15:56:35.883222 INFO  BF_MC Write LAG node at addr 0x70e0 with id 255 and next node 0x70e1 0x0000_00000000ff070e1c
2024-07-18 15:56:35.883226 INFO  BF_MC Write LAG node at addr 0x70e1 with id 255 and next node 0x70e2 0x00ff_070e2c00ff070e1c
2024-07-18 15:56:35.883230 INFO  BF_MC Write LAG node at addr 0x70e2 with id 255 and next node 0x70e3 0x0000_00000000ff070e3c
2024-07-18 15:56:35.883234 INFO  BF_MC Write LAG node at addr 0x70e3 with id 255 and next node 0x70e4 0x00ff_070e4c00ff070e3c
2024-07-18 15:56:35.883238 INFO  BF_MC Write LAG node at addr 0x70e4 with id 255 and next node 0x70e5 0x0000_00000000ff070e5c
2024-07-18 15:56:35.883242 INFO  BF_MC Write LAG node at addr 0x70e5 with id 255 and next node 0x70e6 0x00ff_070e6c00ff070e5c
2024-07-18 15:56:35.883247 INFO  BF_MC Write LAG node at addr 0x70e6 with id 255 and next node 0x70e7 0x0000_00000000ff070e7c
2024-07-18 15:56:35.883251 INFO  BF_MC Write LAG node at addr 0x70e7 with id 255 and next node 0x70e8 0x00ff_070e8c00ff070e7c
2024-07-18 15:56:35.883255 INFO  BF_MC Write LAG node at addr 0x70e8 with id 255 and next node 0x70e9 0x0000_00000000ff070e9c
2024-07-18 15:56:35.883259 INFO  BF_MC Write LAG node at addr 0x70e9 with id 255 and next node 0x70ea 0x00ff_070eac00ff070e9c
2024-07-18 15:56:35.883264 INFO  BF_MC Write LAG node at addr 0x70ea with id 255 and next node 0x70eb 0x0000_00000000ff070ebc
2024-07-18 15:56:35.883268 INFO  BF_MC Write LAG node at addr 0x70eb with id 255 and next node 0x70ec 0x00ff_070ecc00ff070ebc
2024-07-18 15:56:35.883272 INFO  BF_MC Write LAG node at addr 0x70ec with id 255 and next node 0x70ed 0x0000_00000000ff070edc
2024-07-18 15:56:35.883276 INFO  BF_MC Write LAG node at addr 0x70ed with id 255 and next node 0x70ee 0x00ff_070eec00ff070edc
2024-07-18 15:56:35.883280 INFO  BF_MC Write LAG node at addr 0x70ee with id 255 and next node 0x70ef 0x0000_00000000ff070efc
2024-07-18 15:56:35.883284 INFO  BF_MC Write LAG node at addr 0x70ef with id 255 and next node 0x70f0 0x00ff_070f0c00ff070efc
2024-07-18 15:56:35.883288 INFO  BF_MC Write LAG node at addr 0x70f0 with id 255 and next node 0x70f1 0x0000_00000000ff070f1c
2024-07-18 15:56:35.883292 INFO  BF_MC Write LAG node at addr 0x70f1 with id 255 and next node 0x70f2 0x00ff_070f2c00ff070f1c
2024-07-18 15:56:35.883296 INFO  BF_MC Write LAG node at addr 0x70f2 with id 255 and next node 0x70f3 0x0000_00000000ff070f3c
2024-07-18 15:56:35.883300 INFO  BF_MC Write LAG node at addr 0x70f3 with id 255 and next node 0x70f4 0x00ff_070f4c00ff070f3c
2024-07-18 15:56:35.883304 INFO  BF_MC Write LAG node at addr 0x70f4 with id 255 and next node 0x70f5 0x0000_00000000ff070f5c
2024-07-18 15:56:35.883308 INFO  BF_MC Write LAG node at addr 0x70f5 with id 255 and next node 0x70f6 0x00ff_070f6c00ff070f5c
2024-07-18 15:56:35.883312 INFO  BF_MC Write LAG node at addr 0x70f6 with id 255 and next node 0x70f7 0x0000_00000000ff070f7c
2024-07-18 15:56:35.883316 INFO  BF_MC Write LAG node at addr 0x70f7 with id 255 and next node 0x70f8 0x00ff_070f8c00ff070f7c
2024-07-18 15:56:35.883320 INFO  BF_MC Write LAG node at addr 0x70f8 with id 255 and next node 0x70f9 0x0000_00000000ff070f9c
2024-07-18 15:56:35.883324 INFO  BF_MC Write LAG node at addr 0x70f9 with id 255 and next node 0x70fa 0x00ff_070fac00ff070f9c
2024-07-18 15:56:35.883328 INFO  BF_MC Write LAG node at addr 0x70fa with id 255 and next node 0x70fb 0x0000_00000000ff070fbc
2024-07-18 15:56:35.883332 INFO  BF_MC Write LAG node at addr 0x70fb with id 255 and next node 0x70fc 0x00ff_070fcc00ff070fbc
2024-07-18 15:56:35.883336 INFO  BF_MC Write LAG node at addr 0x70fc with id 255 and next node 0x70fd 0x0000_00000000ff070fdc
2024-07-18 15:56:35.883340 INFO  BF_MC Write LAG node at addr 0x70fd with id 255 and next node 0x70fe 0x00ff_070fec00ff070fdc
2024-07-18 15:56:35.883344 INFO  BF_MC Write LAG node at addr 0x70fe with id 255 and next node 0x70ff 0x0000_00000000ff070ffc
2024-07-18 15:56:35.883348 INFO  BF_MC Write LAG node at addr 0x70ff with id 255 and next node 0x7100 0x00ff_07100c00ff070ffc
2024-07-18 15:56:35.883354 INFO  BF_MC Write LAG node at addr 0x7100 with id 255 and next node 0x7101 0x0000_00000000ff07101c
2024-07-18 15:56:35.883358 INFO  BF_MC Write LAG node at addr 0x7101 with id 255 and next node 0x7102 0x00ff_07102c00ff07101c
2024-07-18 15:56:35.883363 INFO  BF_MC Write LAG node at addr 0x7102 with id 255 and next node 0x7103 0x0000_00000000ff07103c
2024-07-18 15:56:35.883367 INFO  BF_MC Write LAG node at addr 0x7103 with id 255 and next node 0 0x00ff_00000c00ff07103c
2024-07-18 15:56:35.883372 INFO  BF_MC Allocated RDM addresses 0x31c0 - 0x31df
2024-07-18 15:56:35.883376 INFO  BF_MC Write L1End node at addr 0x31c0, rid 0, l2 0x7101
2024-07-18 15:56:35.883382 INFO  BF_MC Write L1End node at addr 0x31c1, rid 0, l2 0x7100
2024-07-18 15:56:35.883385 INFO  BF_MC Write L1End node at addr 0x31c2, rid 0, l2 0x70ff
2024-07-18 15:56:35.883389 INFO  BF_MC Write L1End node at addr 0x31c3, rid 0, l2 0x70fe
2024-07-18 15:56:35.883393 INFO  BF_MC Write L1End node at addr 0x31c4, rid 0, l2 0x70fd
2024-07-18 15:56:35.883397 INFO  BF_MC Write L1End node at addr 0x31c5, rid 0, l2 0x70fc
2024-07-18 15:56:35.883401 INFO  BF_MC Write L1End node at addr 0x31c6, rid 0, l2 0x70fb
2024-07-18 15:56:35.883405 INFO  BF_MC Write L1End node at addr 0x31c7, rid 0, l2 0x70fa
2024-07-18 15:56:35.883408 INFO  BF_MC Write L1End node at addr 0x31c8, rid 0, l2 0x70f8
2024-07-18 15:56:35.883413 INFO  BF_MC Write L1End node at addr 0x31c9, rid 0, l2 0x70f6
2024-07-18 15:56:35.883416 INFO  BF_MC Write L1End node at addr 0x31ca, rid 0, l2 0x70f4
2024-07-18 15:56:35.883427 INFO  BF_MC Write L1End node at addr 0x31cb, rid 0, l2 0x70f2
2024-07-18 15:56:35.883431 INFO  BF_MC Write L1End node at addr 0x31cc, rid 0, l2 0x70f0
2024-07-18 15:56:35.883436 INFO  BF_MC Write L1End node at addr 0x31cd, rid 0, l2 0x70ee
2024-07-18 15:56:35.883439 INFO  BF_MC Write L1End node at addr 0x31ce, rid 0, l2 0x70ec
2024-07-18 15:56:35.883443 INFO  BF_MC Write L1End node at addr 0x31cf, rid 0, l2 0x70ea
2024-07-18 15:56:35.883447 INFO  BF_MC Write L1End node at addr 0x31d0, rid 0, l2 0x70e8
2024-07-18 15:56:35.883451 INFO  BF_MC Write L1End node at addr 0x31d1, rid 0, l2 0x70e6
2024-07-18 15:56:35.883455 INFO  BF_MC Write L1End node at addr 0x31d2, rid 0, l2 0x70e4
2024-07-18 15:56:35.883459 INFO  BF_MC Write L1End node at addr 0x31d3, rid 0, l2 0x70e0
2024-07-18 15:56:35.883463 INFO  BF_MC Write L1End node at addr 0x31d4, rid 0, l2 0x70dc
2024-07-18 15:56:35.883467 INFO  BF_MC Write L1End node at addr 0x31d5, rid 0, l2 0x70d8
2024-07-18 15:56:35.883471 INFO  BF_MC Write L1End node at addr 0x31d6, rid 0, l2 0x70d4
2024-07-18 15:56:35.883474 INFO  BF_MC Write L1End node at addr 0x31d7, rid 0, l2 0x70cc
2024-07-18 15:56:35.883478 INFO  BF_MC Write L1End node at addr 0x31d8, rid 0, l2 0x70c4
2024-07-18 15:56:35.883482 INFO  BF_MC Write L1End node at addr 0x31d9, rid 0, l2 0x70bc
2024-07-18 15:56:35.883486 INFO  BF_MC Write L1End node at addr 0x31da, rid 0, l2 0x70a0
2024-07-18 15:56:35.883490 INFO  BF_MC Write L1End node at addr 0x31db, rid 0, l2 0x7087
2024-07-18 15:56:35.883493 INFO  BF_MC Write L1End node at addr 0x31dc, rid 0, l2 0x706e
2024-07-18 15:56:35.883497 INFO  BF_MC Write L1End node at addr 0x31dd, rid 0, l2 0x7055
2024-07-18 15:56:35.883501 INFO  BF_MC Write L1End node at addr 0x31de, rid 0, l2 0x703c
2024-07-18 15:56:35.883505 INFO  BF_MC Write L1End node at addr 0x31df, rid 0, l2 0x7000
2024-07-18 15:56:35.888804 INFO  BF_PM bf_pm_pltfm_front_port_eligible_for_autoneg:3163 0:21/0:1(an_eligibility)
2024-07-18 15:56:35.888832 INFO  BF_PM bf_pm_pltfm_front_port_ready_for_bringup:3062 0:21/0:1(ready)
2024-07-18 15:56:35.888844 INFO  BF_PM bf_pm_pltfm_front_port_eligible_for_autoneg:3163 0:21/1:1(an_eligibility)
2024-07-18 15:56:35.888856 INFO  BF_PM bf_pm_pltfm_front_port_ready_for_bringup:3062 0:21/1:1(ready)
2024-07-18 15:56:35.888868 INFO  BF_PM bf_pm_pltfm_front_port_eligible_for_autoneg:3163 0:21/2:1(an_eligibility)
2024-07-18 15:56:35.888882 INFO  BF_PM bf_pm_pltfm_front_port_ready_for_bringup:3062 0:21/2:1(ready)
2024-07-18 15:56:35.888894 INFO  BF_PM bf_pm_pltfm_front_port_eligible_for_autoneg:3163 0:21/3:1(an_eligibility)
2024-07-18 15:56:35.888930 INFO  BF_PM bf_pm_pltfm_front_port_ready_for_bringup:3062 0:21/3:1(ready)
2024-07-18 15:56:35.888944 DEBUG BF_PLTFM QSFP: 21 : QSFP_FSM_ST_INSERTED         --> QSFP_FSM_ST_DETECTED         (0ms)
2024-07-18 15:56:35.894847 INFO  BF_MC mc_mgr_add_device: Device 0 add successful.
2024-07-18 15:56:35.930179 DEBUG BF_PORT 0:68: 64(speed): 0(fec): 4(n_lanes)
2024-07-18 15:56:35.930211 DEBUG BF_PORT port_mgr_tof1_port_add:1021:0:68:64(speed):0(fec)
2024-07-18 15:56:35.930555 INFO  BF_TM Enabling QAC rx during port-add for dev 0, dev_port 68
2024-07-18 15:56:35.931084 DEBUG BF_PORT 0:68: 64(speed): 0(fec): 4(n_lanes)
2024-07-18 15:56:35.931089 DEBUG BF_PORT port_mgr_tof1_port_add:1021:0:68:64(speed):0(fec)
2024-07-18 15:56:35.931246 INFO  BF_DVM Dev 0 port 68 added sts Success (0)
2024-07-18 15:56:35.931252 DEBUG BF_PORT 0:192: 64(speed): 0(fec): 4(n_lanes)
2024-07-18 15:56:35.931258 DEBUG BF_PORT port_mgr_tof1_port_add:1021:0:192:64(speed):0(fec)
2024-07-18 15:56:35.931594 INFO  BF_TM Enabling QAC rx during port-add for dev 0, dev_port 192
2024-07-18 15:56:35.932084 DEBUG BF_PORT 0:192: 64(speed): 0(fec): 4(n_lanes)
2024-07-18 15:56:35.932097 DEBUG BF_PORT port_mgr_tof1_port_add:1021:0:192:64(speed):0(fec)
2024-07-18 15:56:35.932269 INFO  BF_DVM Dev 0 port 192 added sts Success (0)
2024-07-18 15:56:35.932282 DEBUG BF_PORT 0:196: 64(speed): 0(fec): 4(n_lanes)
2024-07-18 15:56:35.932294 DEBUG BF_PORT port_mgr_tof1_port_add:1021:0:196:64(speed):0(fec)
2024-07-18 15:56:35.932633 INFO  BF_TM Enabling QAC rx during port-add for dev 0, dev_port 196
2024-07-18 15:56:35.933177 DEBUG BF_PORT 0:196: 64(speed): 0(fec): 4(n_lanes)
2024-07-18 15:56:35.933189 DEBUG BF_PORT port_mgr_tof1_port_add:1021:0:196:64(speed):0(fec)
2024-07-18 15:56:35.933359 INFO  BF_DVM Dev 0 port 196 added sts Success (0)
2024-07-18 15:56:37.437864 DEBUG BF_PLTFM QSFP Scan started..
2024-07-18 15:56:55.221186 INFO  BF_PM bf_pm_port_add_with_lanes:3876 0:7/0:64(speed):2(fec):4(n_lanes)
2024-07-18 15:56:55.221282 DEBUG BF_PORT 0:180: 64(speed): 2(fec): 4(n_lanes)
2024-07-18 15:56:55.221299 DEBUG BF_PORT port_mgr_tof1_port_add:1021:0:180:64(speed):2(fec)
2024-07-18 15:56:55.222409 DEBUG BF_PORT MAC: DIS: 0:34:0 : Disable channel
2024-07-18 15:56:55.222461 DEBUG BF_PORT MAC: DIS: 0:34:0 : ERROR! : ch0mode.ena = 0!
2024-07-18 15:56:55.222999 INFO  BF_TM TM buffers egress usage count after disabling qac_rx for dev 0, dev_port 180 before wait 1 is 0
2024-07-18 15:56:55.223024 INFO  BF_TM TM buffers got drained after disabling qac_rx for dev 0, dev_port 180 after 0 waits
2024-07-18 15:56:55.223550 DEBUG BF_PORT 0:180: 64(speed): 2(fec): 4(n_lanes)
2024-07-18 15:56:55.223578 DEBUG BF_PORT port_mgr_tof1_port_add:1021:0:180:64(speed):2(fec)
2024-07-18 15:56:55.223752 INFO  BF_DVM Dev 0 port 180 added sts Success (0)
2024-07-18 15:56:55.223772 INFO  BF_PM bf_pm_port_direction_clear:3485 0:7/0
2024-07-18 15:56:55.223815 DEBUG BF_PLTFM Extended Mac addr: 6c:ec:5a:62:a8:20 

2024-07-18 15:56:55.223877 DEBUG BF_PORT SDS :0:180:0: MAP: Rx inv=0
2024-07-18 15:56:55.224022 DEBUG BF_PORT SDS :0:180:0: MAP: Tx inv=0
2024-07-18 15:56:55.224143 DEBUG BF_PORT SDS :0:180:1: MAP: Rx inv=0
2024-07-18 15:56:55.224256 DEBUG BF_PORT SDS :0:180:1: MAP: Tx inv=0
2024-07-18 15:56:55.224375 DEBUG BF_PORT SDS :0:180:2: MAP: Rx inv=0
2024-07-18 15:56:55.224489 DEBUG BF_PORT SDS :0:180:2: MAP: Tx inv=0
2024-07-18 15:56:55.224606 DEBUG BF_PORT SDS :0:180:3: MAP: Rx inv=0
2024-07-18 15:56:55.224718 DEBUG BF_PORT SDS :0:180:3: MAP: Tx inv=0
2024-07-18 15:56:55.228471 INFO  BF_PM bf_pm_port_add_with_lanes:3876 0:3/0:64(speed):2(fec):4(n_lanes)
2024-07-18 15:56:55.228506 DEBUG BF_PORT 0:148: 64(speed): 2(fec): 4(n_lanes)
2024-07-18 15:56:55.228519 DEBUG BF_PORT port_mgr_tof1_port_add:1021:0:148:64(speed):2(fec)
2024-07-18 15:56:55.229484 DEBUG BF_PORT MAC: DIS: 0:42:0 : Disable channel
2024-07-18 15:56:55.229507 DEBUG BF_PORT MAC: DIS: 0:42:0 : ERROR! : ch0mode.ena = 0!
2024-07-18 15:56:55.229981 INFO  BF_TM TM buffers egress usage count after disabling qac_rx for dev 0, dev_port 148 before wait 1 is 0
2024-07-18 15:56:55.230018 INFO  BF_TM TM buffers got drained after disabling qac_rx for dev 0, dev_port 148 after 0 waits
2024-07-18 15:56:55.230525 DEBUG BF_PORT 0:148: 64(speed): 2(fec): 4(n_lanes)
2024-07-18 15:56:55.230549 DEBUG BF_PORT port_mgr_tof1_port_add:1021:0:148:64(speed):2(fec)
2024-07-18 15:56:55.230721 INFO  BF_DVM Dev 0 port 148 added sts Success (0)
2024-07-18 15:56:55.230735 INFO  BF_PM bf_pm_port_direction_clear:3485 0:3/0
2024-07-18 15:56:55.230749 DEBUG BF_PLTFM Extended Mac addr: 6c:ec:5a:62:a8:10 

2024-07-18 15:56:55.230774 DEBUG BF_PORT SDS :0:148:0: MAP: Rx inv=0
2024-07-18 15:56:55.230897 DEBUG BF_PORT SDS :0:148:0: MAP: Tx inv=0
2024-07-18 15:56:55.231013 DEBUG BF_PORT SDS :0:148:1: MAP: Rx inv=0
2024-07-18 15:56:55.231126 DEBUG BF_PORT SDS :0:148:1: MAP: Tx inv=0
2024-07-18 15:56:55.231245 DEBUG BF_PORT SDS :0:148:2: MAP: Rx inv=0
2024-07-18 15:56:55.231358 DEBUG BF_PORT SDS :0:148:2: MAP: Tx inv=0
2024-07-18 15:56:55.231483 DEBUG BF_PORT SDS :0:148:3: MAP: Rx inv=0
2024-07-18 15:56:55.231600 DEBUG BF_PORT SDS :0:148:3: MAP: Tx inv=0
2024-07-18 15:56:55.235138 INFO  BF_PM bf_pm_port_add_with_lanes:3876 0:33/2:2(speed):0(fec):1(n_lanes)
2024-07-18 15:56:55.235173 DEBUG BF_PORT 0:66: 2(speed): 0(fec): 1(n_lanes)
2024-07-18 15:56:55.235178 DEBUG BF_PORT port_mgr_tof1_port_add:1021:0:66:2(speed):0(fec)
2024-07-18 15:56:55.235809 DEBUG BF_PORT MAC: DIS: 0:64:2 : Disable channel
2024-07-18 15:56:55.235820 DEBUG BF_PORT MAC: DIS: 0:64:2 : ERROR! : ch0mode.ena = 0!
2024-07-18 15:56:55.236206 INFO  BF_TM TM buffers egress usage count after disabling qac_rx for dev 0, dev_port 66 before wait 1 is 0
2024-07-18 15:56:55.236215 INFO  BF_TM TM buffers got drained after disabling qac_rx for dev 0, dev_port 66 after 0 waits
2024-07-18 15:56:55.236712 DEBUG BF_PORT 0:66: 2(speed): 0(fec): 1(n_lanes)
2024-07-18 15:56:55.236736 DEBUG BF_PORT port_mgr_tof1_port_add:1021:0:66:2(speed):0(fec)
2024-07-18 15:56:55.236904 INFO  BF_DVM Dev 0 port 66 added sts Success (0)
2024-07-18 15:56:55.236910 INFO  BF_PM bf_pm_port_direction_clear:3485 0:33/2
2024-07-18 15:56:55.236916 DEBUG BF_PLTFM Extended Mac addr: 6c:ec:5a:62:a8:8a 

2024-07-18 15:56:55.236927 INFO  BF_PM bf_pm_pltfm_front_port_ready_for_bringup:3062 0:33/2:1(ready)
2024-07-18 15:56:55.236945 DEBUG BF_PORT SDS :0: 66:0: MAP: Rx inv=0
2024-07-18 15:56:55.237059 DEBUG BF_PORT SDS :0: 66:0: MAP: Tx inv=0
2024-07-18 15:56:55.238185 INFO  BF_PM bf_pm_port_autoneg_set:4523 0:7/0:1(an_policy)
2024-07-18 15:56:55.238344 INFO  BF_PM bf_pm_port_autoneg_set:4523 0:3/0:1(an_policy)
2024-07-18 15:56:55.238525 INFO  BF_PM bf_pm_port_autoneg_set:4523 0:33/2:1(an_policy)
2024-07-18 15:56:55.238719 INFO  BF_PM bf_pm_port_enable:4114 0:3/0
2024-07-18 15:56:55.242941 DEBUG BF_PLTFM QSFP:  3 : ch[0] : dev_port=148 : is COPPER
2024-07-18 15:56:55.242963 DEBUG BF_PORT port_mgr_port_enable:128:0:148:1(enb)
2024-07-18 15:56:55.242968 DEBUG BF_PORT port_mgr_tof1_port_enable:1312:0:148:1(enb)
2024-07-18 15:56:55.242972 DEBUG BF_PORT PRT :0:148:-: Enable
2024-07-18 15:56:55.242983 INFO  BF_TM Enabling QAC rx during port-enable for dev 0, dev_port 148
2024-07-18 15:56:55.243071 INFO  BF_PM bf_pm_port_enable:4114 0:7/0
2024-07-18 15:56:55.243303 DEBUG BF_PORT FSM :0:148:-: MACs serdesmux.sig_ok=PASS-THRU
2024-07-18 15:56:55.259249 DEBUG BF_PORT FSM :0:148:-: BF_FSM_ST_IDLE             --> BF_AN_FSM_ST_WAIT_PLL1    
2024-07-18 15:56:55.259651 DEBUG BF_PLTFM QSFP:  7 : ch[0] : dev_port=180 : is COPPER
2024-07-18 15:56:55.259681 DEBUG BF_PORT port_mgr_port_enable:128:0:180:1(enb)
2024-07-18 15:56:55.259689 DEBUG BF_PORT port_mgr_tof1_port_enable:1312:0:180:1(enb)
2024-07-18 15:56:55.259697 DEBUG BF_PORT PRT :0:180:-: Enable
2024-07-18 15:56:55.259712 INFO  BF_TM Enabling QAC rx during port-enable for dev 0, dev_port 180
2024-07-18 15:56:55.259978 DEBUG BF_PORT FSM :0:180:-: MACs serdesmux.sig_ok=PASS-THRU
2024-07-18 15:56:55.262018 INFO  BF_PM bf_pm_port_enable:4114 0:33/2
2024-07-18 15:56:55.262077 INFO  BF_PM bf_pm_pltfm_front_port_eligible_for_autoneg:3163 0:33/2:1(an_eligibility)
2024-07-18 15:56:55.262104 DEBUG BF_PORT port_mgr_port_enable:128:0:66:1(enb)
2024-07-18 15:56:55.262117 DEBUG BF_PORT port_mgr_tof1_port_enable:1312:0:66:1(enb)
2024-07-18 15:56:55.262124 DEBUG BF_PORT PRT :0: 66:-: Enable
2024-07-18 15:56:55.262141 INFO  BF_TM Enabling QAC rx during port-enable for dev 0, dev_port 66
2024-07-18 15:56:55.275622 DEBUG BF_PORT FSM :0:180:-: BF_FSM_ST_IDLE             --> BF_AN_FSM_ST_WAIT_PLL1    
2024-07-18 15:56:55.275636 DEBUG BF_PORT FSM :0: 66:-: MACs serdesmux.sig_ok=PASS-THRU
2024-07-18 15:56:55.279586 DEBUG BF_PORT FSM :0: 66:-: BF_FSM_ST_IDLE             --> BF_AN_FSM_ST_WAIT_PLL1    
2024-07-18 15:56:55.284417 DEBUG BF_PORT 0:1: 42:            raw: d000_2000_0001
2024-07-18 15:56:55.284434 DEBUG BF_PORT 0:1: 42:       AN speed: 100G_CR4 
2024-07-18 15:56:55.284442 DEBUG BF_PORT 0:1: 42:       AN   fec: f2 (25G-RS FEC REQUEST) f0 (10G-FC FEC ABILITY) f1 (10G-FC FEC REQUEST) 
2024-07-18 15:56:55.285043 DEBUG BF_PORT FSM :0:148:0: Set tx_output_en 1 <rc=0>
2024-07-18 15:56:55.285049 DEBUG BF_PORT FSM :0:148:-: BF_AN_FSM_ST_WAIT_PLL1     --> BF_AN_FSM_ST_WAIT_BASE_PG 
2024-07-18 15:56:55.290596 DEBUG BF_PORT 0:1:  9:            raw: d000_2000_0001
2024-07-18 15:56:55.290609 DEBUG BF_PORT 0:1:  9:       AN speed: 100G_CR4 
2024-07-18 15:56:55.290613 DEBUG BF_PORT 0:1:  9:       AN   fec: f2 (25G-RS FEC REQUEST) f0 (10G-FC FEC ABILITY) f1 (10G-FC FEC REQUEST) 
2024-07-18 15:56:55.291211 DEBUG BF_PORT FSM :0:180:0: Set tx_output_en 1 <rc=0>
2024-07-18 15:56:55.291217 DEBUG BF_PORT FSM :0:180:-: BF_AN_FSM_ST_WAIT_PLL1     --> BF_AN_FSM_ST_WAIT_BASE_PG 
2024-07-18 15:56:55.292626 DEBUG BF_PORT 0:0:142:            raw: 0000_0080_0001
2024-07-18 15:56:55.292634 DEBUG BF_PORT 0:0:142:       AN speed: 10G_KR 
2024-07-18 15:56:55.293272 DEBUG BF_PORT FSM :0: 66:0: Set tx_output_en 1 <rc=0>
2024-07-18 15:56:55.293277 DEBUG BF_PORT FSM :0: 66:-: BF_AN_FSM_ST_WAIT_PLL1     --> BF_AN_FSM_ST_WAIT_BASE_PG 
2024-07-18 15:56:55.449800 DEBUG BF_PORT 0:0:142:            raw: 4000_00a0_4c21
2024-07-18 15:56:55.449821 DEBUG BF_PORT 0:0:142:       AN speed: 1000_KX 10G_KR 
2024-07-18 15:56:55.449834 DEBUG BF_PORT 0:0:142:       AN   fec: f0 (10G-FC FEC ABILITY) 
2024-07-18 15:56:55.449847 DEBUG BF_PORT 0:0:142:       AN  pause: c0 (RX) c1 (TX) 
2024-07-18 15:56:55.449874 DEBUG BF_PORT FSM :0: 66:0: LP BASE PG: 4000_00a0_4c21
2024-07-18 15:56:55.449889 DEBUG BF_PORT FSM :0: 66:-: BF_AN_FSM_ST_WAIT_BASE_PG  --> BF_AN_FSM_ST_WAIT_NEXT_PG 
2024-07-18 15:56:55.460291 DEBUG BF_PORT FSM :0: 66:0: AN GOOD (early) an_cmpl=0
2024-07-18 15:56:55.460329 DEBUG BF_PORT FSM :0: 66:-: BF_AN_FSM_ST_WAIT_NEXT_PG  --> BF_AN_FSM_ST_WAIT_AN_GOOD 
2024-07-18 15:56:55.462116 DEBUG BF_PORT FSM :0: 66:-: BF_AN_FSM_ST_WAIT_AN_GOOD  --> BF_AN_FSM_ST_WAIT_PLL2    
2024-07-18 15:56:55.473655 DEBUG BF_PORT AAPL: HCD Technology selected on serdes 0x8e: 10GBASE-KR
2024-07-18 15:56:55.474211 DEBUG BF_PORT FSM :0: 66:-: Enable MAC CH Tx : Disable MAC Rx
2024-07-18 15:56:55.474226 DEBUG BF_PORT MAC: DIS: 0:64:2 : Disable channel
2024-07-18 15:56:55.474247 DEBUG BF_PORT MAC: ENA: 0:64:2 : Enable channel
2024-07-18 15:56:55.474484 DEBUG BF_PORT FSM :0: 66:-: BF_AN_FSM_ST_WAIT_PLL2     --> BF_AN_FSM_ST_WAIT_AN_CMPLT
2024-07-18 15:56:55.586488 DEBUG BF_PORT 0:0:142: Link training: fail=0 : in_prg=1 : rx_trnd=0 : frm_lk=1 : rmt-rq=0 : lcl-rq=0 : RemRcvrRdy=1
2024-07-18 15:56:55.606987 DEBUG BF_PORT 0:0:142: Link training: fail=0 : in_prg=1 : rx_trnd=0 : frm_lk=1 : rmt-rq=0 : lcl-rq=0 : RemRcvrRdy=1
2024-07-18 15:56:55.627467 DEBUG BF_PORT 0:0:142: Link training: fail=0 : in_prg=1 : rx_trnd=0 : frm_lk=1 : rmt-rq=0 : lcl-rq=0 : RemRcvrRdy=1
2024-07-18 15:56:55.647929 DEBUG BF_PORT 0:0:142: Link training: fail=0 : in_prg=1 : rx_trnd=0 : frm_lk=1 : rmt-rq=0 : lcl-rq=0 : RemRcvrRdy=1
2024-07-18 15:56:55.668374 DEBUG BF_PORT 0:0:142: Link training: fail=0 : in_prg=1 : rx_trnd=0 : frm_lk=1 : rmt-rq=0 : lcl-rq=0 : RemRcvrRdy=1
2024-07-18 15:56:55.688791 DEBUG BF_PORT 0:0:142: Link training: fail=0 : in_prg=1 : rx_trnd=0 : frm_lk=1 : rmt-rq=0 : lcl-rq=0 : RemRcvrRdy=1
2024-07-18 15:56:55.709284 DEBUG BF_PORT 0:0:142: Link training: fail=0 : in_prg=1 : rx_trnd=0 : frm_lk=1 : rmt-rq=0 : lcl-rq=0 : RemRcvrRdy=1
2024-07-18 15:56:55.725639 DEBUG BF_PORT 0:1: 42:            raw: 4000_e2be_c341
2024-07-18 15:56:55.725658 DEBUG BF_PORT 0:1: 42:       AN speed: 1000_KX 10G_KR 40G_CR4 100G_CR4 25G_KRS_CRS 25G_KR_CR 
2024-07-18 15:56:55.725672 DEBUG BF_PORT 0:1: 42:       AN   fec: f0 (10G-FC FEC ABILITY) 
2024-07-18 15:56:55.725690 DEBUG BF_PORT FSM :0:148:0: LP BASE PG: 4000_e2be_c341
2024-07-18 15:56:55.726105 DEBUG BF_PORT FSM :0:148:-: BF_AN_FSM_ST_WAIT_BASE_PG  --> BF_AN_FSM_ST_WAIT_NEXT_PG 
2024-07-18 15:56:55.729768 DEBUG BF_PORT 0:0:142: Link training: fail=0 : in_prg=1 : rx_trnd=0 : frm_lk=1 : rmt-rq=0 : lcl-rq=0 : RemRcvrRdy=1
2024-07-18 15:56:55.736737 DEBUG BF_PORT FSM :0:148:0: LP NEXT PG: 04df_0353_e805
2024-07-18 15:56:55.747890 DEBUG BF_PORT FSM :0:148:0: LP NEXT PG: 0300_0220_c203
2024-07-18 15:56:55.750324 DEBUG BF_PORT 0:0:142: Link training: fail=0 : in_prg=0 : rx_trnd=1 : frm_lk=0 : rmt-rq=0 : lcl-rq=0 : RemRcvrRdy=1
2024-07-18 15:56:55.750342 DEBUG BF_PORT FSM :0: 66:-: LT: | complete | none     | none     | none     |
2024-07-18 15:56:55.750469 DEBUG BF_PORT FSM :0: 66:-: Enable MAC Rx
2024-07-18 15:56:55.750603 DEBUG BF_PORT FSM :0: 66:-: BF_AN_FSM_ST_WAIT_AN_CMPLT --> BF_AN_FSM_ST_WAIT_PCS_UP  
2024-07-18 15:56:55.758859 DEBUG BF_PORT FSM :0:148:0: LP NEXT PG: 00b2_0000_e805
2024-07-18 15:56:55.770007 DEBUG BF_PORT FSM :0:148:0: LP NEXT PG: 0000_0008_c200
2024-07-18 15:56:55.780879 DEBUG BF_PORT FSM :0:148:0: AN GOOD (early) an_cmpl=0
2024-07-18 15:56:55.780903 DEBUG BF_PORT FSM :0:148:-: BF_AN_FSM_ST_WAIT_NEXT_PG  --> BF_AN_FSM_ST_WAIT_AN_GOOD 
2024-07-18 15:56:55.782711 DEBUG BF_PORT FSM :0:148:-: BF_AN_FSM_ST_WAIT_AN_GOOD  --> BF_AN_FSM_ST_WAIT_PLL2    
2024-07-18 15:56:55.794277 DEBUG BF_PORT AAPL: HCD Technology selected on serdes 0x12a: 100GBASE-CR4
2024-07-18 15:56:55.796210 DEBUG BF_PORT FSM :0:148:-: Enable MAC CH Tx : Disable MAC Rx
2024-07-18 15:56:55.796237 DEBUG BF_PORT MAC: DIS: 0:42:0 : Disable channel
2024-07-18 15:56:55.796258 DEBUG BF_PORT MAC: ENA: 0:42:0 : Enable channel
2024-07-18 15:56:55.797089 DEBUG BF_PORT FSM :0:148:-: BF_AN_FSM_ST_WAIT_PLL2     --> BF_AN_FSM_ST_WAIT_AN_CMPLT
2024-07-18 15:56:55.868530 DEBUG BF_PORT 0:1: 42: Link training: fail=0 : in_prg=1 : rx_trnd=0 : frm_lk=1 : rmt-rq=0 : lcl-rq=0 : RemRcvrRdy=1
2024-07-18 15:56:55.868763 DEBUG BF_PORT 0:1: 43: Link training: fail=0 : in_prg=1 : rx_trnd=0 : frm_lk=1 : rmt-rq=0 : lcl-rq=0 : RemRcvrRdy=1
2024-07-18 15:56:55.868977 DEBUG BF_PORT 0:1: 44: Link training: fail=0 : in_prg=1 : rx_trnd=0 : frm_lk=1 : rmt-rq=0 : lcl-rq=0 : RemRcvrRdy=1
2024-07-18 15:56:55.889512 DEBUG BF_PORT 0:1: 42: Link training: fail=0 : in_prg=1 : rx_trnd=0 : frm_lk=1 : rmt-rq=0 : lcl-rq=0 : RemRcvrRdy=1
2024-07-18 15:56:55.889734 DEBUG BF_PORT 0:1: 43: Link training: fail=0 : in_prg=1 : rx_trnd=0 : frm_lk=1 : rmt-rq=0 : lcl-rq=0 : RemRcvrRdy=1
2024-07-18 15:56:55.889957 DEBUG BF_PORT 0:1: 44: Link training: fail=0 : in_prg=1 : rx_trnd=0 : frm_lk=1 : rmt-rq=0 : lcl-rq=0 : RemRcvrRdy=1
2024-07-18 15:56:55.910556 DEBUG BF_PORT 0:1: 42: Link training: fail=0 : in_prg=1 : rx_trnd=0 : frm_lk=1 : rmt-rq=0 : lcl-rq=0 : RemRcvrRdy=1
2024-07-18 15:56:55.910776 DEBUG BF_PORT 0:1: 43: Link training: fail=0 : in_prg=1 : rx_trnd=0 : frm_lk=1 : rmt-rq=0 : lcl-rq=0 : RemRcvrRdy=1
2024-07-18 15:56:55.910990 DEBUG BF_PORT 0:1: 44: Link training: fail=0 : in_prg=1 : rx_trnd=0 : frm_lk=1 : rmt-rq=0 : lcl-rq=0 : RemRcvrRdy=1
2024-07-18 15:56:55.911212 DEBUG BF_PORT 0:1: 45: Link training: fail=0 : in_prg=1 : rx_trnd=0 : frm_lk=1 : rmt-rq=0 : lcl-rq=0 : RemRcvrRdy=1
2024-07-18 15:56:55.931579 DEBUG BF_PORT 0:1: 42: Link training: fail=0 : in_prg=1 : rx_trnd=0 : frm_lk=1 : rmt-rq=0 : lcl-rq=0 : RemRcvrRdy=1
2024-07-18 15:56:55.931801 DEBUG BF_PORT 0:1: 43: Link training: fail=0 : in_prg=1 : rx_trnd=0 : frm_lk=1 : rmt-rq=0 : lcl-rq=0 : RemRcvrRdy=1
2024-07-18 15:56:55.932027 DEBUG BF_PORT 0:1: 44: Link training: fail=0 : in_prg=1 : rx_trnd=0 : frm_lk=1 : rmt-rq=0 : lcl-rq=0 : RemRcvrRdy=1
2024-07-18 15:56:55.932257 DEBUG BF_PORT 0:1: 45: Link training: fail=0 : in_prg=1 : rx_trnd=0 : frm_lk=1 : rmt-rq=0 : lcl-rq=0 : RemRcvrRdy=1
2024-07-18 15:56:55.952663 DEBUG BF_PORT 0:1: 42: Link training: fail=0 : in_prg=1 : rx_trnd=0 : frm_lk=1 : rmt-rq=0 : lcl-rq=0 : RemRcvrRdy=1
2024-07-18 15:56:55.952884 DEBUG BF_PORT 0:1: 43: Link training: fail=0 : in_prg=1 : rx_trnd=0 : frm_lk=1 : rmt-rq=0 : lcl-rq=0 : RemRcvrRdy=1
2024-07-18 15:56:55.953098 DEBUG BF_PORT 0:1: 44: Link training: fail=0 : in_prg=1 : rx_trnd=0 : frm_lk=1 : rmt-rq=0 : lcl-rq=0 : RemRcvrRdy=1
2024-07-18 15:56:55.953323 DEBUG BF_PORT 0:1: 45: Link training: fail=0 : in_prg=1 : rx_trnd=0 : frm_lk=1 : rmt-rq=0 : lcl-rq=0 : RemRcvrRdy=1
2024-07-18 15:56:55.973711 DEBUG BF_PORT 0:1: 42: Link training: fail=0 : in_prg=1 : rx_trnd=0 : frm_lk=1 : rmt-rq=0 : lcl-rq=0 : RemRcvrRdy=1
2024-07-18 15:56:55.973932 DEBUG BF_PORT 0:1: 43: Link training: fail=0 : in_prg=1 : rx_trnd=0 : frm_lk=1 : rmt-rq=0 : lcl-rq=0 : RemRcvrRdy=1
2024-07-18 15:56:55.974146 DEBUG BF_PORT 0:1: 44: Link training: fail=0 : in_prg=1 : rx_trnd=0 : frm_lk=1 : rmt-rq=0 : lcl-rq=0 : RemRcvrRdy=1
2024-07-18 15:56:55.974371 DEBUG BF_PORT 0:1: 45: Link training: fail=0 : in_prg=1 : rx_trnd=0 : frm_lk=1 : rmt-rq=0 : lcl-rq=0 : RemRcvrRdy=1
2024-07-18 15:56:55.994745 DEBUG BF_PORT 0:1: 42: Link training: fail=0 : in_prg=1 : rx_trnd=0 : frm_lk=1 : rmt-rq=0 : lcl-rq=0 : RemRcvrRdy=1
2024-07-18 15:56:55.994965 DEBUG BF_PORT 0:1: 43: Link training: fail=0 : in_prg=1 : rx_trnd=0 : frm_lk=1 : rmt-rq=0 : lcl-rq=0 : RemRcvrRdy=1
2024-07-18 15:56:55.995178 DEBUG BF_PORT 0:1: 44: Link training: fail=0 : in_prg=1 : rx_trnd=0 : frm_lk=1 : rmt-rq=0 : lcl-rq=0 : RemRcvrRdy=1
2024-07-18 15:56:55.995400 DEBUG BF_PORT 0:1: 45: Link training: fail=0 : in_prg=1 : rx_trnd=0 : frm_lk=1 : rmt-rq=0 : lcl-rq=0 : RemRcvrRdy=1
2024-07-18 15:56:56.015786 DEBUG BF_PORT 0:1: 42: Link training: fail=0 : in_prg=1 : rx_trnd=0 : frm_lk=1 : rmt-rq=0 : lcl-rq=0 : RemRcvrRdy=1
2024-07-18 15:56:56.016026 DEBUG BF_PORT 0:1: 43: Link training: fail=0 : in_prg=1 : rx_trnd=0 : frm_lk=1 : rmt-rq=0 : lcl-rq=0 : RemRcvrRdy=1
2024-07-18 15:56:56.016241 DEBUG BF_PORT 0:1: 44: Link training: fail=0 : in_prg=1 : rx_trnd=0 : frm_lk=1 : rmt-rq=0 : lcl-rq=0 : RemRcvrRdy=1
2024-07-18 15:56:56.016457 DEBUG BF_PORT 0:1: 45: Link training: fail=0 : in_prg=1 : rx_trnd=0 : frm_lk=1 : rmt-rq=0 : lcl-rq=0 : RemRcvrRdy=1
2024-07-18 15:56:56.036845 DEBUG BF_PORT 0:1: 42: Link training: fail=0 : in_prg=1 : rx_trnd=0 : frm_lk=1 : rmt-rq=0 : lcl-rq=0 : RemRcvrRdy=1
2024-07-18 15:56:56.037065 DEBUG BF_PORT 0:1: 43: Link training: fail=0 : in_prg=1 : rx_trnd=0 : frm_lk=1 : rmt-rq=0 : lcl-rq=0 : RemRcvrRdy=1
2024-07-18 15:56:56.037282 DEBUG BF_PORT 0:1: 44: Link training: fail=0 : in_prg=1 : rx_trnd=0 : frm_lk=1 : rmt-rq=0 : lcl-rq=0 : RemRcvrRdy=1
2024-07-18 15:56:56.037498 DEBUG BF_PORT 0:1: 45: Link training: fail=0 : in_prg=1 : rx_trnd=0 : frm_lk=1 : rmt-rq=0 : lcl-rq=0 : RemRcvrRdy=1
2024-07-18 15:56:56.057865 DEBUG BF_PORT 0:1: 42: Link training: fail=0 : in_prg=0 : rx_trnd=1 : frm_lk=0 : rmt-rq=0 : lcl-rq=0 : RemRcvrRdy=1
2024-07-18 15:56:56.058087 DEBUG BF_PORT 0:1: 43: Link training: fail=0 : in_prg=1 : rx_trnd=0 : frm_lk=1 : rmt-rq=0 : lcl-rq=0 : RemRcvrRdy=1
2024-07-18 15:56:56.058302 DEBUG BF_PORT 0:1: 44: Link training: fail=0 : in_prg=1 : rx_trnd=0 : frm_lk=1 : rmt-rq=0 : lcl-rq=0 : RemRcvrRdy=1
2024-07-18 15:56:56.058517 DEBUG BF_PORT 0:1: 45: Link training: fail=0 : in_prg=1 : rx_trnd=0 : frm_lk=1 : rmt-rq=0 : lcl-rq=0 : RemRcvrRdy=1
2024-07-18 15:56:56.058534 DEBUG BF_PORT FSM :0:148:-: LT: | complete | running  | running  | running  |
2024-07-18 15:56:56.078838 DEBUG BF_PORT 0:1: 42: Link training: fail=0 : in_prg=0 : rx_trnd=1 : frm_lk=0 : rmt-rq=0 : lcl-rq=0 : RemRcvrRdy=1
2024-07-18 15:56:56.079060 DEBUG BF_PORT 0:1: 43: Link training: fail=0 : in_prg=0 : rx_trnd=1 : frm_lk=0 : rmt-rq=0 : lcl-rq=0 : RemRcvrRdy=1
2024-07-18 15:56:56.079293 DEBUG BF_PORT 0:1: 44: Link training: fail=0 : in_prg=0 : rx_trnd=1 : frm_lk=0 : rmt-rq=0 : lcl-rq=0 : RemRcvrRdy=1
2024-07-18 15:56:56.079513 DEBUG BF_PORT 0:1: 45: Link training: fail=0 : in_prg=1 : rx_trnd=0 : frm_lk=1 : rmt-rq=0 : lcl-rq=0 : RemRcvrRdy=1
2024-07-18 15:56:56.079528 DEBUG BF_PORT FSM :0:148:-: LT: | complete | complete | complete | running  |
2024-07-18 15:56:56.099826 DEBUG BF_PORT 0:1: 42: Link training: fail=0 : in_prg=0 : rx_trnd=1 : frm_lk=0 : rmt-rq=0 : lcl-rq=0 : RemRcvrRdy=1
2024-07-18 15:56:56.100054 DEBUG BF_PORT 0:1: 43: Link training: fail=0 : in_prg=0 : rx_trnd=1 : frm_lk=0 : rmt-rq=0 : lcl-rq=0 : RemRcvrRdy=1
2024-07-18 15:56:56.100271 DEBUG BF_PORT 0:1: 44: Link training: fail=0 : in_prg=0 : rx_trnd=1 : frm_lk=0 : rmt-rq=0 : lcl-rq=0 : RemRcvrRdy=1
2024-07-18 15:56:56.100485 DEBUG BF_PORT 0:1: 45: Link training: fail=0 : in_prg=1 : rx_trnd=0 : frm_lk=1 : rmt-rq=0 : lcl-rq=0 : RemRcvrRdy=1
2024-07-18 15:56:56.100500 DEBUG BF_PORT FSM :0:148:-: LT: | complete | complete | complete | running  |
2024-07-18 15:56:56.120857 DEBUG BF_PORT 0:1: 42: Link training: fail=0 : in_prg=0 : rx_trnd=1 : frm_lk=0 : rmt-rq=0 : lcl-rq=0 : RemRcvrRdy=1
2024-07-18 15:56:56.121080 DEBUG BF_PORT 0:1: 43: Link training: fail=0 : in_prg=0 : rx_trnd=1 : frm_lk=0 : rmt-rq=0 : lcl-rq=0 : RemRcvrRdy=1
2024-07-18 15:56:56.121296 DEBUG BF_PORT 0:1: 44: Link training: fail=0 : in_prg=0 : rx_trnd=1 : frm_lk=0 : rmt-rq=0 : lcl-rq=0 : RemRcvrRdy=1
2024-07-18 15:56:56.121540 DEBUG BF_PORT 0:1: 45: Link training: fail=0 : in_prg=0 : rx_trnd=1 : frm_lk=0 : rmt-rq=0 : lcl-rq=0 : RemRcvrRdy=1
2024-07-18 15:56:56.121563 DEBUG BF_PORT FSM :0:148:-: LT: | complete | complete | complete | complete |
2024-07-18 15:56:56.121676 DEBUG BF_PORT FSM :0:148:-: Enable MAC Rx
2024-07-18 15:56:56.122091 DEBUG BF_PORT FSM :0:148:-: BF_AN_FSM_ST_WAIT_AN_CMPLT --> BF_AN_FSM_ST_WAIT_PCS_UP  
2024-07-18 15:56:56.225654 DEBUG BF_PORT 0:1:  9:            raw: 4000_e2be_c101
2024-07-18 15:56:56.225684 DEBUG BF_PORT 0:1:  9:       AN speed: 1000_KX 10G_KR 40G_CR4 100G_CR4 25G_KRS_CRS 25G_KR_CR 
2024-07-18 15:56:56.225696 DEBUG BF_PORT 0:1:  9:       AN   fec: f0 (10G-FC FEC ABILITY) 
2024-07-18 15:56:56.225708 DEBUG BF_PORT FSM :0:180:0: LP BASE PG: 4000_e2be_c101
2024-07-18 15:56:56.226124 DEBUG BF_PORT FSM :0:180:-: BF_AN_FSM_ST_WAIT_BASE_PG  --> BF_AN_FSM_ST_WAIT_NEXT_PG 
2024-07-18 15:56:56.236692 DEBUG BF_PORT FSM :0:180:0: LP NEXT PG: 04df_0353_e805
2024-07-18 15:56:56.247968 DEBUG BF_PORT FSM :0:180:0: LP NEXT PG: 0300_0220_c203
2024-07-18 15:56:56.259254 DEBUG BF_PORT FSM :0:180:0: LP NEXT PG: 00b2_0000_e805
2024-07-18 15:56:56.270260 DEBUG BF_PORT FSM :0:180:0: LP NEXT PG: 0000_0008_c200
2024-07-18 15:56:56.281234 DEBUG BF_PORT FSM :0:180:0: AN GOOD (early) an_cmpl=0
2024-07-18 15:56:56.281251 DEBUG BF_PORT FSM :0:180:-: BF_AN_FSM_ST_WAIT_NEXT_PG  --> BF_AN_FSM_ST_WAIT_AN_GOOD 
2024-07-18 15:56:56.283043 DEBUG BF_PORT FSM :0:180:-: BF_AN_FSM_ST_WAIT_AN_GOOD  --> BF_AN_FSM_ST_WAIT_PLL2    
2024-07-18 15:56:56.294414 DEBUG BF_PORT AAPL: HCD Technology selected on serdes 0x109: 100GBASE-CR4
2024-07-18 15:56:56.296364 DEBUG BF_PORT FSM :0:180:-: Enable MAC CH Tx : Disable MAC Rx
2024-07-18 15:56:56.296381 DEBUG BF_PORT MAC: DIS: 0:34:0 : Disable channel
2024-07-18 15:56:56.296403 DEBUG BF_PORT MAC: ENA: 0:34:0 : Enable channel
2024-07-18 15:56:56.297237 DEBUG BF_PORT FSM :0:180:-: BF_AN_FSM_ST_WAIT_PLL2     --> BF_AN_FSM_ST_WAIT_AN_CMPLT
2024-07-18 15:56:56.368641 DEBUG BF_PORT 0:1:  9: Link training: fail=0 : in_prg=1 : rx_trnd=0 : frm_lk=1 : rmt-rq=0 : lcl-rq=0 : RemRcvrRdy=1
2024-07-18 15:56:56.368863 DEBUG BF_PORT 0:1: 10: Link training: fail=0 : in_prg=1 : rx_trnd=0 : frm_lk=1 : rmt-rq=0 : lcl-rq=0 : RemRcvrRdy=1
2024-07-18 15:56:56.369078 DEBUG BF_PORT 0:1: 11: Link training: fail=0 : in_prg=1 : rx_trnd=0 : frm_lk=1 : rmt-rq=0 : lcl-rq=0 : RemRcvrRdy=1
2024-07-18 15:56:56.389607 DEBUG BF_PORT 0:1:  9: Link training: fail=0 : in_prg=1 : rx_trnd=0 : frm_lk=1 : rmt-rq=0 : lcl-rq=0 : RemRcvrRdy=1
2024-07-18 15:56:56.389846 DEBUG BF_PORT 0:1: 10: Link training: fail=0 : in_prg=1 : rx_trnd=0 : frm_lk=1 : rmt-rq=0 : lcl-rq=0 : RemRcvrRdy=1
2024-07-18 15:56:56.390063 DEBUG BF_PORT 0:1: 11: Link training: fail=0 : in_prg=1 : rx_trnd=0 : frm_lk=1 : rmt-rq=0 : lcl-rq=0 : RemRcvrRdy=1
2024-07-18 15:56:56.410616 DEBUG BF_PORT 0:1:  9: Link training: fail=0 : in_prg=1 : rx_trnd=0 : frm_lk=1 : rmt-rq=0 : lcl-rq=0 : RemRcvrRdy=1
2024-07-18 15:56:56.410840 DEBUG BF_PORT 0:1: 10: Link training: fail=0 : in_prg=1 : rx_trnd=0 : frm_lk=1 : rmt-rq=0 : lcl-rq=0 : RemRcvrRdy=1
2024-07-18 15:56:56.411062 DEBUG BF_PORT 0:1: 11: Link training: fail=0 : in_prg=1 : rx_trnd=0 : frm_lk=1 : rmt-rq=0 : lcl-rq=0 : RemRcvrRdy=1
2024-07-18 15:56:56.431633 DEBUG BF_PORT 0:1:  9: Link training: fail=0 : in_prg=1 : rx_trnd=0 : frm_lk=1 : rmt-rq=0 : lcl-rq=0 : RemRcvrRdy=1
2024-07-18 15:56:56.431855 DEBUG BF_PORT 0:1: 10: Link training: fail=0 : in_prg=1 : rx_trnd=0 : frm_lk=1 : rmt-rq=0 : lcl-rq=0 : RemRcvrRdy=1
2024-07-18 15:56:56.432069 DEBUG BF_PORT 0:1: 11: Link training: fail=0 : in_prg=1 : rx_trnd=0 : frm_lk=1 : rmt-rq=0 : lcl-rq=0 : RemRcvrRdy=1
2024-07-18 15:56:56.432294 DEBUG BF_PORT 0:1: 12: Link training: fail=0 : in_prg=1 : rx_trnd=0 : frm_lk=1 : rmt-rq=0 : lcl-rq=0 : RemRcvrRdy=1
2024-07-18 15:56:56.452605 DEBUG BF_PORT 0:1:  9: Link training: fail=0 : in_prg=1 : rx_trnd=0 : frm_lk=1 : rmt-rq=0 : lcl-rq=0 : RemRcvrRdy=1
2024-07-18 15:56:56.452828 DEBUG BF_PORT 0:1: 10: Link training: fail=0 : in_prg=1 : rx_trnd=0 : frm_lk=1 : rmt-rq=0 : lcl-rq=0 : RemRcvrRdy=1
2024-07-18 15:56:56.453045 DEBUG BF_PORT 0:1: 11: Link training: fail=0 : in_prg=1 : rx_trnd=0 : frm_lk=1 : rmt-rq=0 : lcl-rq=0 : RemRcvrRdy=1
2024-07-18 15:56:56.453267 DEBUG BF_PORT 0:1: 12: Link training: fail=0 : in_prg=1 : rx_trnd=0 : frm_lk=1 : rmt-rq=0 : lcl-rq=0 : RemRcvrRdy=1
2024-07-18 15:56:56.473684 DEBUG BF_PORT 0:1:  9: Link training: fail=0 : in_prg=1 : rx_trnd=0 : frm_lk=1 : rmt-rq=0 : lcl-rq=0 : RemRcvrRdy=1
2024-07-18 15:56:56.473914 DEBUG BF_PORT 0:1: 10: Link training: fail=0 : in_prg=1 : rx_trnd=0 : frm_lk=1 : rmt-rq=0 : lcl-rq=0 : RemRcvrRdy=1
2024-07-18 15:56:56.474129 DEBUG BF_PORT 0:1: 11: Link training: fail=0 : in_prg=1 : rx_trnd=0 : frm_lk=1 : rmt-rq=0 : lcl-rq=0 : RemRcvrRdy=1
2024-07-18 15:56:56.474352 DEBUG BF_PORT 0:1: 12: Link training: fail=0 : in_prg=1 : rx_trnd=0 : frm_lk=1 : rmt-rq=0 : lcl-rq=0 : RemRcvrRdy=1
2024-07-18 15:56:56.494726 DEBUG BF_PORT 0:1:  9: Link training: fail=0 : in_prg=1 : rx_trnd=0 : frm_lk=1 : rmt-rq=0 : lcl-rq=0 : RemRcvrRdy=1
2024-07-18 15:56:56.494952 DEBUG BF_PORT 0:1: 10: Link training: fail=0 : in_prg=1 : rx_trnd=0 : frm_lk=1 : rmt-rq=0 : lcl-rq=0 : RemRcvrRdy=1
2024-07-18 15:56:56.495184 DEBUG BF_PORT 0:1: 11: Link training: fail=0 : in_prg=1 : rx_trnd=0 : frm_lk=1 : rmt-rq=0 : lcl-rq=0 : RemRcvrRdy=1
2024-07-18 15:56:56.495410 DEBUG BF_PORT 0:1: 12: Link training: fail=0 : in_prg=1 : rx_trnd=0 : frm_lk=1 : rmt-rq=0 : lcl-rq=0 : RemRcvrRdy=1
2024-07-18 15:56:56.515933 DEBUG BF_PORT 0:1:  9: Link training: fail=0 : in_prg=1 : rx_trnd=0 : frm_lk=1 : rmt-rq=0 : lcl-rq=0 : RemRcvrRdy=1
2024-07-18 15:56:56.516178 DEBUG BF_PORT 0:1: 10: Link training: fail=0 : in_prg=1 : rx_trnd=0 : frm_lk=1 : rmt-rq=0 : lcl-rq=0 : RemRcvrRdy=1
2024-07-18 15:56:56.516400 DEBUG BF_PORT 0:1: 11: Link training: fail=0 : in_prg=1 : rx_trnd=0 : frm_lk=1 : rmt-rq=0 : lcl-rq=0 : RemRcvrRdy=1
2024-07-18 15:56:56.516623 DEBUG BF_PORT 0:1: 12: Link training: fail=0 : in_prg=1 : rx_trnd=0 : frm_lk=1 : rmt-rq=0 : lcl-rq=0 : RemRcvrRdy=1
2024-07-18 15:56:56.537037 DEBUG BF_PORT 0:1:  9: Link training: fail=0 : in_prg=1 : rx_trnd=0 : frm_lk=1 : rmt-rq=0 : lcl-rq=0 : RemRcvrRdy=1
2024-07-18 15:56:56.537282 DEBUG BF_PORT 0:1: 10: Link training: fail=0 : in_prg=1 : rx_trnd=0 : frm_lk=1 : rmt-rq=0 : lcl-rq=0 : RemRcvrRdy=1
2024-07-18 15:56:56.537500 DEBUG BF_PORT 0:1: 11: Link training: fail=0 : in_prg=1 : rx_trnd=0 : frm_lk=1 : rmt-rq=0 : lcl-rq=0 : RemRcvrRdy=1
2024-07-18 15:56:56.537745 DEBUG BF_PORT 0:1: 12: Link training: fail=0 : in_prg=1 : rx_trnd=0 : frm_lk=1 : rmt-rq=0 : lcl-rq=0 : RemRcvrRdy=1
2024-07-18 15:56:56.558170 DEBUG BF_PORT 0:1:  9: Link training: fail=0 : in_prg=0 : rx_trnd=1 : frm_lk=0 : rmt-rq=0 : lcl-rq=0 : RemRcvrRdy=1
2024-07-18 15:56:56.558435 DEBUG BF_PORT 0:1: 10: Link training: fail=0 : in_prg=0 : rx_trnd=1 : frm_lk=0 : rmt-rq=0 : lcl-rq=0 : RemRcvrRdy=1
2024-07-18 15:56:56.558664 DEBUG BF_PORT 0:1: 11: Link training: fail=0 : in_prg=0 : rx_trnd=1 : frm_lk=0 : rmt-rq=0 : lcl-rq=0 : RemRcvrRdy=1
2024-07-18 15:56:56.558886 DEBUG BF_PORT 0:1: 12: Link training: fail=0 : in_prg=1 : rx_trnd=0 : frm_lk=1 : rmt-rq=0 : lcl-rq=0 : RemRcvrRdy=1
2024-07-18 15:56:56.558898 DEBUG BF_PORT FSM :0:180:-: LT: | complete | complete | complete | running  |
2024-07-18 15:56:56.579314 DEBUG BF_PORT 0:1:  9: Link training: fail=0 : in_prg=0 : rx_trnd=1 : frm_lk=0 : rmt-rq=0 : lcl-rq=0 : RemRcvrRdy=1
2024-07-18 15:56:56.579539 DEBUG BF_PORT 0:1: 10: Link training: fail=0 : in_prg=0 : rx_trnd=1 : frm_lk=0 : rmt-rq=0 : lcl-rq=0 : RemRcvrRdy=1
2024-07-18 15:56:56.579771 DEBUG BF_PORT 0:1: 11: Link training: fail=0 : in_prg=0 : rx_trnd=1 : frm_lk=0 : rmt-rq=0 : lcl-rq=0 : RemRcvrRdy=1
2024-07-18 15:56:56.579986 DEBUG BF_PORT 0:1: 12: Link training: fail=0 : in_prg=1 : rx_trnd=0 : frm_lk=1 : rmt-rq=0 : lcl-rq=0 : RemRcvrRdy=1
2024-07-18 15:56:56.579999 DEBUG BF_PORT FSM :0:180:-: LT: | complete | complete | complete | running  |
2024-07-18 15:56:56.600316 DEBUG BF_PORT 0:1:  9: Link training: fail=0 : in_prg=0 : rx_trnd=1 : frm_lk=0 : rmt-rq=0 : lcl-rq=0 : RemRcvrRdy=1
2024-07-18 15:56:56.600553 DEBUG BF_PORT 0:1: 10: Link training: fail=0 : in_prg=0 : rx_trnd=1 : frm_lk=0 : rmt-rq=0 : lcl-rq=0 : RemRcvrRdy=1
2024-07-18 15:56:56.600776 DEBUG BF_PORT 0:1: 11: Link training: fail=0 : in_prg=0 : rx_trnd=1 : frm_lk=0 : rmt-rq=0 : lcl-rq=0 : RemRcvrRdy=1
2024-07-18 15:56:56.600992 DEBUG BF_PORT 0:1: 12: Link training: fail=0 : in_prg=1 : rx_trnd=0 : frm_lk=1 : rmt-rq=0 : lcl-rq=0 : RemRcvrRdy=1
2024-07-18 15:56:56.601005 DEBUG BF_PORT FSM :0:180:-: LT: | complete | complete | complete | running  |
2024-07-18 15:56:56.621373 DEBUG BF_PORT 0:1:  9: Link training: fail=0 : in_prg=0 : rx_trnd=1 : frm_lk=0 : rmt-rq=0 : lcl-rq=0 : RemRcvrRdy=1
2024-07-18 15:56:56.621595 DEBUG BF_PORT 0:1: 10: Link training: fail=0 : in_prg=0 : rx_trnd=1 : frm_lk=0 : rmt-rq=0 : lcl-rq=0 : RemRcvrRdy=1
2024-07-18 15:56:56.621815 DEBUG BF_PORT 0:1: 11: Link training: fail=0 : in_prg=0 : rx_trnd=1 : frm_lk=0 : rmt-rq=0 : lcl-rq=0 : RemRcvrRdy=1
2024-07-18 15:56:56.622029 DEBUG BF_PORT 0:1: 12: Link training: fail=0 : in_prg=0 : rx_trnd=1 : frm_lk=0 : rmt-rq=0 : lcl-rq=0 : RemRcvrRdy=1
2024-07-18 15:56:56.622049 DEBUG BF_PORT FSM :0:180:-: LT: | complete | complete | complete | complete |
2024-07-18 15:56:56.622167 DEBUG BF_PORT FSM :0:180:-: Enable MAC Rx
2024-07-18 15:56:56.622602 DEBUG BF_PORT FSM :0:180:-: BF_AN_FSM_ST_WAIT_AN_CMPLT --> BF_AN_FSM_ST_WAIT_PCS_UP  
2024-07-18 15:56:56.750796 DEBUG BF_PORT FSM :0: 66:-: PCS sts=1 : blk-lk=0 : blk-lk-all=1 : hi-ber=0 : algn-lk-all=0 : algn-lk=0
2024-07-18 15:56:56.750891 DEBUG BF_PORT 0 : MAC64: CH2: oper: 0 live-st: 1 LF: 0 : RF:0 
2024-07-18 15:56:56.750912 DEBUG BF_PORT FSM :0: 66:-: Op=Up : PCS err-blk=114 : syn-lst=0 : bk-lk-lst=0 : hi_ber=0 : val-err=114 : unk-err=0 : inv-err=0 : bip=0
2024-07-18 15:56:56.750930 DEBUG BF_PORT 0 : MAC64: CH2: oper: 0 live-st: 1 LF: 0 : RF:0 
2024-07-18 15:56:56.752892 DEBUG BF_PORT FSM :0: 66:-: BF_AN_FSM_ST_WAIT_PCS_UP   --> BF_AN_FSM_ST_WAIT_DWN_EVNT
2024-07-18 15:56:56.752918 DEBUG BF_PORT 0: 66: --- Up
2024-07-18 15:56:56.753003 DEBUG BF_PM pm_port_link_status_chg_cb:2830 PM: Dev 0 : front port 33/2 (66) : UP
2024-07-18 15:56:57.122142 DEBUG BF_PORT FSM :0:148:-: RS FEC align status=1 : hi_ser=0 : uncorr=0
2024-07-18 15:56:57.622812 DEBUG BF_PORT FSM :0:180:-: RS FEC align status=1 : hi_ser=0 : uncorr=0
2024-07-18 15:56:58.122327 DEBUG BF_PORT FSM :0:148:-: RS FEC align status=1 : hi_ser=0 : uncorr=0
2024-07-18 15:56:58.623055 DEBUG BF_PORT FSM :0:180:-: RS FEC align status=1 : hi_ser=0 : uncorr=0
2024-07-18 15:56:59.122454 DEBUG BF_PORT FSM :0:148:-: RS FEC align status=0 : hi_ser=0 : uncorr=3
2024-07-18 15:56:59.623306 DEBUG BF_PORT FSM :0:180:-: RS FEC align status=1 : hi_ser=0 : uncorr=0
2024-07-18 15:56:59.623374 DEBUG BF_PORT 0 : MAC34: CH0: oper: 0 live-st: 1 LF: 0 : RF:0 
2024-07-18 15:56:59.623399 DEBUG BF_PORT 0 : MAC34: CH0: oper: 0 live-st: 1 LF: 0 : RF:0 
2024-07-18 15:56:59.630292 DEBUG BF_PORT FSM :0:180:-: BF_AN_FSM_ST_WAIT_PCS_UP   --> BF_AN_FSM_ST_WAIT_DWN_EVNT
2024-07-18 15:56:59.630312 DEBUG BF_PORT 0:180: --- Up
2024-07-18 15:56:59.630336 DEBUG BF_PM pm_port_link_status_chg_cb:2830 PM: Dev 0 : front port 7/0 (180) : UP
2024-07-18 15:57:00.122660 DEBUG BF_PORT FSM :0:148:-: RS FEC align status=1 : hi_ser=0 : uncorr=0
2024-07-18 15:57:01.122834 DEBUG BF_PORT FSM :0:148:-: RS FEC align status=1 : hi_ser=0 : uncorr=0
2024-07-18 15:57:02.123151 DEBUG BF_PORT FSM :0:148:-: RS FEC align status=1 : hi_ser=0 : uncorr=0
2024-07-18 15:57:02.123247 DEBUG BF_PORT 0 : MAC42: CH0: oper: 0 live-st: 1 LF: 0 : RF:0 
2024-07-18 15:57:02.123267 DEBUG BF_PORT 0 : MAC42: CH0: oper: 0 live-st: 1 LF: 0 : RF:0 
2024-07-18 15:57:02.130195 DEBUG BF_PORT FSM :0:148:-: BF_AN_FSM_ST_WAIT_PCS_UP   --> BF_AN_FSM_ST_WAIT_DWN_EVNT
2024-07-18 15:57:02.130217 DEBUG BF_PORT 0:148: --- Up
2024-07-18 15:57:02.130246 DEBUG BF_PM pm_port_link_status_chg_cb:2830 PM: Dev 0 : front port 3/0 (148) : UP
2024-07-18 15:57:03.445323 INFO  BF_MC L1 Create by session 0x10000003 with RID 0 allocated handle 0x40000002 (status Success)
2024-07-18 15:57:03.445357 INFO  BF_MC Session 0x10000003 created L2 on L1 0x40000002 PortMap 000000000000000000000000000000000000000000000000100000000000000000000000 LagMap 0000000000000000000000000000000000000000000000000000000000000001, status Success (0)
2024-07-18 15:57:03.445636 INFO  BF_MC L1 Create by session 0x10000003 with RID 0 allocated handle 0x40000003 (status Success)
2024-07-18 15:57:03.445662 INFO  BF_MC Session 0x10000003 created L2 on L1 0x40000003 PortMap 000000000000000000000000000000000000000000000000100000000000000000000000 LagMap 0000000000000000000000000000000000000000000000000000000000000001, status Success (0)
2024-07-18 15:57:03.445882 INFO  BF_MC L1 Create by session 0x10000003 with RID 0 allocated handle 0x40000004 (status Success)
2024-07-18 15:57:03.445900 INFO  BF_MC Session 0x10000003 created L2 on L1 0x40000004 PortMap 000000000000000000000000000000000000000000000000100000000000000000000000 LagMap 0000000000000000000000000000000000000000000000000000000000000001, status Success (0)
2024-07-18 15:57:03.446217 INFO  BF_MC Reserved grp 0x3 for session 0x10000003 on device 0 with handle 0x20000003 (status Success)
2024-07-18 15:57:03.446238 INFO  BF_MC Allocated RDM addresses 0x2 - 0x3
2024-07-18 15:57:03.446246 INFO  BF_MC Allocated RDM addresses 0x4107 - 0x4107
2024-07-18 15:57:03.446251 INFO  BF_MC Allocated RDM addresses 0x11fc - 0x11fd
2024-07-18 15:57:03.446256 INFO  BF_MC Allocated RDM addresses 0x5107 - 0x5107
2024-07-18 15:57:03.446261 INFO  BF_MC Allocated RDM addresses 0x21fc - 0x21fd
2024-07-18 15:57:03.446266 INFO  BF_MC Allocated RDM addresses 0x6107 - 0x6107
2024-07-18 15:57:03.446270 INFO  BF_MC Allocated RDM addresses 0x31fc - 0x31fd
2024-07-18 15:57:03.446275 INFO  BF_MC Allocated RDM addresses 0x7106 - 0x7107
2024-07-18 15:57:03.446280 INFO  BF_MC Allocated RDM addresses 0x7105 - 0x7105
2024-07-18 15:57:03.446289 INFO  BF_MC Write LAG node at addr 0x4107 with id   0 and next node 0 0x0000_00000c0000000000
2024-07-18 15:57:03.446297 INFO  BF_MC Write L1Rid node at addr 0x2, rid 0, l2 0x4107, next 0
2024-07-18 15:57:03.446306 INFO  BF_MC Write LAG node at addr 0x5107 with id   0 and next node 0 0x0000_00000c0000000000
2024-07-18 15:57:03.446312 INFO  BF_MC Write L1Rid node at addr 0x11fc, rid 0, l2 0x5107, next 0
2024-07-18 15:57:03.446319 INFO  BF_MC Write LAG node at addr 0x6107 with id   0 and next node 0 0x0000_00000c0000000000
2024-07-18 15:57:03.446324 INFO  BF_MC Write L1Rid node at addr 0x21fc, rid 0, l2 0x6107, next 0
2024-07-18 15:57:03.446331 INFO  BF_MC Write Port72 0x00_0000000000100000 pipe 3 last 1 node at addr 0x7106 0x0000_00000000100000b9
2024-07-18 15:57:03.446342 INFO  BF_MC Write LAG node at addr 0x7105 with id   0 and next node 0x7106 0x0000_07106c0000000000
2024-07-18 15:57:03.446348 INFO  BF_MC Write L1Rid node at addr 0x31fc, rid 0, l2 0x7105, next 0
2024-07-18 15:57:03.446389 INFO  BF_MC L1 Associate by session 0x10000003 for node 0x40000002 to group 0x20000003 (status Success)
2024-07-18 15:57:03.446398 INFO  BF_MC Allocated RDM addresses 0x6 - 0x7
2024-07-18 15:57:03.446403 INFO  BF_MC Allocated RDM addresses 0x4106 - 0x4106
2024-07-18 15:57:03.446407 INFO  BF_MC Allocated RDM addresses 0x11fa - 0x11fb
2024-07-18 15:57:03.446411 INFO  BF_MC Allocated RDM addresses 0x5106 - 0x5106
2024-07-18 15:57:03.446415 INFO  BF_MC Allocated RDM addresses 0x21fa - 0x21fb
2024-07-18 15:57:03.446427 INFO  BF_MC Allocated RDM addresses 0x6106 - 0x6106
2024-07-18 15:57:03.446433 INFO  BF_MC Allocated RDM addresses 0x31fa - 0x31fb
2024-07-18 15:57:03.446437 INFO  BF_MC Allocated RDM addresses 0x710e - 0x710f
2024-07-18 15:57:03.446441 INFO  BF_MC Allocated RDM addresses 0x7104 - 0x7104
2024-07-18 15:57:03.446446 INFO  BF_MC Write LAG node at addr 0x4106 with id   0 and next node 0 0x0000_00000c000000000c
2024-07-18 15:57:03.446451 INFO  BF_MC Write L1Rid node at addr 0x6, rid 0, l2 0x4106, next 0x2
2024-07-18 15:57:03.446456 INFO  BF_MC Write LAG node at addr 0x5106 with id   0 and next node 0 0x0000_00000c000000000c
2024-07-18 15:57:03.446460 INFO  BF_MC Write L1Rid node at addr 0x11fa, rid 0, l2 0x5106, next 0x11fc
2024-07-18 15:57:03.446465 INFO  BF_MC Write LAG node at addr 0x6106 with id   0 and next node 0 0x0000_00000c000000000c
2024-07-18 15:57:03.446469 INFO  BF_MC Write L1Rid node at addr 0x21fa, rid 0, l2 0x6106, next 0x21fc
2024-07-18 15:57:03.446474 INFO  BF_MC Write Port72 0x00_0000000000100000 pipe 3 last 1 node at addr 0x710e 0x0000_00000000100000b9
2024-07-18 15:57:03.446478 INFO  BF_MC Write LAG node at addr 0x7104 with id   0 and next node 0x710e 0x0000_07106c00000710ec
2024-07-18 15:57:03.446483 INFO  BF_MC Write L1Rid node at addr 0x31fa, rid 0, l2 0x7104, next 0x31fc
2024-07-18 15:57:03.446488 INFO  BF_MC Update L1-next at addr 0x31fc, next 0x31c0
2024-07-18 15:57:03.446494 INFO  BF_MC L1 Associate by session 0x10000003 for node 0x40000003 to group 0x20000003 (status Success)
2024-07-18 15:57:03.446500 INFO  BF_MC Allocated RDM addresses 0x4 - 0x5
2024-07-18 15:57:03.446506 INFO  BF_MC Allocated RDM addresses 0x4105 - 0x4105
2024-07-18 15:57:03.446512 INFO  BF_MC Allocated RDM addresses 0x11f8 - 0x11f9
2024-07-18 15:57:03.446518 INFO  BF_MC Allocated RDM addresses 0x5105 - 0x5105
2024-07-18 15:57:03.446521 INFO  BF_MC Allocated RDM addresses 0x21f8 - 0x21f9
2024-07-18 15:57:03.446526 INFO  BF_MC Allocated RDM addresses 0x6105 - 0x6105
2024-07-18 15:57:03.446530 INFO  BF_MC Allocated RDM addresses 0x31f8 - 0x31f9
2024-07-18 15:57:03.446534 INFO  BF_MC Allocated RDM addresses 0x710c - 0x710d
2024-07-18 15:57:03.446538 INFO  BF_MC Allocated RDM addresses 0x710b - 0x710b
2024-07-18 15:57:03.446543 INFO  BF_MC Write LAG node at addr 0x4105 with id   0 and next node 0 0x0000_00000c0000000000
2024-07-18 15:57:03.446547 INFO  BF_MC Write L1Rid node at addr 0x4, rid 0, l2 0x4105, next 0x6
2024-07-18 15:57:03.446552 INFO  BF_MC Write LAG node at addr 0x5105 with id   0 and next node 0 0x0000_00000c0000000000
2024-07-18 15:57:03.446556 INFO  BF_MC Write L1Rid node at addr 0x11f8, rid 0, l2 0x5105, next 0x11fa
2024-07-18 15:57:03.446562 INFO  BF_MC Write LAG node at addr 0x6105 with id   0 and next node 0 0x0000_00000c0000000000
2024-07-18 15:57:03.446568 INFO  BF_MC Write L1Rid node at addr 0x21f8, rid 0, l2 0x6105, next 0x21fa
2024-07-18 15:57:03.446574 INFO  BF_MC Write Port72 0x00_0000000000100000 pipe 3 last 1 node at addr 0x710c 0x0000_00000000100000b9
2024-07-18 15:57:03.446578 INFO  BF_MC Write LAG node at addr 0x710b with id   0 and next node 0x710c 0x0000_0710cc0000000000
2024-07-18 15:57:03.446583 INFO  BF_MC Write L1Rid node at addr 0x31f8, rid 0, l2 0x710b, next 0x31fa
2024-07-18 15:57:03.446591 INFO  BF_MC Update L1-next at addr 0x31fc, next 0x31c0
2024-07-18 15:57:03.446596 INFO  BF_MC L1 Associate by session 0x10000003 for node 0x40000004 to group 0x20000003 (status Success)
2024-07-19 01:15:04.050675 DEBUG BF_PLTFM Platform-mgr started 

2024-07-19 01:15:04.056840 DEBUG BF_PLTFM Checking path /tmp/.bf_platform_ingrasys
2024-07-19 01:15:04.065904 DEBUG BF_PLTFM Checking path /sys/bus/i2c/devices/0-0051/eeprom
2024-07-19 01:15:04.214835 DEBUG BF_PLTFM The platform ingrasys s9180_32x has been detected (1)
bd_id: 0x9180

2024-07-19 01:15:04.214977 DEBUG BF_PLTFM Parsing EEPROM DATA ...

2024-07-19 01:15:04.217487 DEBUG BF_PLTFM [sonic] prepare init spi

2024-07-19 01:15:04.217572 DEBUG BF_PLTFM Ready to init qsfp on platform ingrasys: 9180

2024-07-19 01:15:04.217627 DEBUG BF_PLTFM GPIO BASE is 256

2024-07-19 01:15:04.217758 DEBUG BF_PLTFM pltfm_mgr: health monitor initialized

2024-07-19 01:15:04.218221 DEBUG BF_PLTFM num_ports=33
2024-07-19 01:15:04.218255 DEBUG BF_PLTFM QSFP: Assert RESETL on all QSFPs
2024-07-19 01:15:04.218291 DEBUG BF_PLTFM QSFP:  1 : RESETL = true
2024-07-19 01:15:04.219280 DEBUG BF_PLTFM QSFP:  2 : RESETL = true
2024-07-19 01:15:04.220243 DEBUG BF_PLTFM QSFP:  3 : RESETL = true
2024-07-19 01:15:04.221204 DEBUG BF_PLTFM QSFP:  4 : RESETL = true
2024-07-19 01:15:04.222162 DEBUG BF_PLTFM QSFP:  5 : RESETL = true
2024-07-19 01:15:04.223115 DEBUG BF_PLTFM QSFP:  6 : RESETL = true
2024-07-19 01:15:04.224089 DEBUG BF_PLTFM QSFP:  7 : RESETL = true
2024-07-19 01:15:04.225053 DEBUG BF_PLTFM QSFP:  8 : RESETL = true
2024-07-19 01:15:04.226012 DEBUG BF_PLTFM QSFP:  9 : RESETL = true
2024-07-19 01:15:04.226963 DEBUG BF_PLTFM QSFP: 10 : RESETL = true
2024-07-19 01:15:04.227915 DEBUG BF_PLTFM QSFP: 11 : RESETL = true
2024-07-19 01:15:04.228867 DEBUG BF_PLTFM QSFP: 12 : RESETL = true
2024-07-19 01:15:04.229825 DEBUG BF_PLTFM QSFP: 13 : RESETL = true
2024-07-19 01:15:04.230775 DEBUG BF_PLTFM QSFP: 14 : RESETL = true
2024-07-19 01:15:04.231725 DEBUG BF_PLTFM QSFP: 15 : RESETL = true
2024-07-19 01:15:04.232687 DEBUG BF_PLTFM QSFP: 16 : RESETL = true
2024-07-19 01:15:04.233649 DEBUG BF_PLTFM QSFP: 17 : RESETL = true
2024-07-19 01:15:04.234615 DEBUG BF_PLTFM QSFP: 18 : RESETL = true
2024-07-19 01:15:04.235569 DEBUG BF_PLTFM QSFP: 19 : RESETL = true
2024-07-19 01:15:04.236521 DEBUG BF_PLTFM QSFP: 20 : RESETL = true
2024-07-19 01:15:04.237478 DEBUG BF_PLTFM QSFP: 21 : RESETL = true
2024-07-19 01:15:04.238440 DEBUG BF_PLTFM QSFP: 22 : RESETL = true
2024-07-19 01:15:04.239392 DEBUG BF_PLTFM QSFP: 23 : RESETL = true
2024-07-19 01:15:04.240354 DEBUG BF_PLTFM QSFP: 24 : RESETL = true
2024-07-19 01:15:04.241314 DEBUG BF_PLTFM QSFP: 25 : RESETL = true
2024-07-19 01:15:04.242264 DEBUG BF_PLTFM QSFP: 26 : RESETL = true
2024-07-19 01:15:04.243218 DEBUG BF_PLTFM QSFP: 27 : RESETL = true
2024-07-19 01:15:04.244171 DEBUG BF_PLTFM QSFP: 28 : RESETL = true
2024-07-19 01:15:04.245133 DEBUG BF_PLTFM QSFP: 29 : RESETL = true
2024-07-19 01:15:04.246087 DEBUG BF_PLTFM QSFP: 30 : RESETL = true
2024-07-19 01:15:04.247040 DEBUG BF_PLTFM QSFP: 31 : RESETL = true
2024-07-19 01:15:04.247992 DEBUG BF_PLTFM QSFP: 32 : RESETL = true
2024-07-19 01:15:04.248958 DEBUG BF_PLTFM QSFP: 33 : RESETL = true
2024-07-19 01:15:04.250048 DEBUG BF_PLTFM QSFP: Assert LPMODE and De-assert RESETL on all QSFPs
2024-07-19 01:15:04.250065 DEBUG BF_PLTFM QSFP:  1 : LPMODE = true
2024-07-19 01:15:04.251027 DEBUG BF_PLTFM QSFP:  1 : RESETL = false
2024-07-19 01:15:04.251983 DEBUG BF_PLTFM QSFP:  2 : LPMODE = true
2024-07-19 01:15:04.252931 DEBUG BF_PLTFM QSFP:  2 : RESETL = false
2024-07-19 01:15:04.253883 DEBUG BF_PLTFM QSFP:  3 : LPMODE = true
2024-07-19 01:15:04.254834 DEBUG BF_PLTFM QSFP:  3 : RESETL = false
2024-07-19 01:15:04.255793 DEBUG BF_PLTFM QSFP:  4 : LPMODE = true
2024-07-19 01:15:04.256742 DEBUG BF_PLTFM QSFP:  4 : RESETL = false
2024-07-19 01:15:04.257695 DEBUG BF_PLTFM QSFP:  5 : LPMODE = true
2024-07-19 01:15:04.258648 DEBUG BF_PLTFM QSFP:  5 : RESETL = false
2024-07-19 01:15:04.259606 DEBUG BF_PLTFM QSFP:  6 : LPMODE = true
2024-07-19 01:15:04.260574 DEBUG BF_PLTFM QSFP:  6 : RESETL = false
2024-07-19 01:15:04.261525 DEBUG BF_PLTFM QSFP:  7 : LPMODE = true
2024-07-19 01:15:04.262474 DEBUG BF_PLTFM QSFP:  7 : RESETL = false
2024-07-19 01:15:04.263444 DEBUG BF_PLTFM QSFP:  8 : LPMODE = true
2024-07-19 01:15:04.264394 DEBUG BF_PLTFM QSFP:  8 : RESETL = false
2024-07-19 01:15:04.265350 DEBUG BF_PLTFM QSFP:  9 : LPMODE = true
2024-07-19 01:15:04.266300 DEBUG BF_PLTFM QSFP:  9 : RESETL = false
2024-07-19 01:15:04.267255 DEBUG BF_PLTFM QSFP: 10 : LPMODE = true
2024-07-19 01:15:04.268212 DEBUG BF_PLTFM QSFP: 10 : RESETL = false
2024-07-19 01:15:04.269163 DEBUG BF_PLTFM QSFP: 11 : LPMODE = true
2024-07-19 01:15:04.270115 DEBUG BF_PLTFM QSFP: 11 : RESETL = false
2024-07-19 01:15:04.271077 DEBUG BF_PLTFM QSFP: 12 : LPMODE = true
2024-07-19 01:15:04.272028 DEBUG BF_PLTFM QSFP: 12 : RESETL = false
2024-07-19 01:15:04.272975 DEBUG BF_PLTFM QSFP: 13 : LPMODE = true
2024-07-19 01:15:04.273925 DEBUG BF_PLTFM QSFP: 13 : RESETL = false
2024-07-19 01:15:04.274880 DEBUG BF_PLTFM QSFP: 14 : LPMODE = true
2024-07-19 01:15:04.275828 DEBUG BF_PLTFM QSFP: 14 : RESETL = false
2024-07-19 01:15:04.276776 DEBUG BF_PLTFM QSFP: 15 : LPMODE = true
2024-07-19 01:15:04.277726 DEBUG BF_PLTFM QSFP: 15 : RESETL = false
2024-07-19 01:15:04.278681 DEBUG BF_PLTFM QSFP: 16 : LPMODE = true
2024-07-19 01:15:04.279631 DEBUG BF_PLTFM QSFP: 16 : RESETL = false
2024-07-19 01:15:04.280580 DEBUG BF_PLTFM QSFP: 17 : LPMODE = true
2024-07-19 01:15:04.281531 DEBUG BF_PLTFM QSFP: 17 : RESETL = false
2024-07-19 01:15:04.282488 DEBUG BF_PLTFM QSFP: 18 : LPMODE = true
2024-07-19 01:15:04.283440 DEBUG BF_PLTFM QSFP: 18 : RESETL = false
2024-07-19 01:15:04.284388 DEBUG BF_PLTFM QSFP: 19 : LPMODE = true
2024-07-19 01:15:04.285345 DEBUG BF_PLTFM QSFP: 19 : RESETL = false
2024-07-19 01:15:04.286301 DEBUG BF_PLTFM QSFP: 20 : LPMODE = true
2024-07-19 01:15:04.287249 DEBUG BF_PLTFM QSFP: 20 : RESETL = false
2024-07-19 01:15:04.288198 DEBUG BF_PLTFM QSFP: 21 : LPMODE = true
2024-07-19 01:15:04.289148 DEBUG BF_PLTFM QSFP: 21 : RESETL = false
2024-07-19 01:15:04.290106 DEBUG BF_PLTFM QSFP: 22 : LPMODE = true
2024-07-19 01:15:04.291061 DEBUG BF_PLTFM QSFP: 22 : RESETL = false
2024-07-19 01:15:04.292010 DEBUG BF_PLTFM QSFP: 23 : LPMODE = true
2024-07-19 01:15:04.292959 DEBUG BF_PLTFM QSFP: 23 : RESETL = false
2024-07-19 01:15:04.293916 DEBUG BF_PLTFM QSFP: 24 : LPMODE = true
2024-07-19 01:15:04.294866 DEBUG BF_PLTFM QSFP: 24 : RESETL = false
2024-07-19 01:15:04.295815 DEBUG BF_PLTFM QSFP: 25 : LPMODE = true
2024-07-19 01:15:04.296765 DEBUG BF_PLTFM QSFP: 25 : RESETL = false
2024-07-19 01:15:04.297721 DEBUG BF_PLTFM QSFP: 26 : LPMODE = true
2024-07-19 01:15:04.298672 DEBUG BF_PLTFM QSFP: 26 : RESETL = false
2024-07-19 01:15:04.299623 DEBUG BF_PLTFM QSFP: 27 : LPMODE = true
2024-07-19 01:15:04.300576 DEBUG BF_PLTFM QSFP: 27 : RESETL = false
2024-07-19 01:15:04.301529 DEBUG BF_PLTFM QSFP: 28 : LPMODE = true
2024-07-19 01:15:04.302480 DEBUG BF_PLTFM QSFP: 28 : RESETL = false
2024-07-19 01:15:04.303441 DEBUG BF_PLTFM QSFP: 29 : LPMODE = true
2024-07-19 01:15:04.304390 DEBUG BF_PLTFM QSFP: 29 : RESETL = false
2024-07-19 01:15:04.305351 DEBUG BF_PLTFM QSFP: 30 : LPMODE = true
2024-07-19 01:15:04.306302 DEBUG BF_PLTFM QSFP: 30 : RESETL = false
2024-07-19 01:15:04.307255 DEBUG BF_PLTFM QSFP: 31 : LPMODE = true
2024-07-19 01:15:04.308206 DEBUG BF_PLTFM QSFP: 31 : RESETL = false
2024-07-19 01:15:04.309165 DEBUG BF_PLTFM QSFP: 32 : LPMODE = true
2024-07-19 01:15:04.310116 DEBUG BF_PLTFM QSFP: 32 : RESETL = false
2024-07-19 01:15:04.311076 DEBUG BF_PLTFM QSFP: 33 : LPMODE = true
2024-07-19 01:15:04.311093 DEBUG BF_PLTFM QSFP: 33 : RESETL = false
2024-07-19 01:15:04.311108 DEBUG BF_PLTFM QSFP: Wait 2 sec (t_reset) for QSFPs to initialize..
2024-07-19 01:15:06.311754 DEBUG BF_DVM BF-SDE vesion: 9.2.0
2024-07-19 01:15:06.320880 INFO  BF_TM TM: Registered for device and port discovery
2024-07-19 01:15:06.344790 INFO  BF_DVM bf_pktmgr_device_add dev id 0, is_sw_model 0
2024-07-19 01:15:06.345012 DEBUG BF_LLD  Efuse settings:
2024-07-19 01:15:06.345019 DEBUG BF_LLD                0 : resubmit_disable
2024-07-19 01:15:06.345025 DEBUG BF_LLD                0 : mau_tcam_reduction
2024-07-19 01:15:06.345032 DEBUG BF_LLD                0 : mau_sram_reduction
2024-07-19 01:15:06.345040 DEBUG BF_LLD                0 : packet_generator_disable
2024-07-19 01:15:06.345043 DEBUG BF_LLD                5 : pipe_disable
2024-07-19 01:15:06.345048 DEBUG BF_LLD                0 : mau_stage_disable
2024-07-19 01:15:06.345052 DEBUG BF_LLD 0000000000000000 : port_disable (hi)
2024-07-19 01:15:06.345058 DEBUG BF_LLD aaaaaaaaaaaaaaaa : port_disable (lo)
2024-07-19 01:15:06.345062 DEBUG BF_LLD 0000000600000000 : tm_memory_disable
2024-07-19 01:15:06.345066 DEBUG BF_LLD                0 : port_speed_reduction
2024-07-19 01:15:06.345070 DEBUG BF_LLD                0 : cpu_port_speed_reduction
2024-07-19 01:15:06.345075 DEBUG BF_LLD                0 : pcie_lane_reduction
2024-07-19 01:15:06.345079 DEBUG BF_LLD                0 : baresync_disable
2024-07-19 01:15:06.345083 DEBUG BF_LLD                0 : frequency_reduction
2024-07-19 01:15:06.345087 DEBUG BF_LLD                0 : frequency_check_disable
2024-07-19 01:15:06.345092 DEBUG BF_LLD                0 : versioning
2024-07-19 01:15:06.345096 DEBUG BF_LLD                8 : chip_part_number
2024-07-19 01:15:06.345100 DEBUG BF_LLD                1 : part_revision_number
2024-07-19 01:15:06.345104 DEBUG BF_LLD                0 : package_id
2024-07-19 01:15:06.345109 DEBUG BF_LLD 50104e336ea59a85 : chip_id
2024-07-19 01:15:06.345112 DEBUG BF_LLD              502 : pmro_and_skew
2024-07-19 01:15:06.345116 DEBUG BF_LLD                5 : voltage_scaling
2024-07-19 01:15:06.345123 DEBUG BF_LLD Wafer-id: PV4W61-W25-X4-Y5
2024-07-19 01:15:06.345132 DEBUG BF_LLD TCU: 0 : Memory repair already done <bfdddddd>
2024-07-19 01:15:06.345153 DEBUG BF_LLD EFUSE: Set core clk to 1.22GHz, dev=0, PLL ctrl0 value=0xcd44cbfe
2024-07-19 01:15:06.453474 DEBUG BF_LLD Core PLL has not locked even after 100 ms; PLL Lock chip 0 dbg_rst 1fc
2024-07-19 01:15:06.453523 DEBUG BF_LLD [Unreset] Done after 1 polls
2024-07-19 01:15:06.468811 INFO  BF_DVM bf_device_add dev id 0, is_sw_model 0
2024-07-19 01:15:06.468846 DEBUG BF_PORT port_mgr_dev_add:57:0:0(warm_init_mode)
2024-07-19 01:15:06.468854 DEBUG BF_PORT port_mgr_tof1_dev_add:80:0
2024-07-19 01:15:06.468862 INFO  BF_PORT set chip part revision number, dev 0, part rev 1
2024-07-19 01:15:06.468887 DEBUG BF_PORT 0:-:-: sbus master fw: 101d_2001
2024-07-19 01:15:06.468892 DEBUG BF_PORT 0:-:-: PCIe serdes fw: 1066_2147
2024-07-19 01:15:06.468896 DEBUG BF_PORT 0:-:-:      serdes fw: 1091_244d
2024-07-19 01:15:06.468905 INFO  BF_PORT port_mgr_mac_block_init: core clock speed in ns = 1.220000
2024-07-19 01:15:06.471169 DEBUG BF_PORT SDS: SBMs disabled. No FW upload
2024-07-19 01:15:06.471281 DEBUG BF_PORT SDS: SBus CLK divider set to 5 (x32 mode)
2024-07-19 01:15:06.471286 DEBUG BF_PORT SDS: 0:0:3: Set ignore bcast
2024-07-19 01:15:06.471293 DEBUG BF_PORT 0:0:3 : PCIe access : addr=3h : reg=fdh : cmd=Read
2024-07-19 01:15:06.471355 DEBUG BF_PORT 0:0:3 : PCIe access : addr=3h : reg=fdh : cmd=write
2024-07-19 01:15:06.471414 DEBUG BF_PORT SDS: 0:0:5: Set ignore bcast
2024-07-19 01:15:06.471425 DEBUG BF_PORT 0:0:5 : PCIe access : addr=5h : reg=fdh : cmd=Read
2024-07-19 01:15:06.471486 DEBUG BF_PORT 0:0:5 : PCIe access : addr=5h : reg=fdh : cmd=write
2024-07-19 01:15:06.471541 DEBUG BF_PORT SDS: 0:0:7: Set ignore bcast
2024-07-19 01:15:06.471546 DEBUG BF_PORT 0:0:7 : PCIe access : addr=7h : reg=fdh : cmd=Read
2024-07-19 01:15:06.471605 DEBUG BF_PORT 0:0:7 : PCIe access : addr=7h : reg=fdh : cmd=write
2024-07-19 01:15:06.471660 DEBUG BF_PORT SDS: 0:0:9: Set ignore bcast
2024-07-19 01:15:06.471665 DEBUG BF_PORT 0:0:9 : PCIe access : addr=9h : reg=fdh : cmd=Read
2024-07-19 01:15:06.471724 DEBUG BF_PORT 0:0:9 : PCIe access : addr=9h : reg=fdh : cmd=write
2024-07-19 01:15:06.478669 DEBUG BF_PORT SDS: 0:0:255: FW load: broadcast
2024-07-19 01:15:06.478676 DEBUG BF_PORT SDS:         : FW path: /root/bf-sde-9.2.0/install/share/tofino_sds_fw/avago/firmware/serdes.0x1091_244D.rom
2024-07-19 01:15:06.478692 DEBUG BF_PORT SDS:         : FW ver : 1091
2024-07-19 01:15:06.480278 DEBUG BF_PORT 0:0:1 : PCIe access : addr=1h : reg=ffh : cmd=Read
2024-07-19 01:15:06.480343 DEBUG BF_PORT 0:0:2 : PCIe access : addr=2h : reg=ffh : cmd=Read
2024-07-19 01:15:06.480402 DEBUG BF_PORT 0:0:3 : PCIe access : addr=3h : reg=ffh : cmd=Read
2024-07-19 01:15:06.480465 DEBUG BF_PORT 0:0:3 : Errant PCIe access : addr=3h : reg=0h : cmd=Read
2024-07-19 01:15:06.480474 DEBUG BF_PORT 0:0:3 : Errant PCIe access : addr=3h : reg=1h : cmd=write
2024-07-19 01:15:06.480480 DEBUG BF_PORT 0:0:3 : PCIe access : addr=3h : reg=fdh : cmd=Read
2024-07-19 01:15:06.480540 DEBUG BF_PORT 0:0:4 : PCIe access : addr=4h : reg=ffh : cmd=Read
2024-07-19 01:15:06.480600 DEBUG BF_PORT 0:0:5 : PCIe access : addr=5h : reg=ffh : cmd=Read
2024-07-19 01:15:06.480659 DEBUG BF_PORT 0:0:5 : Errant PCIe access : addr=5h : reg=0h : cmd=Read
2024-07-19 01:15:06.480665 DEBUG BF_PORT 0:0:5 : Errant PCIe access : addr=5h : reg=1h : cmd=write
2024-07-19 01:15:06.480670 DEBUG BF_PORT 0:0:5 : PCIe access : addr=5h : reg=fdh : cmd=Read
2024-07-19 01:15:06.480731 DEBUG BF_PORT 0:0:6 : PCIe access : addr=6h : reg=ffh : cmd=Read
2024-07-19 01:15:06.480790 DEBUG BF_PORT 0:0:7 : PCIe access : addr=7h : reg=ffh : cmd=Read
2024-07-19 01:15:06.480849 DEBUG BF_PORT 0:0:7 : Errant PCIe access : addr=7h : reg=0h : cmd=Read
2024-07-19 01:15:06.480854 DEBUG BF_PORT 0:0:7 : Errant PCIe access : addr=7h : reg=1h : cmd=write
2024-07-19 01:15:06.480860 DEBUG BF_PORT 0:0:7 : PCIe access : addr=7h : reg=fdh : cmd=Read
2024-07-19 01:15:06.480919 DEBUG BF_PORT 0:0:8 : PCIe access : addr=8h : reg=ffh : cmd=Read
2024-07-19 01:15:06.480978 DEBUG BF_PORT 0:0:9 : PCIe access : addr=9h : reg=ffh : cmd=Read
2024-07-19 01:15:06.481037 DEBUG BF_PORT 0:0:9 : Errant PCIe access : addr=9h : reg=0h : cmd=Read
2024-07-19 01:15:06.481044 DEBUG BF_PORT 0:0:9 : Errant PCIe access : addr=9h : reg=1h : cmd=write
2024-07-19 01:15:06.481049 DEBUG BF_PORT 0:0:9 : PCIe access : addr=9h : reg=fdh : cmd=Read
2024-07-19 01:15:06.481109 DEBUG BF_PORT 0:0:10 : PCIe access : addr=ah : reg=ffh : cmd=Read
2024-07-19 01:15:06.974685 DEBUG BF_PORT 0:0:3 : PCIe access : addr=3h : reg=fdh : cmd=Read
2024-07-19 01:15:06.974758 DEBUG BF_PORT 0:0:5 : PCIe access : addr=5h : reg=fdh : cmd=Read
2024-07-19 01:15:06.974817 DEBUG BF_PORT 0:0:7 : PCIe access : addr=7h : reg=fdh : cmd=Read
2024-07-19 01:15:06.974876 DEBUG BF_PORT 0:0:9 : PCIe access : addr=9h : reg=fdh : cmd=Read
2024-07-19 01:15:07.474152 DEBUG BF_PORT SDS: 0:1:255: FW load: broadcast
2024-07-19 01:15:07.474170 DEBUG BF_PORT SDS:         : FW path: /root/bf-sde-9.2.0/install/share/tofino_sds_fw/avago/firmware/serdes.0x1091_244D.rom
2024-07-19 01:15:07.474173 DEBUG BF_PORT SDS:         : FW ver : 1091
2024-07-19 01:15:10.359149 INFO  BF_TM New device discovered... start TM init
2024-07-19 01:15:10.359199 INFO  BF_TM bf_tm_tofino_cfg: Tofino SKU is 2
2024-07-19 01:15:10.359206 INFO  BF_TM bf_tm_tofino_cfg: Tofino TM total cells - 266240
2024-07-19 01:15:10.359228 INFO  BF_TM PPG Structures initialized
2024-07-19 01:15:10.359397 INFO  BF_TM TM on device 0 is ready for hw configurations
2024-07-19 01:15:10.359404 INFO  BF_TM TM: set clock speed to 1220000000 for dev 0
2024-07-19 01:15:10.359409 INFO  BF_TM TM: set chip part revision number, dev 0, part rev 1
2024-07-19 01:15:10.359413 INFO  BF_TM TM: Configuring Tofino TM with default setting
2024-07-19 01:15:10.359416 INFO  BF_TM TM: Cells for 2 pkts - 40
2024-07-19 01:15:10.359428 INFO  BF_TM TM: Ingress Default PPG GMin limit - 40
2024-07-19 01:15:10.359432 INFO  BF_TM TM: Ingress PPG base limit in pool0 - 305
2024-07-19 01:15:10.359436 INFO  BF_TM TM: Ingress PPG GMin pool size - 11680
2024-07-19 01:15:10.359439 INFO  BF_TM TM: Ingress AP pool0 size - 89260
2024-07-19 01:15:10.359443 INFO  BF_TM TM: Ingress Skid pool size - 0
2024-07-19 01:15:10.359447 INFO  BF_TM TM: Ingress Mirror pool size - 1460
2024-07-19 01:15:10.359458 INFO  BF_TM TM: Egress Q GMin limit - 20
2024-07-19 01:15:10.359462 INFO  BF_TM TM: Egress Q base limit in AP pool0 - 13
2024-07-19 01:15:10.359465 INFO  BF_TM TM: Egress Q GMin pool size - 46080
2024-07-19 01:15:10.359469 INFO  BF_TM TM: Egress AP pool0 size - 30284
2024-07-19 01:15:10.359472 INFO  BF_TM TM: Egress AP pool3 size reserved for MC PRE FIFO - 12288
2024-07-19 01:15:10.359476 INFO  BF_TM TM: Egress Mirror pool size - 1460
2024-07-19 01:15:10.359479 INFO  BF_TM TM: Egress UC CT size  - 4096
2024-07-19 01:15:10.359483 INFO  BF_TM TM: Egress MC CT size  - 8192
2024-07-19 01:15:10.359491 INFO  BF_TM CAA block Ready Status = 0x3ffffff
2024-07-19 01:15:10.359495 INFO  BF_TM CAA block Ready
2024-07-19 01:15:10.359499 INFO  BF_TM CLC.CLM block Ready Status = 0xfffffff
2024-07-19 01:15:10.359503 INFO  BF_TM CLC.CLM block Ready
2024-07-19 01:15:10.359507 INFO  BF_TM QLC block[0] Ready Status = 0xffffffff
2024-07-19 01:15:10.359512 INFO  BF_TM QLC block[1] Ready Status = 0xf
2024-07-19 01:15:10.359515 INFO  BF_TM QLC block Ready
2024-07-19 01:15:10.359520 INFO  BF_TM PSC block Ready Status = 0xffffffff
2024-07-19 01:15:10.359524 INFO  BF_TM PSC block Ready
2024-07-19 01:15:10.359531 INFO  BF_TM Wac Mem init Done Status = 0x1
2024-07-19 01:15:10.359535 INFO  BF_TM Wac Mem init Complete 
2024-07-19 01:15:10.359540 INFO  BF_TM Qac Mem init Done Status = 0x1
2024-07-19 01:15:10.359543 INFO  BF_TM Qac Mem init Complete 
2024-07-19 01:15:10.359546 INFO  BF_TM SCH Mem init Complete 
2024-07-19 01:15:10.359551 INFO  BF_TM PRC Map Mem init done status = 0x1
2024-07-19 01:15:10.359555 INFO  BF_TM PRC Map Mem init Complete 
2024-07-19 01:15:10.359585 INFO  BF_TM TM: bf_tm_tofino_set_default_for_ig_pool: Set default values for Ingress Pools
2024-07-19 01:15:10.359592 WARN  BF_TM Traffic Manager buffer pool 0 pfc limit is higher or equal to pool size. PFC might not trigger based on pool usage
2024-07-19 01:15:10.359596 WARN  BF_TM Traffic Manager buffer pool 0 pfc limit is higher or equal to pool size. PFC might not trigger based on pool usage
2024-07-19 01:15:10.359601 WARN  BF_TM Traffic Manager buffer pool 0 pfc limit is higher or equal to pool size. PFC might not trigger based on pool usage
2024-07-19 01:15:10.359604 WARN  BF_TM Traffic Manager buffer pool 0 pfc limit is higher or equal to pool size. PFC might not trigger based on pool usage
2024-07-19 01:15:10.359608 WARN  BF_TM Traffic Manager buffer pool 0 pfc limit is higher or equal to pool size. PFC might not trigger based on pool usage
2024-07-19 01:15:10.359612 WARN  BF_TM Traffic Manager buffer pool 0 pfc limit is higher or equal to pool size. PFC might not trigger based on pool usage
2024-07-19 01:15:10.359616 WARN  BF_TM Traffic Manager buffer pool 0 pfc limit is higher or equal to pool size. PFC might not trigger based on pool usage
2024-07-19 01:15:10.359619 WARN  BF_TM Traffic Manager buffer pool 0 pfc limit is higher or equal to pool size. PFC might not trigger based on pool usage
2024-07-19 01:15:10.359624 INFO  BF_TM TM: bf_tm_tofino_set_default_for_ppg: Set default values for PPGs
2024-07-19 01:15:10.359956 INFO  BF_TM TM: bf_tm_tofino_set_egress_tm_default: Set default values for egress TM
2024-07-19 01:15:10.359963 INFO  BF_TM TM: bf_tm_tofino_set_default_for_eg_pool: Set default values for egress Pools
2024-07-19 01:15:10.359968 INFO  BF_TM TM: bf_tm_tofino_set_default_for_q: Set default values for egress queues
2024-07-19 01:15:10.362250 INFO  BF_TM TM: bf_tm_tofino_set_default_for_port: Set default values for egress ports
2024-07-19 01:15:10.362365 INFO  BF_TM TM on device 0 start interrupt processing
2024-07-19 01:15:10.362370 INFO  BF_TM TM: device 0, device type set to ASIC
2024-07-19 01:15:10.362575 DEBUG BF_TM TM: tm_start_cached_counters_timer:716 counter TIMER_START running dev 0 timer state 1
2024-07-19 01:15:10.362591 INFO  BF_TM TM on device 0 successfully initialized and configured
2024-07-19 01:15:10.363677 DEBUG BF_PORT SDS : 23/ 0 : 0: 3c:-: Lane map: Rx: <0, 1, 2, 3> : Tx: <0, 1, 2, 3>
2024-07-19 01:15:10.363710 DEBUG BF_PORT SDS : 24/ 0 : 0: 34:-: Lane map: Rx: <0, 1, 2, 3> : Tx: <0, 1, 2, 3>
2024-07-19 01:15:10.363732 DEBUG BF_PORT SDS : 21/ 0 : 0: 2c:-: Lane map: Rx: <0, 1, 2, 3> : Tx: <0, 1, 2, 3>
2024-07-19 01:15:10.363747 DEBUG BF_PORT SDS : 22/ 0 : 0: 24:-: Lane map: Rx: <0, 1, 2, 3> : Tx: <0, 1, 2, 3>
2024-07-19 01:15:10.363762 DEBUG BF_PORT SDS : 19/ 0 : 0: 1c:-: Lane map: Rx: <0, 1, 2, 3> : Tx: <0, 1, 2, 3>
2024-07-19 01:15:10.363780 DEBUG BF_PORT SDS : 20/ 0 : 0: 14:-: Lane map: Rx: <0, 1, 2, 3> : Tx: <0, 1, 2, 3>
2024-07-19 01:15:10.363794 DEBUG BF_PORT SDS : 18/ 0 : 0:  c:-: Lane map: Rx: <0, 1, 2, 3> : Tx: <0, 1, 2, 3>
2024-07-19 01:15:10.363808 DEBUG BF_PORT SDS : 17/ 0 : 0:  4:-: Lane map: Rx: <0, 1, 2, 3> : Tx: <0, 1, 2, 3>
2024-07-19 01:15:10.363822 DEBUG BF_PORT SDS : 16/ 0 : 0:  0:-: Lane map: Rx: <0, 1, 2, 3> : Tx: <0, 1, 2, 3>
2024-07-19 01:15:10.363839 DEBUG BF_PORT SDS : 15/ 0 : 0:  8:-: Lane map: Rx: <0, 1, 2, 3> : Tx: <0, 1, 2, 3>
2024-07-19 01:15:10.363853 DEBUG BF_PORT SDS : 14/ 0 : 0: 10:-: Lane map: Rx: <0, 1, 2, 3> : Tx: <0, 1, 2, 3>
2024-07-19 01:15:10.363867 DEBUG BF_PORT SDS : 13/ 0 : 0: 18:-: Lane map: Rx: <0, 1, 2, 3> : Tx: <0, 1, 2, 3>
2024-07-19 01:15:10.363880 DEBUG BF_PORT SDS : 12/ 0 : 0: 20:-: Lane map: Rx: <0, 1, 2, 3> : Tx: <0, 1, 2, 3>
2024-07-19 01:15:10.363897 DEBUG BF_PORT SDS : 11/ 0 : 0: 28:-: Lane map: Rx: <0, 1, 2, 3> : Tx: <0, 1, 2, 3>
2024-07-19 01:15:10.363914 DEBUG BF_PORT SDS : 10/ 0 : 0: 30:-: Lane map: Rx: <0, 1, 2, 3> : Tx: <0, 1, 2, 3>
2024-07-19 01:15:10.363930 DEBUG BF_PORT SDS : 9/ 0 : 0: 38:-: Lane map: Rx: <0, 1, 2, 3> : Tx: <0, 1, 2, 3>
2024-07-19 01:15:10.363944 DEBUG BF_PORT SDS : 8/ 0 : 0: bc:-: Lane map: Rx: <0, 1, 2, 3> : Tx: <0, 1, 2, 3>
2024-07-19 01:15:10.363960 DEBUG BF_PORT SDS : 7/ 0 : 0: b4:-: Lane map: Rx: <0, 1, 2, 3> : Tx: <0, 1, 2, 3>
2024-07-19 01:15:10.363973 DEBUG BF_PORT SDS : 6/ 0 : 0: ac:-: Lane map: Rx: <0, 1, 2, 3> : Tx: <0, 1, 2, 3>
2024-07-19 01:15:10.363985 DEBUG BF_PORT SDS : 5/ 0 : 0: a4:-: Lane map: Rx: <0, 1, 2, 3> : Tx: <0, 1, 2, 3>
2024-07-19 01:15:10.363997 DEBUG BF_PORT SDS : 4/ 0 : 0: 9c:-: Lane map: Rx: <0, 1, 2, 3> : Tx: <0, 1, 2, 3>
2024-07-19 01:15:10.364010 DEBUG BF_PORT SDS : 3/ 0 : 0: 94:-: Lane map: Rx: <0, 1, 2, 3> : Tx: <0, 1, 2, 3>
2024-07-19 01:15:10.364023 DEBUG BF_PORT SDS : 2/ 0 : 0: 8c:-: Lane map: Rx: <0, 1, 2, 3> : Tx: <0, 1, 2, 3>
2024-07-19 01:15:10.364034 DEBUG BF_PORT SDS : 1/ 0 : 0: 84:-: Lane map: Rx: <0, 1, 2, 3> : Tx: <0, 1, 2, 3>
2024-07-19 01:15:10.364051 DEBUG BF_PORT SDS : 32/ 0 : 0: 80:-: Lane map: Rx: <0, 1, 2, 3> : Tx: <0, 1, 2, 3>
2024-07-19 01:15:10.364071 DEBUG BF_PORT SDS : 31/ 0 : 0: 88:-: Lane map: Rx: <0, 1, 2, 3> : Tx: <0, 1, 2, 3>
2024-07-19 01:15:10.364088 DEBUG BF_PORT SDS : 30/ 0 : 0: 90:-: Lane map: Rx: <0, 1, 2, 3> : Tx: <0, 1, 2, 3>
2024-07-19 01:15:10.364105 DEBUG BF_PORT SDS : 29/ 0 : 0: 98:-: Lane map: Rx: <0, 1, 2, 3> : Tx: <0, 1, 2, 3>
2024-07-19 01:15:10.364121 DEBUG BF_PORT SDS : 27/ 0 : 0: a0:-: Lane map: Rx: <0, 1, 2, 3> : Tx: <0, 1, 2, 3>
2024-07-19 01:15:10.364140 DEBUG BF_PORT SDS : 28/ 0 : 0: a8:-: Lane map: Rx: <0, 1, 2, 3> : Tx: <0, 1, 2, 3>
2024-07-19 01:15:10.364156 DEBUG BF_PORT SDS : 25/ 0 : 0: b0:-: Lane map: Rx: <0, 1, 2, 3> : Tx: <0, 1, 2, 3>
2024-07-19 01:15:10.364172 DEBUG BF_PORT SDS : 26/ 0 : 0: b8:-: Lane map: Rx: <0, 1, 2, 3> : Tx: <0, 1, 2, 3>
2024-07-19 01:15:10.364192 DEBUG BF_PORT SDS : 33/ 0 : 0: 40:-: Lane map: Rx: <0, 1, 2, 3> : Tx: <0, 1, 2, 3>
2024-07-19 01:15:10.403303 DEBUG BF_PM pm_dev_add_serdes_init:1451 WARN: 0 : Failed to set RR lane count : rc=3
2024-07-19 01:15:10.578305 DEBUG BF_PLTFM QSFP:  3 : PRESENT
2024-07-19 01:15:10.660233 DEBUG BF_PLTFM QSFP:  3 : QSFP_FSM_ST_IDLE             -> QSFP_FSM_ST_INSERTED
2024-07-19 01:15:10.661320 DEBUG BF_PLTFM QSFP:  7 : PRESENT
2024-07-19 01:15:10.752845 DEBUG BF_PLTFM QSFP:  7 : QSFP_FSM_ST_IDLE             -> QSFP_FSM_ST_INSERTED
2024-07-19 01:15:10.754897 DEBUG BF_PLTFM QSFP: 21 : PRESENT
2024-07-19 01:15:10.852062 DEBUG BF_PLTFM QSFP: 21 : QSFP_FSM_ST_IDLE             -> QSFP_FSM_ST_INSERTED
2024-07-19 01:15:10.852095 DEBUG BF_PLTFM Enable KR port 1 on 33/2
2024-07-19 01:15:10.852116 INFO  BF_PM bf_pm_pltfm_front_port_eligible_for_autoneg:3163 0:33/2:1(an_eligibility)
2024-07-19 01:15:10.852138 INFO  BF_PM bf_pm_pltfm_front_port_ready_for_bringup:3062 0:33/2:1(ready)
2024-07-19 01:15:10.852158 DEBUG BF_PLTFM krPortEn = 0x2
2024-07-19 01:15:10.852169 DEBUG BF_PLTFM Enable KR port 2 on 33/3
2024-07-19 01:15:10.852183 INFO  BF_PM bf_pm_pltfm_front_port_eligible_for_autoneg:3163 0:33/3:1(an_eligibility)
2024-07-19 01:15:10.852195 INFO  BF_PM bf_pm_pltfm_front_port_ready_for_bringup:3062 0:33/3:1(ready)
2024-07-19 01:15:10.852207 DEBUG BF_PLTFM krPortEn = 0x6
2024-07-19 01:15:10.852229 DEBUG BF_PLTFM bf_pm_cold_init:794 Bind QSFP Mgmt callback..
2024-07-19 01:15:10.852346 DEBUG BF_PLTFM pltfm_pm: port led blink thread initialized
2024-07-19 01:15:10.852553 DEBUG BF_PLTFM port_led_blink_run start..
2024-07-19 01:15:10.862834 INFO  BF_PM bf_pm_pltfm_front_port_eligible_for_autoneg:3163 0:3/0:1(an_eligibility)
2024-07-19 01:15:10.862932 INFO  BF_PM bf_pm_pltfm_front_port_ready_for_bringup:3062 0:3/0:1(ready)
2024-07-19 01:15:10.862952 INFO  BF_PM bf_pm_pltfm_front_port_eligible_for_autoneg:3163 0:3/1:1(an_eligibility)
2024-07-19 01:15:10.862965 INFO  BF_PM bf_pm_pltfm_front_port_ready_for_bringup:3062 0:3/1:1(ready)
2024-07-19 01:15:10.862977 INFO  BF_PM bf_pm_pltfm_front_port_eligible_for_autoneg:3163 0:3/2:1(an_eligibility)
2024-07-19 01:15:10.862989 INFO  BF_PM bf_pm_pltfm_front_port_ready_for_bringup:3062 0:3/2:1(ready)
2024-07-19 01:15:10.863003 INFO  BF_PM bf_pm_pltfm_front_port_eligible_for_autoneg:3163 0:3/3:1(an_eligibility)
2024-07-19 01:15:10.863016 INFO  BF_PM bf_pm_pltfm_front_port_ready_for_bringup:3062 0:3/3:1(ready)
2024-07-19 01:15:10.863029 DEBUG BF_PLTFM QSFP:  3 : QSFP_FSM_ST_INSERTED         --> QSFP_FSM_ST_DETECTED         (0ms)
2024-07-19 01:15:10.866848 INFO  BF_MC Allocated RDM addresses 0x1 - 0x1
2024-07-19 01:15:10.866883 INFO  BF_MC Allocated RDM addresses 0x11ff - 0x11ff
2024-07-19 01:15:10.866887 INFO  BF_MC Allocated RDM addresses 0x21ff - 0x21ff
2024-07-19 01:15:10.866892 INFO  BF_MC Allocated RDM addresses 0x31ff - 0x31ff
2024-07-19 01:15:10.866898 INFO  BF_MC Write L1End node at addr 0x1, rid 0xdead, l2 0
2024-07-19 01:15:10.866903 INFO  BF_MC Write L1End node at addr 0x11ff, rid 0xdead, l2 0
2024-07-19 01:15:10.866909 INFO  BF_MC Write L1End node at addr 0x21ff, rid 0xdead, l2 0
2024-07-19 01:15:10.866915 INFO  BF_MC Write L1End node at addr 0x31ff, rid 0xdead, l2 0
2024-07-19 01:15:10.866921 INFO  BF_MC Allocated RDM addresses 0x4000 - 0x4103
2024-07-19 01:15:10.866926 INFO  BF_MC Write LAG node at addr 0x4000 with id 255 and next node 0x4001 0x0000_00000000ff04001c
2024-07-19 01:15:10.866932 INFO  BF_MC Write LAG node at addr 0x4001 with id 255 and next node 0x4002 0x00ff_04002c00ff04001c
2024-07-19 01:15:10.866936 INFO  BF_MC Write LAG node at addr 0x4002 with id 255 and next node 0x4003 0x0000_00000000ff04003c
2024-07-19 01:15:10.866940 INFO  BF_MC Write LAG node at addr 0x4003 with id 255 and next node 0x4004 0x00ff_04004c00ff04003c
2024-07-19 01:15:10.866945 INFO  BF_MC Write LAG node at addr 0x4004 with id 255 and next node 0x4005 0x0000_00000000ff04005c
2024-07-19 01:15:10.866949 INFO  BF_MC Write LAG node at addr 0x4005 with id 255 and next node 0x4006 0x00ff_04006c00ff04005c
2024-07-19 01:15:10.866954 INFO  BF_MC Write LAG node at addr 0x4006 with id 255 and next node 0x4007 0x0000_00000000ff04007c
2024-07-19 01:15:10.866958 INFO  BF_MC Write LAG node at addr 0x4007 with id 255 and next node 0x4008 0x00ff_04008c00ff04007c
2024-07-19 01:15:10.866962 INFO  BF_MC Write LAG node at addr 0x4008 with id 255 and next node 0x4009 0x0000_00000000ff04009c
2024-07-19 01:15:10.866966 INFO  BF_MC Write LAG node at addr 0x4009 with id 255 and next node 0x400a 0x00ff_0400ac00ff04009c
2024-07-19 01:15:10.866970 INFO  BF_MC Write LAG node at addr 0x400a with id 255 and next node 0x400b 0x0000_00000000ff0400bc
2024-07-19 01:15:10.866974 INFO  BF_MC Write LAG node at addr 0x400b with id 255 and next node 0x400c 0x00ff_0400cc00ff0400bc
2024-07-19 01:15:10.866987 INFO  BF_MC Write LAG node at addr 0x400c with id 255 and next node 0x400d 0x0000_00000000ff0400dc
2024-07-19 01:15:10.866992 INFO  BF_MC Write LAG node at addr 0x400d with id 255 and next node 0x400e 0x00ff_0400ec00ff0400dc
2024-07-19 01:15:10.866996 INFO  BF_MC Write LAG node at addr 0x400e with id 255 and next node 0x400f 0x0000_00000000ff0400fc
2024-07-19 01:15:10.866999 INFO  BF_MC Write LAG node at addr 0x400f with id 255 and next node 0x4010 0x00ff_04010c00ff0400fc
2024-07-19 01:15:10.867004 INFO  BF_MC Write LAG node at addr 0x4010 with id 255 and next node 0x4011 0x0000_00000000ff04011c
2024-07-19 01:15:10.867008 INFO  BF_MC Write LAG node at addr 0x4011 with id 255 and next node 0x4012 0x00ff_04012c00ff04011c
2024-07-19 01:15:10.867012 INFO  BF_MC Write LAG node at addr 0x4012 with id 255 and next node 0x4013 0x0000_00000000ff04013c
2024-07-19 01:15:10.867016 INFO  BF_MC Write LAG node at addr 0x4013 with id 255 and next node 0x4014 0x00ff_04014c00ff04013c
2024-07-19 01:15:10.867021 INFO  BF_MC Write LAG node at addr 0x4014 with id 255 and next node 0x4015 0x0000_00000000ff04015c
2024-07-19 01:15:10.867024 INFO  BF_MC Write LAG node at addr 0x4015 with id 255 and next node 0x4016 0x00ff_04016c00ff04015c
2024-07-19 01:15:10.867028 INFO  BF_MC Write LAG node at addr 0x4016 with id 255 and next node 0x4017 0x0000_00000000ff04017c
2024-07-19 01:15:10.867032 INFO  BF_MC Write LAG node at addr 0x4017 with id 255 and next node 0x4018 0x00ff_04018c00ff04017c
2024-07-19 01:15:10.867037 INFO  BF_MC Write LAG node at addr 0x4018 with id 255 and next node 0x4019 0x0000_00000000ff04019c
2024-07-19 01:15:10.867041 INFO  BF_MC Write LAG node at addr 0x4019 with id 255 and next node 0x401a 0x00ff_0401ac00ff04019c
2024-07-19 01:15:10.867045 INFO  BF_MC Write LAG node at addr 0x401a with id 255 and next node 0x401b 0x0000_00000000ff0401bc
2024-07-19 01:15:10.867048 INFO  BF_MC Write LAG node at addr 0x401b with id 255 and next node 0x401c 0x00ff_0401cc00ff0401bc
2024-07-19 01:15:10.867053 INFO  BF_MC Write LAG node at addr 0x401c with id 255 and next node 0x401d 0x0000_00000000ff0401dc
2024-07-19 01:15:10.867057 INFO  BF_MC Write LAG node at addr 0x401d with id 255 and next node 0x401e 0x00ff_0401ec00ff0401dc
2024-07-19 01:15:10.867061 INFO  BF_MC Write LAG node at addr 0x401e with id 255 and next node 0x401f 0x0000_00000000ff0401fc
2024-07-19 01:15:10.867065 INFO  BF_MC Write LAG node at addr 0x401f with id 255 and next node 0x4020 0x00ff_04020c00ff0401fc
2024-07-19 01:15:10.867069 INFO  BF_MC Write LAG node at addr 0x4020 with id 255 and next node 0x4021 0x0000_00000000ff04021c
2024-07-19 01:15:10.867074 INFO  BF_MC Write LAG node at addr 0x4021 with id 255 and next node 0x4022 0x00ff_04022c00ff04021c
2024-07-19 01:15:10.867078 INFO  BF_MC Write LAG node at addr 0x4022 with id 255 and next node 0x4023 0x0000_00000000ff04023c
2024-07-19 01:15:10.867082 INFO  BF_MC Write LAG node at addr 0x4023 with id 255 and next node 0x4024 0x00ff_04024c00ff04023c
2024-07-19 01:15:10.867087 INFO  BF_MC Write LAG node at addr 0x4024 with id 255 and next node 0x4025 0x0000_00000000ff04025c
2024-07-19 01:15:10.867091 INFO  BF_MC Write LAG node at addr 0x4025 with id 255 and next node 0x4026 0x00ff_04026c00ff04025c
2024-07-19 01:15:10.867095 INFO  BF_MC Write LAG node at addr 0x4026 with id 255 and next node 0x4027 0x0000_00000000ff04027c
2024-07-19 01:15:10.867098 INFO  BF_MC Write LAG node at addr 0x4027 with id 255 and next node 0x4028 0x00ff_04028c00ff04027c
2024-07-19 01:15:10.867103 INFO  BF_MC Write LAG node at addr 0x4028 with id 255 and next node 0x4029 0x0000_00000000ff04029c
2024-07-19 01:15:10.867107 INFO  BF_MC Write LAG node at addr 0x4029 with id 255 and next node 0x402a 0x00ff_0402ac00ff04029c
2024-07-19 01:15:10.867111 INFO  BF_MC Write LAG node at addr 0x402a with id 255 and next node 0x402b 0x0000_00000000ff0402bc
2024-07-19 01:15:10.867115 INFO  BF_MC Write LAG node at addr 0x402b with id 255 and next node 0x402c 0x00ff_0402cc00ff0402bc
2024-07-19 01:15:10.867122 INFO  BF_MC Write LAG node at addr 0x402c with id 255 and next node 0x402d 0x0000_00000000ff0402dc
2024-07-19 01:15:10.867126 INFO  BF_MC Write LAG node at addr 0x402d with id 255 and next node 0x402e 0x00ff_0402ec00ff0402dc
2024-07-19 01:15:10.867130 INFO  BF_MC Write LAG node at addr 0x402e with id 255 and next node 0x402f 0x0000_00000000ff0402fc
2024-07-19 01:15:10.867134 INFO  BF_MC Write LAG node at addr 0x402f with id 255 and next node 0x4030 0x00ff_04030c00ff0402fc
2024-07-19 01:15:10.867139 INFO  BF_MC Write LAG node at addr 0x4030 with id 255 and next node 0x4031 0x0000_00000000ff04031c
2024-07-19 01:15:10.867143 INFO  BF_MC Write LAG node at addr 0x4031 with id 255 and next node 0x4032 0x00ff_04032c00ff04031c
2024-07-19 01:15:10.867147 INFO  BF_MC Write LAG node at addr 0x4032 with id 255 and next node 0x4033 0x0000_00000000ff04033c
2024-07-19 01:15:10.867151 INFO  BF_MC Write LAG node at addr 0x4033 with id 255 and next node 0x4034 0x00ff_04034c00ff04033c
2024-07-19 01:15:10.867155 INFO  BF_MC Write LAG node at addr 0x4034 with id 255 and next node 0x4035 0x0000_00000000ff04035c
2024-07-19 01:15:10.867159 INFO  BF_MC Write LAG node at addr 0x4035 with id 255 and next node 0x4036 0x00ff_04036c00ff04035c
2024-07-19 01:15:10.867163 INFO  BF_MC Write LAG node at addr 0x4036 with id 255 and next node 0x4037 0x0000_00000000ff04037c
2024-07-19 01:15:10.867167 INFO  BF_MC Write LAG node at addr 0x4037 with id 255 and next node 0x4038 0x00ff_04038c00ff04037c
2024-07-19 01:15:10.867171 INFO  BF_MC Write LAG node at addr 0x4038 with id 255 and next node 0x4039 0x0000_00000000ff04039c
2024-07-19 01:15:10.867175 INFO  BF_MC Write LAG node at addr 0x4039 with id 255 and next node 0x403a 0x00ff_0403ac00ff04039c
2024-07-19 01:15:10.867179 INFO  BF_MC Write LAG node at addr 0x403a with id 255 and next node 0x403b 0x0000_00000000ff0403bc
2024-07-19 01:15:10.867183 INFO  BF_MC Write LAG node at addr 0x403b with id 255 and next node 0x403c 0x00ff_0403cc00ff0403bc
2024-07-19 01:15:10.867188 INFO  BF_MC Write LAG node at addr 0x403c with id 255 and next node 0x403d 0x0000_00000000ff0403dc
2024-07-19 01:15:10.867191 INFO  BF_MC Write LAG node at addr 0x403d with id 255 and next node 0x403e 0x00ff_0403ec00ff0403dc
2024-07-19 01:15:10.867195 INFO  BF_MC Write LAG node at addr 0x403e with id 255 and next node 0x403f 0x0000_00000000ff0403fc
2024-07-19 01:15:10.867199 INFO  BF_MC Write LAG node at addr 0x403f with id 255 and next node 0x4040 0x00ff_04040c00ff0403fc
2024-07-19 01:15:10.867204 INFO  BF_MC Write LAG node at addr 0x4040 with id 255 and next node 0x4041 0x0000_00000000ff04041c
2024-07-19 01:15:10.867208 INFO  BF_MC Write LAG node at addr 0x4041 with id 255 and next node 0x4042 0x00ff_04042c00ff04041c
2024-07-19 01:15:10.867211 INFO  BF_MC Write LAG node at addr 0x4042 with id 255 and next node 0x4043 0x0000_00000000ff04043c
2024-07-19 01:15:10.867215 INFO  BF_MC Write LAG node at addr 0x4043 with id 255 and next node 0x4044 0x00ff_04044c00ff04043c
2024-07-19 01:15:10.867220 INFO  BF_MC Write LAG node at addr 0x4044 with id 255 and next node 0x4045 0x0000_00000000ff04045c
2024-07-19 01:15:10.867224 INFO  BF_MC Write LAG node at addr 0x4045 with id 255 and next node 0x4046 0x00ff_04046c00ff04045c
2024-07-19 01:15:10.867228 INFO  BF_MC Write LAG node at addr 0x4046 with id 255 and next node 0x4047 0x0000_00000000ff04047c
2024-07-19 01:15:10.867231 INFO  BF_MC Write LAG node at addr 0x4047 with id 255 and next node 0x4048 0x00ff_04048c00ff04047c
2024-07-19 01:15:10.867236 INFO  BF_MC Write LAG node at addr 0x4048 with id 255 and next node 0x4049 0x0000_00000000ff04049c
2024-07-19 01:15:10.867240 INFO  BF_MC Write LAG node at addr 0x4049 with id 255 and next node 0x404a 0x00ff_0404ac00ff04049c
2024-07-19 01:15:10.867244 INFO  BF_MC Write LAG node at addr 0x404a with id 255 and next node 0x404b 0x0000_00000000ff0404bc
2024-07-19 01:15:10.867249 INFO  BF_MC Write LAG node at addr 0x404b with id 255 and next node 0x404c 0x00ff_0404cc00ff0404bc
2024-07-19 01:15:10.867253 INFO  BF_MC Write LAG node at addr 0x404c with id 255 and next node 0x404d 0x0000_00000000ff0404dc
2024-07-19 01:15:10.867261 INFO  BF_MC Write LAG node at addr 0x404d with id 255 and next node 0x404e 0x00ff_0404ec00ff0404dc
2024-07-19 01:15:10.867266 INFO  BF_MC Write LAG node at addr 0x404e with id 255 and next node 0x404f 0x0000_00000000ff0404fc
2024-07-19 01:15:10.867272 INFO  BF_MC Write LAG node at addr 0x404f with id 255 and next node 0x4050 0x00ff_04050c00ff0404fc
2024-07-19 01:15:10.867277 INFO  BF_MC Write LAG node at addr 0x4050 with id 255 and next node 0x4051 0x0000_00000000ff04051c
2024-07-19 01:15:10.867281 INFO  BF_MC Write LAG node at addr 0x4051 with id 255 and next node 0x4052 0x00ff_04052c00ff04051c
2024-07-19 01:15:10.867285 INFO  BF_MC Write LAG node at addr 0x4052 with id 255 and next node 0x4053 0x0000_00000000ff04053c
2024-07-19 01:15:10.867289 INFO  BF_MC Write LAG node at addr 0x4053 with id 255 and next node 0x4054 0x00ff_04054c00ff04053c
2024-07-19 01:15:10.867294 INFO  BF_MC Write LAG node at addr 0x4054 with id 255 and next node 0x4055 0x0000_00000000ff04055c
2024-07-19 01:15:10.867298 INFO  BF_MC Write LAG node at addr 0x4055 with id 255 and next node 0x4056 0x00ff_04056c00ff04055c
2024-07-19 01:15:10.867302 INFO  BF_MC Write LAG node at addr 0x4056 with id 255 and next node 0x4057 0x0000_00000000ff04057c
2024-07-19 01:15:10.867306 INFO  BF_MC Write LAG node at addr 0x4057 with id 255 and next node 0x4058 0x00ff_04058c00ff04057c
2024-07-19 01:15:10.867310 INFO  BF_MC Write LAG node at addr 0x4058 with id 255 and next node 0x4059 0x0000_00000000ff04059c
2024-07-19 01:15:10.867314 INFO  BF_MC Write LAG node at addr 0x4059 with id 255 and next node 0x405a 0x00ff_0405ac00ff04059c
2024-07-19 01:15:10.867318 INFO  BF_MC Write LAG node at addr 0x405a with id 255 and next node 0x405b 0x0000_00000000ff0405bc
2024-07-19 01:15:10.867322 INFO  BF_MC Write LAG node at addr 0x405b with id 255 and next node 0x405c 0x00ff_0405cc00ff0405bc
2024-07-19 01:15:10.867327 INFO  BF_MC Write LAG node at addr 0x405c with id 255 and next node 0x405d 0x0000_00000000ff0405dc
2024-07-19 01:15:10.867331 INFO  BF_MC Write LAG node at addr 0x405d with id 255 and next node 0x405e 0x00ff_0405ec00ff0405dc
2024-07-19 01:15:10.867335 INFO  BF_MC Write LAG node at addr 0x405e with id 255 and next node 0x405f 0x0000_00000000ff0405fc
2024-07-19 01:15:10.867339 INFO  BF_MC Write LAG node at addr 0x405f with id 255 and next node 0x4060 0x00ff_04060c00ff0405fc
2024-07-19 01:15:10.867343 INFO  BF_MC Write LAG node at addr 0x4060 with id 255 and next node 0x4061 0x0000_00000000ff04061c
2024-07-19 01:15:10.867347 INFO  BF_MC Write LAG node at addr 0x4061 with id 255 and next node 0x4062 0x00ff_04062c00ff04061c
2024-07-19 01:15:10.867351 INFO  BF_MC Write LAG node at addr 0x4062 with id 255 and next node 0x4063 0x0000_00000000ff04063c
2024-07-19 01:15:10.867355 INFO  BF_MC Write LAG node at addr 0x4063 with id 255 and next node 0x4064 0x00ff_04064c00ff04063c
2024-07-19 01:15:10.867360 INFO  BF_MC Write LAG node at addr 0x4064 with id 255 and next node 0x4065 0x0000_00000000ff04065c
2024-07-19 01:15:10.867363 INFO  BF_MC Write LAG node at addr 0x4065 with id 255 and next node 0x4066 0x00ff_04066c00ff04065c
2024-07-19 01:15:10.867367 INFO  BF_MC Write LAG node at addr 0x4066 with id 255 and next node 0x4067 0x0000_00000000ff04067c
2024-07-19 01:15:10.867371 INFO  BF_MC Write LAG node at addr 0x4067 with id 255 and next node 0x4068 0x00ff_04068c00ff04067c
2024-07-19 01:15:10.867376 INFO  BF_MC Write LAG node at addr 0x4068 with id 255 and next node 0x4069 0x0000_00000000ff04069c
2024-07-19 01:15:10.867380 INFO  BF_MC Write LAG node at addr 0x4069 with id 255 and next node 0x406a 0x00ff_0406ac00ff04069c
2024-07-19 01:15:10.867384 INFO  BF_MC Write LAG node at addr 0x406a with id 255 and next node 0x406b 0x0000_00000000ff0406bc
2024-07-19 01:15:10.867388 INFO  BF_MC Write LAG node at addr 0x406b with id 255 and next node 0x406c 0x00ff_0406cc00ff0406bc
2024-07-19 01:15:10.867392 INFO  BF_MC Write LAG node at addr 0x406c with id 255 and next node 0x406d 0x0000_00000000ff0406dc
2024-07-19 01:15:10.867396 INFO  BF_MC Write LAG node at addr 0x406d with id 255 and next node 0x406e 0x00ff_0406ec00ff0406dc
2024-07-19 01:15:10.867402 INFO  BF_MC Write LAG node at addr 0x406e with id 255 and next node 0x406f 0x0000_00000000ff0406fc
2024-07-19 01:15:10.867406 INFO  BF_MC Write LAG node at addr 0x406f with id 255 and next node 0x4070 0x00ff_04070c00ff0406fc
2024-07-19 01:15:10.867411 INFO  BF_MC Write LAG node at addr 0x4070 with id 255 and next node 0x4071 0x0000_00000000ff04071c
2024-07-19 01:15:10.867415 INFO  BF_MC Write LAG node at addr 0x4071 with id 255 and next node 0x4072 0x00ff_04072c00ff04071c
2024-07-19 01:15:10.867425 INFO  BF_MC Write LAG node at addr 0x4072 with id 255 and next node 0x4073 0x0000_00000000ff04073c
2024-07-19 01:15:10.867431 INFO  BF_MC Write LAG node at addr 0x4073 with id 255 and next node 0x4074 0x00ff_04074c00ff04073c
2024-07-19 01:15:10.867435 INFO  BF_MC Write LAG node at addr 0x4074 with id 255 and next node 0x4075 0x0000_00000000ff04075c
2024-07-19 01:15:10.867439 INFO  BF_MC Write LAG node at addr 0x4075 with id 255 and next node 0x4076 0x00ff_04076c00ff04075c
2024-07-19 01:15:10.867443 INFO  BF_MC Write LAG node at addr 0x4076 with id 255 and next node 0x4077 0x0000_00000000ff04077c
2024-07-19 01:15:10.867447 INFO  BF_MC Write LAG node at addr 0x4077 with id 255 and next node 0x4078 0x00ff_04078c00ff04077c
2024-07-19 01:15:10.867452 INFO  BF_MC Write LAG node at addr 0x4078 with id 255 and next node 0x4079 0x0000_00000000ff04079c
2024-07-19 01:15:10.867456 INFO  BF_MC Write LAG node at addr 0x4079 with id 255 and next node 0x407a 0x00ff_0407ac00ff04079c
2024-07-19 01:15:10.867460 INFO  BF_MC Write LAG node at addr 0x407a with id 255 and next node 0x407b 0x0000_00000000ff0407bc
2024-07-19 01:15:10.867463 INFO  BF_MC Write LAG node at addr 0x407b with id 255 and next node 0x407c 0x00ff_0407cc00ff0407bc
2024-07-19 01:15:10.867468 INFO  BF_MC Write LAG node at addr 0x407c with id 255 and next node 0x407d 0x0000_00000000ff0407dc
2024-07-19 01:15:10.867472 INFO  BF_MC Write LAG node at addr 0x407d with id 255 and next node 0x407e 0x00ff_0407ec00ff0407dc
2024-07-19 01:15:10.867476 INFO  BF_MC Write LAG node at addr 0x407e with id 255 and next node 0x407f 0x0000_00000000ff0407fc
2024-07-19 01:15:10.867480 INFO  BF_MC Write LAG node at addr 0x407f with id 255 and next node 0x4080 0x00ff_04080c00ff0407fc
2024-07-19 01:15:10.867484 INFO  BF_MC Write LAG node at addr 0x4080 with id 255 and next node 0x4081 0x0000_00000000ff04081c
2024-07-19 01:15:10.867488 INFO  BF_MC Write LAG node at addr 0x4081 with id 255 and next node 0x4082 0x00ff_04082c00ff04081c
2024-07-19 01:15:10.867492 INFO  BF_MC Write LAG node at addr 0x4082 with id 255 and next node 0x4083 0x0000_00000000ff04083c
2024-07-19 01:15:10.867496 INFO  BF_MC Write LAG node at addr 0x4083 with id 255 and next node 0x4084 0x00ff_04084c00ff04083c
2024-07-19 01:15:10.867501 INFO  BF_MC Write LAG node at addr 0x4084 with id 255 and next node 0x4085 0x0000_00000000ff04085c
2024-07-19 01:15:10.867505 INFO  BF_MC Write LAG node at addr 0x4085 with id 255 and next node 0x4086 0x00ff_04086c00ff04085c
2024-07-19 01:15:10.867509 INFO  BF_MC Write LAG node at addr 0x4086 with id 255 and next node 0x4087 0x0000_00000000ff04087c
2024-07-19 01:15:10.867513 INFO  BF_MC Write LAG node at addr 0x4087 with id 255 and next node 0x4088 0x00ff_04088c00ff04087c
2024-07-19 01:15:10.867518 INFO  BF_MC Write LAG node at addr 0x4088 with id 255 and next node 0x4089 0x0000_00000000ff04089c
2024-07-19 01:15:10.867522 INFO  BF_MC Write LAG node at addr 0x4089 with id 255 and next node 0x408a 0x00ff_0408ac00ff04089c
2024-07-19 01:15:10.867525 INFO  BF_MC Write LAG node at addr 0x408a with id 255 and next node 0x408b 0x0000_00000000ff0408bc
2024-07-19 01:15:10.867529 INFO  BF_MC Write LAG node at addr 0x408b with id 255 and next node 0x408c 0x00ff_0408cc00ff0408bc
2024-07-19 01:15:10.867534 INFO  BF_MC Write LAG node at addr 0x408c with id 255 and next node 0x408d 0x0000_00000000ff0408dc
2024-07-19 01:15:10.867538 INFO  BF_MC Write LAG node at addr 0x408d with id 255 and next node 0x408e 0x00ff_0408ec00ff0408dc
2024-07-19 01:15:10.867544 INFO  BF_MC Write LAG node at addr 0x408e with id 255 and next node 0x408f 0x0000_00000000ff0408fc
2024-07-19 01:15:10.867548 INFO  BF_MC Write LAG node at addr 0x408f with id 255 and next node 0x4090 0x00ff_04090c00ff0408fc
2024-07-19 01:15:10.867553 INFO  BF_MC Write LAG node at addr 0x4090 with id 255 and next node 0x4091 0x0000_00000000ff04091c
2024-07-19 01:15:10.867557 INFO  BF_MC Write LAG node at addr 0x4091 with id 255 and next node 0x4092 0x00ff_04092c00ff04091c
2024-07-19 01:15:10.867561 INFO  BF_MC Write LAG node at addr 0x4092 with id 255 and next node 0x4093 0x0000_00000000ff04093c
2024-07-19 01:15:10.867565 INFO  BF_MC Write LAG node at addr 0x4093 with id 255 and next node 0x4094 0x00ff_04094c00ff04093c
2024-07-19 01:15:10.867569 INFO  BF_MC Write LAG node at addr 0x4094 with id 255 and next node 0x4095 0x0000_00000000ff04095c
2024-07-19 01:15:10.867573 INFO  BF_MC Write LAG node at addr 0x4095 with id 255 and next node 0x4096 0x00ff_04096c00ff04095c
2024-07-19 01:15:10.867577 INFO  BF_MC Write LAG node at addr 0x4096 with id 255 and next node 0x4097 0x0000_00000000ff04097c
2024-07-19 01:15:10.867581 INFO  BF_MC Write LAG node at addr 0x4097 with id 255 and next node 0x4098 0x00ff_04098c00ff04097c
2024-07-19 01:15:10.867586 INFO  BF_MC Write LAG node at addr 0x4098 with id 255 and next node 0x4099 0x0000_00000000ff04099c
2024-07-19 01:15:10.867590 INFO  BF_MC Write LAG node at addr 0x4099 with id 255 and next node 0x409a 0x00ff_0409ac00ff04099c
2024-07-19 01:15:10.867593 INFO  BF_MC Write LAG node at addr 0x409a with id 255 and next node 0x409b 0x0000_00000000ff0409bc
2024-07-19 01:15:10.867597 INFO  BF_MC Write LAG node at addr 0x409b with id 255 and next node 0x409c 0x00ff_0409cc00ff0409bc
2024-07-19 01:15:10.867602 INFO  BF_MC Write LAG node at addr 0x409c with id 255 and next node 0x409d 0x0000_00000000ff0409dc
2024-07-19 01:15:10.867606 INFO  BF_MC Write LAG node at addr 0x409d with id 255 and next node 0x409e 0x00ff_0409ec00ff0409dc
2024-07-19 01:15:10.867609 INFO  BF_MC Write LAG node at addr 0x409e with id 255 and next node 0x409f 0x0000_00000000ff0409fc
2024-07-19 01:15:10.867613 INFO  BF_MC Write LAG node at addr 0x409f with id 255 and next node 0x40a0 0x00ff_040a0c00ff0409fc
2024-07-19 01:15:10.867618 INFO  BF_MC Write LAG node at addr 0x40a0 with id 255 and next node 0x40a1 0x0000_00000000ff040a1c
2024-07-19 01:15:10.867624 INFO  BF_MC Write LAG node at addr 0x40a1 with id 255 and next node 0x40a2 0x00ff_040a2c00ff040a1c
2024-07-19 01:15:10.867630 INFO  BF_MC Write LAG node at addr 0x40a2 with id 255 and next node 0x40a3 0x0000_00000000ff040a3c
2024-07-19 01:15:10.867635 INFO  BF_MC Write LAG node at addr 0x40a3 with id 255 and next node 0x40a4 0x00ff_040a4c00ff040a3c
2024-07-19 01:15:10.867640 INFO  BF_MC Write LAG node at addr 0x40a4 with id 255 and next node 0x40a5 0x0000_00000000ff040a5c
2024-07-19 01:15:10.867643 INFO  BF_MC Write LAG node at addr 0x40a5 with id 255 and next node 0x40a6 0x00ff_040a6c00ff040a5c
2024-07-19 01:15:10.867647 INFO  BF_MC Write LAG node at addr 0x40a6 with id 255 and next node 0x40a7 0x0000_00000000ff040a7c
2024-07-19 01:15:10.867651 INFO  BF_MC Write LAG node at addr 0x40a7 with id 255 and next node 0x40a8 0x00ff_040a8c00ff040a7c
2024-07-19 01:15:10.867656 INFO  BF_MC Write LAG node at addr 0x40a8 with id 255 and next node 0x40a9 0x0000_00000000ff040a9c
2024-07-19 01:15:10.867660 INFO  BF_MC Write LAG node at addr 0x40a9 with id 255 and next node 0x40aa 0x00ff_040aac00ff040a9c
2024-07-19 01:15:10.867664 INFO  BF_MC Write LAG node at addr 0x40aa with id 255 and next node 0x40ab 0x0000_00000000ff040abc
2024-07-19 01:15:10.867668 INFO  BF_MC Write LAG node at addr 0x40ab with id 255 and next node 0x40ac 0x00ff_040acc00ff040abc
2024-07-19 01:15:10.867672 INFO  BF_MC Write LAG node at addr 0x40ac with id 255 and next node 0x40ad 0x0000_00000000ff040adc
2024-07-19 01:15:10.867677 INFO  BF_MC Write LAG node at addr 0x40ad with id 255 and next node 0x40ae 0x00ff_040aec00ff040adc
2024-07-19 01:15:10.867681 INFO  BF_MC Write LAG node at addr 0x40ae with id 255 and next node 0x40af 0x0000_00000000ff040afc
2024-07-19 01:15:10.867687 INFO  BF_MC Write LAG node at addr 0x40af with id 255 and next node 0x40b0 0x00ff_040b0c00ff040afc
2024-07-19 01:15:10.867692 INFO  BF_MC Write LAG node at addr 0x40b0 with id 255 and next node 0x40b1 0x0000_00000000ff040b1c
2024-07-19 01:15:10.867696 INFO  BF_MC Write LAG node at addr 0x40b1 with id 255 and next node 0x40b2 0x00ff_040b2c00ff040b1c
2024-07-19 01:15:10.867700 INFO  BF_MC Write LAG node at addr 0x40b2 with id 255 and next node 0x40b3 0x0000_00000000ff040b3c
2024-07-19 01:15:10.867703 INFO  BF_MC Write LAG node at addr 0x40b3 with id 255 and next node 0x40b4 0x00ff_040b4c00ff040b3c
2024-07-19 01:15:10.867708 INFO  BF_MC Write LAG node at addr 0x40b4 with id 255 and next node 0x40b5 0x0000_00000000ff040b5c
2024-07-19 01:15:10.867712 INFO  BF_MC Write LAG node at addr 0x40b5 with id 255 and next node 0x40b6 0x00ff_040b6c00ff040b5c
2024-07-19 01:15:10.867716 INFO  BF_MC Write LAG node at addr 0x40b6 with id 255 and next node 0x40b7 0x0000_00000000ff040b7c
2024-07-19 01:15:10.867720 INFO  BF_MC Write LAG node at addr 0x40b7 with id 255 and next node 0x40b8 0x00ff_040b8c00ff040b7c
2024-07-19 01:15:10.867724 INFO  BF_MC Write LAG node at addr 0x40b8 with id 255 and next node 0x40b9 0x0000_00000000ff040b9c
2024-07-19 01:15:10.867728 INFO  BF_MC Write LAG node at addr 0x40b9 with id 255 and next node 0x40ba 0x00ff_040bac00ff040b9c
2024-07-19 01:15:10.867732 INFO  BF_MC Write LAG node at addr 0x40ba with id 255 and next node 0x40bb 0x0000_00000000ff040bbc
2024-07-19 01:15:10.867736 INFO  BF_MC Write LAG node at addr 0x40bb with id 255 and next node 0x40bc 0x00ff_040bcc00ff040bbc
2024-07-19 01:15:10.867741 INFO  BF_MC Write LAG node at addr 0x40bc with id 255 and next node 0x40bd 0x0000_00000000ff040bdc
2024-07-19 01:15:10.867745 INFO  BF_MC Write LAG node at addr 0x40bd with id 255 and next node 0x40be 0x00ff_040bec00ff040bdc
2024-07-19 01:15:10.867749 INFO  BF_MC Write LAG node at addr 0x40be with id 255 and next node 0x40bf 0x0000_00000000ff040bfc
2024-07-19 01:15:10.867753 INFO  BF_MC Write LAG node at addr 0x40bf with id 255 and next node 0x40c0 0x00ff_040c0c00ff040bfc
2024-07-19 01:15:10.867757 INFO  BF_MC Write LAG node at addr 0x40c0 with id 255 and next node 0x40c1 0x0000_00000000ff040c1c
2024-07-19 01:15:10.867761 INFO  BF_MC Write LAG node at addr 0x40c1 with id 255 and next node 0x40c2 0x00ff_040c2c00ff040c1c
2024-07-19 01:15:10.867765 INFO  BF_MC Write LAG node at addr 0x40c2 with id 255 and next node 0x40c3 0x0000_00000000ff040c3c
2024-07-19 01:15:10.867769 INFO  BF_MC Write LAG node at addr 0x40c3 with id 255 and next node 0x40c4 0x00ff_040c4c00ff040c3c
2024-07-19 01:15:10.867774 INFO  BF_MC Write LAG node at addr 0x40c4 with id 255 and next node 0x40c5 0x0000_00000000ff040c5c
2024-07-19 01:15:10.867778 INFO  BF_MC Write LAG node at addr 0x40c5 with id 255 and next node 0x40c6 0x00ff_040c6c00ff040c5c
2024-07-19 01:15:10.867782 INFO  BF_MC Write LAG node at addr 0x40c6 with id 255 and next node 0x40c7 0x0000_00000000ff040c7c
2024-07-19 01:15:10.867785 INFO  BF_MC Write LAG node at addr 0x40c7 with id 255 and next node 0x40c8 0x00ff_040c8c00ff040c7c
2024-07-19 01:15:10.867790 INFO  BF_MC Write LAG node at addr 0x40c8 with id 255 and next node 0x40c9 0x0000_00000000ff040c9c
2024-07-19 01:15:10.867794 INFO  BF_MC Write LAG node at addr 0x40c9 with id 255 and next node 0x40ca 0x00ff_040cac00ff040c9c
2024-07-19 01:15:10.867798 INFO  BF_MC Write LAG node at addr 0x40ca with id 255 and next node 0x40cb 0x0000_00000000ff040cbc
2024-07-19 01:15:10.867802 INFO  BF_MC Write LAG node at addr 0x40cb with id 255 and next node 0x40cc 0x00ff_040ccc00ff040cbc
2024-07-19 01:15:10.867806 INFO  BF_MC Write LAG node at addr 0x40cc with id 255 and next node 0x40cd 0x0000_00000000ff040cdc
2024-07-19 01:15:10.867810 INFO  BF_MC Write LAG node at addr 0x40cd with id 255 and next node 0x40ce 0x00ff_040cec00ff040cdc
2024-07-19 01:15:10.867814 INFO  BF_MC Write LAG node at addr 0x40ce with id 255 and next node 0x40cf 0x0000_00000000ff040cfc
2024-07-19 01:15:10.867823 INFO  BF_MC Write LAG node at addr 0x40cf with id 255 and next node 0x40d0 0x00ff_040d0c00ff040cfc
2024-07-19 01:15:10.867827 INFO  BF_MC Write LAG node at addr 0x40d0 with id 255 and next node 0x40d1 0x0000_00000000ff040d1c
2024-07-19 01:15:10.867831 INFO  BF_MC Write LAG node at addr 0x40d1 with id 255 and next node 0x40d2 0x00ff_040d2c00ff040d1c
2024-07-19 01:15:10.867835 INFO  BF_MC Write LAG node at addr 0x40d2 with id 255 and next node 0x40d3 0x0000_00000000ff040d3c
2024-07-19 01:15:10.867839 INFO  BF_MC Write LAG node at addr 0x40d3 with id 255 and next node 0x40d4 0x00ff_040d4c00ff040d3c
2024-07-19 01:15:10.867843 INFO  BF_MC Write LAG node at addr 0x40d4 with id 255 and next node 0x40d5 0x0000_00000000ff040d5c
2024-07-19 01:15:10.867847 INFO  BF_MC Write LAG node at addr 0x40d5 with id 255 and next node 0x40d6 0x00ff_040d6c00ff040d5c
2024-07-19 01:15:10.867851 INFO  BF_MC Write LAG node at addr 0x40d6 with id 255 and next node 0x40d7 0x0000_00000000ff040d7c
2024-07-19 01:15:10.867855 INFO  BF_MC Write LAG node at addr 0x40d7 with id 255 and next node 0x40d8 0x00ff_040d8c00ff040d7c
2024-07-19 01:15:10.867859 INFO  BF_MC Write LAG node at addr 0x40d8 with id 255 and next node 0x40d9 0x0000_00000000ff040d9c
2024-07-19 01:15:10.867863 INFO  BF_MC Write LAG node at addr 0x40d9 with id 255 and next node 0x40da 0x00ff_040dac00ff040d9c
2024-07-19 01:15:10.867867 INFO  BF_MC Write LAG node at addr 0x40da with id 255 and next node 0x40db 0x0000_00000000ff040dbc
2024-07-19 01:15:10.867871 INFO  BF_MC Write LAG node at addr 0x40db with id 255 and next node 0x40dc 0x00ff_040dcc00ff040dbc
2024-07-19 01:15:10.867875 INFO  BF_MC Write LAG node at addr 0x40dc with id 255 and next node 0x40dd 0x0000_00000000ff040ddc
2024-07-19 01:15:10.867879 INFO  BF_MC Write LAG node at addr 0x40dd with id 255 and next node 0x40de 0x00ff_040dec00ff040ddc
2024-07-19 01:15:10.867883 INFO  BF_MC Write LAG node at addr 0x40de with id 255 and next node 0x40df 0x0000_00000000ff040dfc
2024-07-19 01:15:10.867887 INFO  BF_MC Write LAG node at addr 0x40df with id 255 and next node 0x40e0 0x00ff_040e0c00ff040dfc
2024-07-19 01:15:10.867891 INFO  BF_MC Write LAG node at addr 0x40e0 with id 255 and next node 0x40e1 0x0000_00000000ff040e1c
2024-07-19 01:15:10.867895 INFO  BF_MC Write LAG node at addr 0x40e1 with id 255 and next node 0x40e2 0x00ff_040e2c00ff040e1c
2024-07-19 01:15:10.867899 INFO  BF_MC Write LAG node at addr 0x40e2 with id 255 and next node 0x40e3 0x0000_00000000ff040e3c
2024-07-19 01:15:10.867903 INFO  BF_MC Write LAG node at addr 0x40e3 with id 255 and next node 0x40e4 0x00ff_040e4c00ff040e3c
2024-07-19 01:15:10.867907 INFO  BF_MC Write LAG node at addr 0x40e4 with id 255 and next node 0x40e5 0x0000_00000000ff040e5c
2024-07-19 01:15:10.867911 INFO  BF_MC Write LAG node at addr 0x40e5 with id 255 and next node 0x40e6 0x00ff_040e6c00ff040e5c
2024-07-19 01:15:10.867915 INFO  BF_MC Write LAG node at addr 0x40e6 with id 255 and next node 0x40e7 0x0000_00000000ff040e7c
2024-07-19 01:15:10.867919 INFO  BF_MC Write LAG node at addr 0x40e7 with id 255 and next node 0x40e8 0x00ff_040e8c00ff040e7c
2024-07-19 01:15:10.867923 INFO  BF_MC Write LAG node at addr 0x40e8 with id 255 and next node 0x40e9 0x0000_00000000ff040e9c
2024-07-19 01:15:10.867927 INFO  BF_MC Write LAG node at addr 0x40e9 with id 255 and next node 0x40ea 0x00ff_040eac00ff040e9c
2024-07-19 01:15:10.867931 INFO  BF_MC Write LAG node at addr 0x40ea with id 255 and next node 0x40eb 0x0000_00000000ff040ebc
2024-07-19 01:15:10.867935 INFO  BF_MC Write LAG node at addr 0x40eb with id 255 and next node 0x40ec 0x00ff_040ecc00ff040ebc
2024-07-19 01:15:10.867939 INFO  BF_MC Write LAG node at addr 0x40ec with id 255 and next node 0x40ed 0x0000_00000000ff040edc
2024-07-19 01:15:10.867943 INFO  BF_MC Write LAG node at addr 0x40ed with id 255 and next node 0x40ee 0x00ff_040eec00ff040edc
2024-07-19 01:15:10.867947 INFO  BF_MC Write LAG node at addr 0x40ee with id 255 and next node 0x40ef 0x0000_00000000ff040efc
2024-07-19 01:15:10.867952 INFO  BF_MC Write LAG node at addr 0x40ef with id 255 and next node 0x40f0 0x00ff_040f0c00ff040efc
2024-07-19 01:15:10.867959 INFO  BF_MC Write LAG node at addr 0x40f0 with id 255 and next node 0x40f1 0x0000_00000000ff040f1c
2024-07-19 01:15:10.867963 INFO  BF_MC Write LAG node at addr 0x40f1 with id 255 and next node 0x40f2 0x00ff_040f2c00ff040f1c
2024-07-19 01:15:10.867967 INFO  BF_MC Write LAG node at addr 0x40f2 with id 255 and next node 0x40f3 0x0000_00000000ff040f3c
2024-07-19 01:15:10.867971 INFO  BF_MC Write LAG node at addr 0x40f3 with id 255 and next node 0x40f4 0x00ff_040f4c00ff040f3c
2024-07-19 01:15:10.867975 INFO  BF_MC Write LAG node at addr 0x40f4 with id 255 and next node 0x40f5 0x0000_00000000ff040f5c
2024-07-19 01:15:10.867981 INFO  BF_MC Write LAG node at addr 0x40f5 with id 255 and next node 0x40f6 0x00ff_040f6c00ff040f5c
2024-07-19 01:15:10.867987 INFO  BF_MC Write LAG node at addr 0x40f6 with id 255 and next node 0x40f7 0x0000_00000000ff040f7c
2024-07-19 01:15:10.867991 INFO  BF_MC Write LAG node at addr 0x40f7 with id 255 and next node 0x40f8 0x00ff_040f8c00ff040f7c
2024-07-19 01:15:10.867995 INFO  BF_MC Write LAG node at addr 0x40f8 with id 255 and next node 0x40f9 0x0000_00000000ff040f9c
2024-07-19 01:15:10.867999 INFO  BF_MC Write LAG node at addr 0x40f9 with id 255 and next node 0x40fa 0x00ff_040fac00ff040f9c
2024-07-19 01:15:10.868003 INFO  BF_MC Write LAG node at addr 0x40fa with id 255 and next node 0x40fb 0x0000_00000000ff040fbc
2024-07-19 01:15:10.868007 INFO  BF_MC Write LAG node at addr 0x40fb with id 255 and next node 0x40fc 0x00ff_040fcc00ff040fbc
2024-07-19 01:15:10.868011 INFO  BF_MC Write LAG node at addr 0x40fc with id 255 and next node 0x40fd 0x0000_00000000ff040fdc
2024-07-19 01:15:10.868015 INFO  BF_MC Write LAG node at addr 0x40fd with id 255 and next node 0x40fe 0x00ff_040fec00ff040fdc
2024-07-19 01:15:10.868019 INFO  BF_MC Write LAG node at addr 0x40fe with id 255 and next node 0x40ff 0x0000_00000000ff040ffc
2024-07-19 01:15:10.868023 INFO  BF_MC Write LAG node at addr 0x40ff with id 255 and next node 0x4100 0x00ff_04100c00ff040ffc
2024-07-19 01:15:10.868027 INFO  BF_MC Write LAG node at addr 0x4100 with id 255 and next node 0x4101 0x0000_00000000ff04101c
2024-07-19 01:15:10.868031 INFO  BF_MC Write LAG node at addr 0x4101 with id 255 and next node 0x4102 0x00ff_04102c00ff04101c
2024-07-19 01:15:10.868035 INFO  BF_MC Write LAG node at addr 0x4102 with id 255 and next node 0x4103 0x0000_00000000ff04103c
2024-07-19 01:15:10.868039 INFO  BF_MC Write LAG node at addr 0x4103 with id 255 and next node 0 0x00ff_00000c00ff04103c
2024-07-19 01:15:10.868044 INFO  BF_MC Allocated RDM addresses 0x20 - 0x3f
2024-07-19 01:15:10.868048 INFO  BF_MC Write L1End node at addr 0x20, rid 0, l2 0x4101
2024-07-19 01:15:10.868052 INFO  BF_MC Write L1End node at addr 0x21, rid 0, l2 0x4100
2024-07-19 01:15:10.868056 INFO  BF_MC Write L1End node at addr 0x22, rid 0, l2 0x40ff
2024-07-19 01:15:10.868060 INFO  BF_MC Write L1End node at addr 0x23, rid 0, l2 0x40fe
2024-07-19 01:15:10.868063 INFO  BF_MC Write L1End node at addr 0x24, rid 0, l2 0x40fd
2024-07-19 01:15:10.868067 INFO  BF_MC Write L1End node at addr 0x25, rid 0, l2 0x40fc
2024-07-19 01:15:10.868071 INFO  BF_MC Write L1End node at addr 0x26, rid 0, l2 0x40fb
2024-07-19 01:15:10.868075 INFO  BF_MC Write L1End node at addr 0x27, rid 0, l2 0x40fa
2024-07-19 01:15:10.868079 INFO  BF_MC Write L1End node at addr 0x28, rid 0, l2 0x40f8
2024-07-19 01:15:10.868082 INFO  BF_MC Write L1End node at addr 0x29, rid 0, l2 0x40f6
2024-07-19 01:15:10.868087 INFO  BF_MC Write L1End node at addr 0x2a, rid 0, l2 0x40f4
2024-07-19 01:15:10.868092 INFO  BF_MC Write L1End node at addr 0x2b, rid 0, l2 0x40f2
2024-07-19 01:15:10.868095 INFO  BF_MC Write L1End node at addr 0x2c, rid 0, l2 0x40f0
2024-07-19 01:15:10.868099 INFO  BF_MC Write L1End node at addr 0x2d, rid 0, l2 0x40ee
2024-07-19 01:15:10.868103 INFO  BF_MC Write L1End node at addr 0x2e, rid 0, l2 0x40ec
2024-07-19 01:15:10.868107 INFO  BF_MC Write L1End node at addr 0x2f, rid 0, l2 0x40ea
2024-07-19 01:15:10.868113 INFO  BF_MC Write L1End node at addr 0x30, rid 0, l2 0x40e8
2024-07-19 01:15:10.868117 INFO  BF_MC Write L1End node at addr 0x31, rid 0, l2 0x40e6
2024-07-19 01:15:10.868120 INFO  BF_MC Write L1End node at addr 0x32, rid 0, l2 0x40e4
2024-07-19 01:15:10.868125 INFO  BF_MC Write L1End node at addr 0x33, rid 0, l2 0x40e0
2024-07-19 01:15:10.868128 INFO  BF_MC Write L1End node at addr 0x34, rid 0, l2 0x40dc
2024-07-19 01:15:10.868132 INFO  BF_MC Write L1End node at addr 0x35, rid 0, l2 0x40d8
2024-07-19 01:15:10.868135 INFO  BF_MC Write L1End node at addr 0x36, rid 0, l2 0x40d4
2024-07-19 01:15:10.868140 INFO  BF_MC Write L1End node at addr 0x37, rid 0, l2 0x40cc
2024-07-19 01:15:10.868143 INFO  BF_MC Write L1End node at addr 0x38, rid 0, l2 0x40c4
2024-07-19 01:15:10.868147 INFO  BF_MC Write L1End node at addr 0x39, rid 0, l2 0x40bc
2024-07-19 01:15:10.868151 INFO  BF_MC Write L1End node at addr 0x3a, rid 0, l2 0x40a0
2024-07-19 01:15:10.868155 INFO  BF_MC Write L1End node at addr 0x3b, rid 0, l2 0x4087
2024-07-19 01:15:10.868158 INFO  BF_MC Write L1End node at addr 0x3c, rid 0, l2 0x406e
2024-07-19 01:15:10.868162 INFO  BF_MC Write L1End node at addr 0x3d, rid 0, l2 0x4055
2024-07-19 01:15:10.868166 INFO  BF_MC Write L1End node at addr 0x3e, rid 0, l2 0x403c
2024-07-19 01:15:10.868170 INFO  BF_MC Write L1End node at addr 0x3f, rid 0, l2 0x4000
2024-07-19 01:15:10.868175 INFO  BF_MC Allocated RDM addresses 0x5000 - 0x5103
2024-07-19 01:15:10.868179 INFO  BF_MC Write LAG node at addr 0x5000 with id 255 and next node 0x5001 0x0000_00000000ff05001c
2024-07-19 01:15:10.868183 INFO  BF_MC Write LAG node at addr 0x5001 with id 255 and next node 0x5002 0x00ff_05002c00ff05001c
2024-07-19 01:15:10.868187 INFO  BF_MC Write LAG node at addr 0x5002 with id 255 and next node 0x5003 0x0000_00000000ff05003c
2024-07-19 01:15:10.868191 INFO  BF_MC Write LAG node at addr 0x5003 with id 255 and next node 0x5004 0x00ff_05004c00ff05003c
2024-07-19 01:15:10.868195 INFO  BF_MC Write LAG node at addr 0x5004 with id 255 and next node 0x5005 0x0000_00000000ff05005c
2024-07-19 01:15:10.868199 INFO  BF_MC Write LAG node at addr 0x5005 with id 255 and next node 0x5006 0x00ff_05006c00ff05005c
2024-07-19 01:15:10.868203 INFO  BF_MC Write LAG node at addr 0x5006 with id 255 and next node 0x5007 0x0000_00000000ff05007c
2024-07-19 01:15:10.868207 INFO  BF_MC Write LAG node at addr 0x5007 with id 255 and next node 0x5008 0x00ff_05008c00ff05007c
2024-07-19 01:15:10.868211 INFO  BF_MC Write LAG node at addr 0x5008 with id 255 and next node 0x5009 0x0000_00000000ff05009c
2024-07-19 01:15:10.868216 INFO  BF_MC Write LAG node at addr 0x5009 with id 255 and next node 0x500a 0x00ff_0500ac00ff05009c
2024-07-19 01:15:10.868221 INFO  BF_MC Write LAG node at addr 0x500a with id 255 and next node 0x500b 0x0000_00000000ff0500bc
2024-07-19 01:15:10.868224 INFO  BF_MC Write LAG node at addr 0x500b with id 255 and next node 0x500c 0x00ff_0500cc00ff0500bc
2024-07-19 01:15:10.868228 INFO  BF_MC Write LAG node at addr 0x500c with id 255 and next node 0x500d 0x0000_00000000ff0500dc
2024-07-19 01:15:10.868232 INFO  BF_MC Write LAG node at addr 0x500d with id 255 and next node 0x500e 0x00ff_0500ec00ff0500dc
2024-07-19 01:15:10.868237 INFO  BF_MC Write LAG node at addr 0x500e with id 255 and next node 0x500f 0x0000_00000000ff0500fc
2024-07-19 01:15:10.868240 INFO  BF_MC Write LAG node at addr 0x500f with id 255 and next node 0x5010 0x00ff_05010c00ff0500fc
2024-07-19 01:15:10.868244 INFO  BF_MC Write LAG node at addr 0x5010 with id 255 and next node 0x5011 0x0000_00000000ff05011c
2024-07-19 01:15:10.868248 INFO  BF_MC Write LAG node at addr 0x5011 with id 255 and next node 0x5012 0x00ff_05012c00ff05011c
2024-07-19 01:15:10.868253 INFO  BF_MC Write LAG node at addr 0x5012 with id 255 and next node 0x5013 0x0000_00000000ff05013c
2024-07-19 01:15:10.868257 INFO  BF_MC Write LAG node at addr 0x5013 with id 255 and next node 0x5014 0x00ff_05014c00ff05013c
2024-07-19 01:15:10.868260 INFO  BF_MC Write LAG node at addr 0x5014 with id 255 and next node 0x5015 0x0000_00000000ff05015c
2024-07-19 01:15:10.868267 INFO  BF_MC Write LAG node at addr 0x5015 with id 255 and next node 0x5016 0x00ff_05016c00ff05015c
2024-07-19 01:15:10.868271 INFO  BF_MC Write LAG node at addr 0x5016 with id 255 and next node 0x5017 0x0000_00000000ff05017c
2024-07-19 01:15:10.868275 INFO  BF_MC Write LAG node at addr 0x5017 with id 255 and next node 0x5018 0x00ff_05018c00ff05017c
2024-07-19 01:15:10.868279 INFO  BF_MC Write LAG node at addr 0x5018 with id 255 and next node 0x5019 0x0000_00000000ff05019c
2024-07-19 01:15:10.868283 INFO  BF_MC Write LAG node at addr 0x5019 with id 255 and next node 0x501a 0x00ff_0501ac00ff05019c
2024-07-19 01:15:10.868288 INFO  BF_MC Write LAG node at addr 0x501a with id 255 and next node 0x501b 0x0000_00000000ff0501bc
2024-07-19 01:15:10.868291 INFO  BF_MC Write LAG node at addr 0x501b with id 255 and next node 0x501c 0x00ff_0501cc00ff0501bc
2024-07-19 01:15:10.868295 INFO  BF_MC Write LAG node at addr 0x501c with id 255 and next node 0x501d 0x0000_00000000ff0501dc
2024-07-19 01:15:10.868299 INFO  BF_MC Write LAG node at addr 0x501d with id 255 and next node 0x501e 0x00ff_0501ec00ff0501dc
2024-07-19 01:15:10.868303 INFO  BF_MC Write LAG node at addr 0x501e with id 255 and next node 0x501f 0x0000_00000000ff0501fc
2024-07-19 01:15:10.868307 INFO  BF_MC Write LAG node at addr 0x501f with id 255 and next node 0x5020 0x00ff_05020c00ff0501fc
2024-07-19 01:15:10.868311 INFO  BF_MC Write LAG node at addr 0x5020 with id 255 and next node 0x5021 0x0000_00000000ff05021c
2024-07-19 01:15:10.868315 INFO  BF_MC Write LAG node at addr 0x5021 with id 255 and next node 0x5022 0x00ff_05022c00ff05021c
2024-07-19 01:15:10.868319 INFO  BF_MC Write LAG node at addr 0x5022 with id 255 and next node 0x5023 0x0000_00000000ff05023c
2024-07-19 01:15:10.868323 INFO  BF_MC Write LAG node at addr 0x5023 with id 255 and next node 0x5024 0x00ff_05024c00ff05023c
2024-07-19 01:15:10.868327 INFO  BF_MC Write LAG node at addr 0x5024 with id 255 and next node 0x5025 0x0000_00000000ff05025c
2024-07-19 01:15:10.868331 INFO  BF_MC Write LAG node at addr 0x5025 with id 255 and next node 0x5026 0x00ff_05026c00ff05025c
2024-07-19 01:15:10.868339 INFO  BF_MC Write LAG node at addr 0x5026 with id 255 and next node 0x5027 0x0000_00000000ff05027c
2024-07-19 01:15:10.868344 INFO  BF_MC Write LAG node at addr 0x5027 with id 255 and next node 0x5028 0x00ff_05028c00ff05027c
2024-07-19 01:15:10.868348 INFO  BF_MC Write LAG node at addr 0x5028 with id 255 and next node 0x5029 0x0000_00000000ff05029c
2024-07-19 01:15:10.868353 INFO  BF_MC Write LAG node at addr 0x5029 with id 255 and next node 0x502a 0x00ff_0502ac00ff05029c
2024-07-19 01:15:10.868357 INFO  BF_MC Write LAG node at addr 0x502a with id 255 and next node 0x502b 0x0000_00000000ff0502bc
2024-07-19 01:15:10.868361 INFO  BF_MC Write LAG node at addr 0x502b with id 255 and next node 0x502c 0x00ff_0502cc00ff0502bc
2024-07-19 01:15:10.868365 INFO  BF_MC Write LAG node at addr 0x502c with id 255 and next node 0x502d 0x0000_00000000ff0502dc
2024-07-19 01:15:10.868369 INFO  BF_MC Write LAG node at addr 0x502d with id 255 and next node 0x502e 0x00ff_0502ec00ff0502dc
2024-07-19 01:15:10.868373 INFO  BF_MC Write LAG node at addr 0x502e with id 255 and next node 0x502f 0x0000_00000000ff0502fc
2024-07-19 01:15:10.868377 INFO  BF_MC Write LAG node at addr 0x502f with id 255 and next node 0x5030 0x00ff_05030c00ff0502fc
2024-07-19 01:15:10.868381 INFO  BF_MC Write LAG node at addr 0x5030 with id 255 and next node 0x5031 0x0000_00000000ff05031c
2024-07-19 01:15:10.868385 INFO  BF_MC Write LAG node at addr 0x5031 with id 255 and next node 0x5032 0x00ff_05032c00ff05031c
2024-07-19 01:15:10.868389 INFO  BF_MC Write LAG node at addr 0x5032 with id 255 and next node 0x5033 0x0000_00000000ff05033c
2024-07-19 01:15:10.868393 INFO  BF_MC Write LAG node at addr 0x5033 with id 255 and next node 0x5034 0x00ff_05034c00ff05033c
2024-07-19 01:15:10.868397 INFO  BF_MC Write LAG node at addr 0x5034 with id 255 and next node 0x5035 0x0000_00000000ff05035c
2024-07-19 01:15:10.868401 INFO  BF_MC Write LAG node at addr 0x5035 with id 255 and next node 0x5036 0x00ff_05036c00ff05035c
2024-07-19 01:15:10.868408 INFO  BF_MC Write LAG node at addr 0x5036 with id 255 and next node 0x5037 0x0000_00000000ff05037c
2024-07-19 01:15:10.868412 INFO  BF_MC Write LAG node at addr 0x5037 with id 255 and next node 0x5038 0x00ff_05038c00ff05037c
2024-07-19 01:15:10.868416 INFO  BF_MC Write LAG node at addr 0x5038 with id 255 and next node 0x5039 0x0000_00000000ff05039c
2024-07-19 01:15:10.868426 INFO  BF_MC Write LAG node at addr 0x5039 with id 255 and next node 0x503a 0x00ff_0503ac00ff05039c
2024-07-19 01:15:10.868431 INFO  BF_MC Write LAG node at addr 0x503a with id 255 and next node 0x503b 0x0000_00000000ff0503bc
2024-07-19 01:15:10.868435 INFO  BF_MC Write LAG node at addr 0x503b with id 255 and next node 0x503c 0x00ff_0503cc00ff0503bc
2024-07-19 01:15:10.868439 INFO  BF_MC Write LAG node at addr 0x503c with id 255 and next node 0x503d 0x0000_00000000ff0503dc
2024-07-19 01:15:10.868443 INFO  BF_MC Write LAG node at addr 0x503d with id 255 and next node 0x503e 0x00ff_0503ec00ff0503dc
2024-07-19 01:15:10.868448 INFO  BF_MC Write LAG node at addr 0x503e with id 255 and next node 0x503f 0x0000_00000000ff0503fc
2024-07-19 01:15:10.868452 INFO  BF_MC Write LAG node at addr 0x503f with id 255 and next node 0x5040 0x00ff_05040c00ff0503fc
2024-07-19 01:15:10.868456 INFO  BF_MC Write LAG node at addr 0x5040 with id 255 and next node 0x5041 0x0000_00000000ff05041c
2024-07-19 01:15:10.868460 INFO  BF_MC Write LAG node at addr 0x5041 with id 255 and next node 0x5042 0x00ff_05042c00ff05041c
2024-07-19 01:15:10.868464 INFO  BF_MC Write LAG node at addr 0x5042 with id 255 and next node 0x5043 0x0000_00000000ff05043c
2024-07-19 01:15:10.868468 INFO  BF_MC Write LAG node at addr 0x5043 with id 255 and next node 0x5044 0x00ff_05044c00ff05043c
2024-07-19 01:15:10.868472 INFO  BF_MC Write LAG node at addr 0x5044 with id 255 and next node 0x5045 0x0000_00000000ff05045c
2024-07-19 01:15:10.868476 INFO  BF_MC Write LAG node at addr 0x5045 with id 255 and next node 0x5046 0x00ff_05046c00ff05045c
2024-07-19 01:15:10.868481 INFO  BF_MC Write LAG node at addr 0x5046 with id 255 and next node 0x5047 0x0000_00000000ff05047c
2024-07-19 01:15:10.868485 INFO  BF_MC Write LAG node at addr 0x5047 with id 255 and next node 0x5048 0x00ff_05048c00ff05047c
2024-07-19 01:15:10.868489 INFO  BF_MC Write LAG node at addr 0x5048 with id 255 and next node 0x5049 0x0000_00000000ff05049c
2024-07-19 01:15:10.868494 INFO  BF_MC Write LAG node at addr 0x5049 with id 255 and next node 0x504a 0x00ff_0504ac00ff05049c
2024-07-19 01:15:10.868498 INFO  BF_MC Write LAG node at addr 0x504a with id 255 and next node 0x504b 0x0000_00000000ff0504bc
2024-07-19 01:15:10.868502 INFO  BF_MC Write LAG node at addr 0x504b with id 255 and next node 0x504c 0x00ff_0504cc00ff0504bc
2024-07-19 01:15:10.868506 INFO  BF_MC Write LAG node at addr 0x504c with id 255 and next node 0x504d 0x0000_00000000ff0504dc
2024-07-19 01:15:10.868510 INFO  BF_MC Write LAG node at addr 0x504d with id 255 and next node 0x504e 0x00ff_0504ec00ff0504dc
2024-07-19 01:15:10.868514 INFO  BF_MC Write LAG node at addr 0x504e with id 255 and next node 0x504f 0x0000_00000000ff0504fc
2024-07-19 01:15:10.868518 INFO  BF_MC Write LAG node at addr 0x504f with id 255 and next node 0x5050 0x00ff_05050c00ff0504fc
2024-07-19 01:15:10.868522 INFO  BF_MC Write LAG node at addr 0x5050 with id 255 and next node 0x5051 0x0000_00000000ff05051c
2024-07-19 01:15:10.868526 INFO  BF_MC Write LAG node at addr 0x5051 with id 255 and next node 0x5052 0x00ff_05052c00ff05051c
2024-07-19 01:15:10.868530 INFO  BF_MC Write LAG node at addr 0x5052 with id 255 and next node 0x5053 0x0000_00000000ff05053c
2024-07-19 01:15:10.868534 INFO  BF_MC Write LAG node at addr 0x5053 with id 255 and next node 0x5054 0x00ff_05054c00ff05053c
2024-07-19 01:15:10.868538 INFO  BF_MC Write LAG node at addr 0x5054 with id 255 and next node 0x5055 0x0000_00000000ff05055c
2024-07-19 01:15:10.868541 INFO  BF_MC Write LAG node at addr 0x5055 with id 255 and next node 0x5056 0x00ff_05056c00ff05055c
2024-07-19 01:15:10.868548 INFO  BF_MC Write LAG node at addr 0x5056 with id 255 and next node 0x5057 0x0000_00000000ff05057c
2024-07-19 01:15:10.868552 INFO  BF_MC Write LAG node at addr 0x5057 with id 255 and next node 0x5058 0x00ff_05058c00ff05057c
2024-07-19 01:15:10.868556 INFO  BF_MC Write LAG node at addr 0x5058 with id 255 and next node 0x5059 0x0000_00000000ff05059c
2024-07-19 01:15:10.868560 INFO  BF_MC Write LAG node at addr 0x5059 with id 255 and next node 0x505a 0x00ff_0505ac00ff05059c
2024-07-19 01:15:10.868565 INFO  BF_MC Write LAG node at addr 0x505a with id 255 and next node 0x505b 0x0000_00000000ff0505bc
2024-07-19 01:15:10.868568 INFO  BF_MC Write LAG node at addr 0x505b with id 255 and next node 0x505c 0x00ff_0505cc00ff0505bc
2024-07-19 01:15:10.868572 INFO  BF_MC Write LAG node at addr 0x505c with id 255 and next node 0x505d 0x0000_00000000ff0505dc
2024-07-19 01:15:10.868576 INFO  BF_MC Write LAG node at addr 0x505d with id 255 and next node 0x505e 0x00ff_0505ec00ff0505dc
2024-07-19 01:15:10.868580 INFO  BF_MC Write LAG node at addr 0x505e with id 255 and next node 0x505f 0x0000_00000000ff0505fc
2024-07-19 01:15:10.868584 INFO  BF_MC Write LAG node at addr 0x505f with id 255 and next node 0x5060 0x00ff_05060c00ff0505fc
2024-07-19 01:15:10.868588 INFO  BF_MC Write LAG node at addr 0x5060 with id 255 and next node 0x5061 0x0000_00000000ff05061c
2024-07-19 01:15:10.868592 INFO  BF_MC Write LAG node at addr 0x5061 with id 255 and next node 0x5062 0x00ff_05062c00ff05061c
2024-07-19 01:15:10.868597 INFO  BF_MC Write LAG node at addr 0x5062 with id 255 and next node 0x5063 0x0000_00000000ff05063c
2024-07-19 01:15:10.868600 INFO  BF_MC Write LAG node at addr 0x5063 with id 255 and next node 0x5064 0x00ff_05064c00ff05063c
2024-07-19 01:15:10.868604 INFO  BF_MC Write LAG node at addr 0x5064 with id 255 and next node 0x5065 0x0000_00000000ff05065c
2024-07-19 01:15:10.868608 INFO  BF_MC Write LAG node at addr 0x5065 with id 255 and next node 0x5066 0x00ff_05066c00ff05065c
2024-07-19 01:15:10.868613 INFO  BF_MC Write LAG node at addr 0x5066 with id 255 and next node 0x5067 0x0000_00000000ff05067c
2024-07-19 01:15:10.868617 INFO  BF_MC Write LAG node at addr 0x5067 with id 255 and next node 0x5068 0x00ff_05068c00ff05067c
2024-07-19 01:15:10.868620 INFO  BF_MC Write LAG node at addr 0x5068 with id 255 and next node 0x5069 0x0000_00000000ff05069c
2024-07-19 01:15:10.868625 INFO  BF_MC Write LAG node at addr 0x5069 with id 255 and next node 0x506a 0x00ff_0506ac00ff05069c
2024-07-19 01:15:10.868630 INFO  BF_MC Write LAG node at addr 0x506a with id 255 and next node 0x506b 0x0000_00000000ff0506bc
2024-07-19 01:15:10.868634 INFO  BF_MC Write LAG node at addr 0x506b with id 255 and next node 0x506c 0x00ff_0506cc00ff0506bc
2024-07-19 01:15:10.868638 INFO  BF_MC Write LAG node at addr 0x506c with id 255 and next node 0x506d 0x0000_00000000ff0506dc
2024-07-19 01:15:10.868642 INFO  BF_MC Write LAG node at addr 0x506d with id 255 and next node 0x506e 0x00ff_0506ec00ff0506dc
2024-07-19 01:15:10.868646 INFO  BF_MC Write LAG node at addr 0x506e with id 255 and next node 0x506f 0x0000_00000000ff0506fc
2024-07-19 01:15:10.868650 INFO  BF_MC Write LAG node at addr 0x506f with id 255 and next node 0x5070 0x00ff_05070c00ff0506fc
2024-07-19 01:15:10.868654 INFO  BF_MC Write LAG node at addr 0x5070 with id 255 and next node 0x5071 0x0000_00000000ff05071c
2024-07-19 01:15:10.868658 INFO  BF_MC Write LAG node at addr 0x5071 with id 255 and next node 0x5072 0x00ff_05072c00ff05071c
2024-07-19 01:15:10.868663 INFO  BF_MC Write LAG node at addr 0x5072 with id 255 and next node 0x5073 0x0000_00000000ff05073c
2024-07-19 01:15:10.868667 INFO  BF_MC Write LAG node at addr 0x5073 with id 255 and next node 0x5074 0x00ff_05074c00ff05073c
2024-07-19 01:15:10.868670 INFO  BF_MC Write LAG node at addr 0x5074 with id 255 and next node 0x5075 0x0000_00000000ff05075c
2024-07-19 01:15:10.868674 INFO  BF_MC Write LAG node at addr 0x5075 with id 255 and next node 0x5076 0x00ff_05076c00ff05075c
2024-07-19 01:15:10.868679 INFO  BF_MC Write LAG node at addr 0x5076 with id 255 and next node 0x5077 0x0000_00000000ff05077c
2024-07-19 01:15:10.868685 INFO  BF_MC Write LAG node at addr 0x5077 with id 255 and next node 0x5078 0x00ff_05078c00ff05077c
2024-07-19 01:15:10.868690 INFO  BF_MC Write LAG node at addr 0x5078 with id 255 and next node 0x5079 0x0000_00000000ff05079c
2024-07-19 01:15:10.868696 INFO  BF_MC Write LAG node at addr 0x5079 with id 255 and next node 0x507a 0x00ff_0507ac00ff05079c
2024-07-19 01:15:10.868701 INFO  BF_MC Write LAG node at addr 0x507a with id 255 and next node 0x507b 0x0000_00000000ff0507bc
2024-07-19 01:15:10.868705 INFO  BF_MC Write LAG node at addr 0x507b with id 255 and next node 0x507c 0x00ff_0507cc00ff0507bc
2024-07-19 01:15:10.868709 INFO  BF_MC Write LAG node at addr 0x507c with id 255 and next node 0x507d 0x0000_00000000ff0507dc
2024-07-19 01:15:10.868713 INFO  BF_MC Write LAG node at addr 0x507d with id 255 and next node 0x507e 0x00ff_0507ec00ff0507dc
2024-07-19 01:15:10.868717 INFO  BF_MC Write LAG node at addr 0x507e with id 255 and next node 0x507f 0x0000_00000000ff0507fc
2024-07-19 01:15:10.868721 INFO  BF_MC Write LAG node at addr 0x507f with id 255 and next node 0x5080 0x00ff_05080c00ff0507fc
2024-07-19 01:15:10.868725 INFO  BF_MC Write LAG node at addr 0x5080 with id 255 and next node 0x5081 0x0000_00000000ff05081c
2024-07-19 01:15:10.868729 INFO  BF_MC Write LAG node at addr 0x5081 with id 255 and next node 0x5082 0x00ff_05082c00ff05081c
2024-07-19 01:15:10.868734 INFO  BF_MC Write LAG node at addr 0x5082 with id 255 and next node 0x5083 0x0000_00000000ff05083c
2024-07-19 01:15:10.868737 INFO  BF_MC Write LAG node at addr 0x5083 with id 255 and next node 0x5084 0x00ff_05084c00ff05083c
2024-07-19 01:15:10.868741 INFO  BF_MC Write LAG node at addr 0x5084 with id 255 and next node 0x5085 0x0000_00000000ff05085c
2024-07-19 01:15:10.868745 INFO  BF_MC Write LAG node at addr 0x5085 with id 255 and next node 0x5086 0x00ff_05086c00ff05085c
2024-07-19 01:15:10.868750 INFO  BF_MC Write LAG node at addr 0x5086 with id 255 and next node 0x5087 0x0000_00000000ff05087c
2024-07-19 01:15:10.868754 INFO  BF_MC Write LAG node at addr 0x5087 with id 255 and next node 0x5088 0x00ff_05088c00ff05087c
2024-07-19 01:15:10.868757 INFO  BF_MC Write LAG node at addr 0x5088 with id 255 and next node 0x5089 0x0000_00000000ff05089c
2024-07-19 01:15:10.868763 INFO  BF_MC Write LAG node at addr 0x5089 with id 255 and next node 0x508a 0x00ff_0508ac00ff05089c
2024-07-19 01:15:10.868767 INFO  BF_MC Write LAG node at addr 0x508a with id 255 and next node 0x508b 0x0000_00000000ff0508bc
2024-07-19 01:15:10.868771 INFO  BF_MC Write LAG node at addr 0x508b with id 255 and next node 0x508c 0x00ff_0508cc00ff0508bc
2024-07-19 01:15:10.868775 INFO  BF_MC Write LAG node at addr 0x508c with id 255 and next node 0x508d 0x0000_00000000ff0508dc
2024-07-19 01:15:10.868779 INFO  BF_MC Write LAG node at addr 0x508d with id 255 and next node 0x508e 0x00ff_0508ec00ff0508dc
2024-07-19 01:15:10.868783 INFO  BF_MC Write LAG node at addr 0x508e with id 255 and next node 0x508f 0x0000_00000000ff0508fc
2024-07-19 01:15:10.868787 INFO  BF_MC Write LAG node at addr 0x508f with id 255 and next node 0x5090 0x00ff_05090c00ff0508fc
2024-07-19 01:15:10.868791 INFO  BF_MC Write LAG node at addr 0x5090 with id 255 and next node 0x5091 0x0000_00000000ff05091c
2024-07-19 01:15:10.868795 INFO  BF_MC Write LAG node at addr 0x5091 with id 255 and next node 0x5092 0x00ff_05092c00ff05091c
2024-07-19 01:15:10.868799 INFO  BF_MC Write LAG node at addr 0x5092 with id 255 and next node 0x5093 0x0000_00000000ff05093c
2024-07-19 01:15:10.868803 INFO  BF_MC Write LAG node at addr 0x5093 with id 255 and next node 0x5094 0x00ff_05094c00ff05093c
2024-07-19 01:15:10.868807 INFO  BF_MC Write LAG node at addr 0x5094 with id 255 and next node 0x5095 0x0000_00000000ff05095c
2024-07-19 01:15:10.868810 INFO  BF_MC Write LAG node at addr 0x5095 with id 255 and next node 0x5096 0x00ff_05096c00ff05095c
2024-07-19 01:15:10.868815 INFO  BF_MC Write LAG node at addr 0x5096 with id 255 and next node 0x5097 0x0000_00000000ff05097c
2024-07-19 01:15:10.868821 INFO  BF_MC Write LAG node at addr 0x5097 with id 255 and next node 0x5098 0x00ff_05098c00ff05097c
2024-07-19 01:15:10.868825 INFO  BF_MC Write LAG node at addr 0x5098 with id 255 and next node 0x5099 0x0000_00000000ff05099c
2024-07-19 01:15:10.868829 INFO  BF_MC Write LAG node at addr 0x5099 with id 255 and next node 0x509a 0x00ff_0509ac00ff05099c
2024-07-19 01:15:10.868834 INFO  BF_MC Write LAG node at addr 0x509a with id 255 and next node 0x509b 0x0000_00000000ff0509bc
2024-07-19 01:15:10.868837 INFO  BF_MC Write LAG node at addr 0x509b with id 255 and next node 0x509c 0x00ff_0509cc00ff0509bc
2024-07-19 01:15:10.868841 INFO  BF_MC Write LAG node at addr 0x509c with id 255 and next node 0x509d 0x0000_00000000ff0509dc
2024-07-19 01:15:10.868845 INFO  BF_MC Write LAG node at addr 0x509d with id 255 and next node 0x509e 0x00ff_0509ec00ff0509dc
2024-07-19 01:15:10.868850 INFO  BF_MC Write LAG node at addr 0x509e with id 255 and next node 0x509f 0x0000_00000000ff0509fc
2024-07-19 01:15:10.868853 INFO  BF_MC Write LAG node at addr 0x509f with id 255 and next node 0x50a0 0x00ff_050a0c00ff0509fc
2024-07-19 01:15:10.868857 INFO  BF_MC Write LAG node at addr 0x50a0 with id 255 and next node 0x50a1 0x0000_00000000ff050a1c
2024-07-19 01:15:10.868861 INFO  BF_MC Write LAG node at addr 0x50a1 with id 255 and next node 0x50a2 0x00ff_050a2c00ff050a1c
2024-07-19 01:15:10.868865 INFO  BF_MC Write LAG node at addr 0x50a2 with id 255 and next node 0x50a3 0x0000_00000000ff050a3c
2024-07-19 01:15:10.868869 INFO  BF_MC Write LAG node at addr 0x50a3 with id 255 and next node 0x50a4 0x00ff_050a4c00ff050a3c
2024-07-19 01:15:10.868873 INFO  BF_MC Write LAG node at addr 0x50a4 with id 255 and next node 0x50a5 0x0000_00000000ff050a5c
2024-07-19 01:15:10.868877 INFO  BF_MC Write LAG node at addr 0x50a5 with id 255 and next node 0x50a6 0x00ff_050a6c00ff050a5c
2024-07-19 01:15:10.868882 INFO  BF_MC Write LAG node at addr 0x50a6 with id 255 and next node 0x50a7 0x0000_00000000ff050a7c
2024-07-19 01:15:10.868886 INFO  BF_MC Write LAG node at addr 0x50a7 with id 255 and next node 0x50a8 0x00ff_050a8c00ff050a7c
2024-07-19 01:15:10.868889 INFO  BF_MC Write LAG node at addr 0x50a8 with id 255 and next node 0x50a9 0x0000_00000000ff050a9c
2024-07-19 01:15:10.868894 INFO  BF_MC Write LAG node at addr 0x50a9 with id 255 and next node 0x50aa 0x00ff_050aac00ff050a9c
2024-07-19 01:15:10.868899 INFO  BF_MC Write LAG node at addr 0x50aa with id 255 and next node 0x50ab 0x0000_00000000ff050abc
2024-07-19 01:15:10.868903 INFO  BF_MC Write LAG node at addr 0x50ab with id 255 and next node 0x50ac 0x00ff_050acc00ff050abc
2024-07-19 01:15:10.868907 INFO  BF_MC Write LAG node at addr 0x50ac with id 255 and next node 0x50ad 0x0000_00000000ff050adc
2024-07-19 01:15:10.868911 INFO  BF_MC Write LAG node at addr 0x50ad with id 255 and next node 0x50ae 0x00ff_050aec00ff050adc
2024-07-19 01:15:10.868915 INFO  BF_MC Write LAG node at addr 0x50ae with id 255 and next node 0x50af 0x0000_00000000ff050afc
2024-07-19 01:15:10.868919 INFO  BF_MC Write LAG node at addr 0x50af with id 255 and next node 0x50b0 0x00ff_050b0c00ff050afc
2024-07-19 01:15:10.868923 INFO  BF_MC Write LAG node at addr 0x50b0 with id 255 and next node 0x50b1 0x0000_00000000ff050b1c
2024-07-19 01:15:10.868927 INFO  BF_MC Write LAG node at addr 0x50b1 with id 255 and next node 0x50b2 0x00ff_050b2c00ff050b1c
2024-07-19 01:15:10.868931 INFO  BF_MC Write LAG node at addr 0x50b2 with id 255 and next node 0x50b3 0x0000_00000000ff050b3c
2024-07-19 01:15:10.868935 INFO  BF_MC Write LAG node at addr 0x50b3 with id 255 and next node 0x50b4 0x00ff_050b4c00ff050b3c
2024-07-19 01:15:10.868939 INFO  BF_MC Write LAG node at addr 0x50b4 with id 255 and next node 0x50b5 0x0000_00000000ff050b5c
2024-07-19 01:15:10.868943 INFO  BF_MC Write LAG node at addr 0x50b5 with id 255 and next node 0x50b6 0x00ff_050b6c00ff050b5c
2024-07-19 01:15:10.868947 INFO  BF_MC Write LAG node at addr 0x50b6 with id 255 and next node 0x50b7 0x0000_00000000ff050b7c
2024-07-19 01:15:10.868951 INFO  BF_MC Write LAG node at addr 0x50b7 with id 255 and next node 0x50b8 0x00ff_050b8c00ff050b7c
2024-07-19 01:15:10.868957 INFO  BF_MC Write LAG node at addr 0x50b8 with id 255 and next node 0x50b9 0x0000_00000000ff050b9c
2024-07-19 01:15:10.868962 INFO  BF_MC Write LAG node at addr 0x50b9 with id 255 and next node 0x50ba 0x00ff_050bac00ff050b9c
2024-07-19 01:15:10.868966 INFO  BF_MC Write LAG node at addr 0x50ba with id 255 and next node 0x50bb 0x0000_00000000ff050bbc
2024-07-19 01:15:10.868970 INFO  BF_MC Write LAG node at addr 0x50bb with id 255 and next node 0x50bc 0x00ff_050bcc00ff050bbc
2024-07-19 01:15:10.868974 INFO  BF_MC Write LAG node at addr 0x50bc with id 255 and next node 0x50bd 0x0000_00000000ff050bdc
2024-07-19 01:15:10.868978 INFO  BF_MC Write LAG node at addr 0x50bd with id 255 and next node 0x50be 0x00ff_050bec00ff050bdc
2024-07-19 01:15:10.868982 INFO  BF_MC Write LAG node at addr 0x50be with id 255 and next node 0x50bf 0x0000_00000000ff050bfc
2024-07-19 01:15:10.868986 INFO  BF_MC Write LAG node at addr 0x50bf with id 255 and next node 0x50c0 0x00ff_050c0c00ff050bfc
2024-07-19 01:15:10.868990 INFO  BF_MC Write LAG node at addr 0x50c0 with id 255 and next node 0x50c1 0x0000_00000000ff050c1c
2024-07-19 01:15:10.868993 INFO  BF_MC Write LAG node at addr 0x50c1 with id 255 and next node 0x50c2 0x00ff_050c2c00ff050c1c
2024-07-19 01:15:10.868998 INFO  BF_MC Write LAG node at addr 0x50c2 with id 255 and next node 0x50c3 0x0000_00000000ff050c3c
2024-07-19 01:15:10.869002 INFO  BF_MC Write LAG node at addr 0x50c3 with id 255 and next node 0x50c4 0x00ff_050c4c00ff050c3c
2024-07-19 01:15:10.869005 INFO  BF_MC Write LAG node at addr 0x50c4 with id 255 and next node 0x50c5 0x0000_00000000ff050c5c
2024-07-19 01:15:10.872671 INFO  BF_MC Write LAG node at addr 0x50c5 with id 255 and next node 0x50c6 0x00ff_050c6c00ff050c5c
2024-07-19 01:15:10.872685 INFO  BF_MC Write LAG node at addr 0x50c6 with id 255 and next node 0x50c7 0x0000_00000000ff050c7c
2024-07-19 01:15:10.872689 INFO  BF_MC Write LAG node at addr 0x50c7 with id 255 and next node 0x50c8 0x00ff_050c8c00ff050c7c
2024-07-19 01:15:10.872693 INFO  BF_MC Write LAG node at addr 0x50c8 with id 255 and next node 0x50c9 0x0000_00000000ff050c9c
2024-07-19 01:15:10.872698 INFO  BF_MC Write LAG node at addr 0x50c9 with id 255 and next node 0x50ca 0x00ff_050cac00ff050c9c
2024-07-19 01:15:10.872702 INFO  BF_MC Write LAG node at addr 0x50ca with id 255 and next node 0x50cb 0x0000_00000000ff050cbc
2024-07-19 01:15:10.872706 INFO  BF_MC Write LAG node at addr 0x50cb with id 255 and next node 0x50cc 0x00ff_050ccc00ff050cbc
2024-07-19 01:15:10.872710 INFO  BF_MC Write LAG node at addr 0x50cc with id 255 and next node 0x50cd 0x0000_00000000ff050cdc
2024-07-19 01:15:10.872714 INFO  BF_MC Write LAG node at addr 0x50cd with id 255 and next node 0x50ce 0x00ff_050cec00ff050cdc
2024-07-19 01:15:10.872719 INFO  BF_MC Write LAG node at addr 0x50ce with id 255 and next node 0x50cf 0x0000_00000000ff050cfc
2024-07-19 01:15:10.872723 INFO  BF_MC Write LAG node at addr 0x50cf with id 255 and next node 0x50d0 0x00ff_050d0c00ff050cfc
2024-07-19 01:15:10.872728 INFO  BF_MC Write LAG node at addr 0x50d0 with id 255 and next node 0x50d1 0x0000_00000000ff050d1c
2024-07-19 01:15:10.872732 INFO  BF_MC Write LAG node at addr 0x50d1 with id 255 and next node 0x50d2 0x00ff_050d2c00ff050d1c
2024-07-19 01:15:10.872737 INFO  BF_MC Write LAG node at addr 0x50d2 with id 255 and next node 0x50d3 0x0000_00000000ff050d3c
2024-07-19 01:15:10.872741 INFO  BF_MC Write LAG node at addr 0x50d3 with id 255 and next node 0x50d4 0x00ff_050d4c00ff050d3c
2024-07-19 01:15:10.872745 INFO  BF_MC Write LAG node at addr 0x50d4 with id 255 and next node 0x50d5 0x0000_00000000ff050d5c
2024-07-19 01:15:10.872751 INFO  BF_MC Write LAG node at addr 0x50d5 with id 255 and next node 0x50d6 0x00ff_050d6c00ff050d5c
2024-07-19 01:15:10.872756 INFO  BF_MC Write LAG node at addr 0x50d6 with id 255 and next node 0x50d7 0x0000_00000000ff050d7c
2024-07-19 01:15:10.872760 INFO  BF_MC Write LAG node at addr 0x50d7 with id 255 and next node 0x50d8 0x00ff_050d8c00ff050d7c
2024-07-19 01:15:10.872768 INFO  BF_MC Write LAG node at addr 0x50d8 with id 255 and next node 0x50d9 0x0000_00000000ff050d9c
2024-07-19 01:15:10.872772 INFO  BF_MC Write LAG node at addr 0x50d9 with id 255 and next node 0x50da 0x00ff_050dac00ff050d9c
2024-07-19 01:15:10.872777 INFO  BF_MC Write LAG node at addr 0x50da with id 255 and next node 0x50db 0x0000_00000000ff050dbc
2024-07-19 01:15:10.872781 INFO  BF_MC Write LAG node at addr 0x50db with id 255 and next node 0x50dc 0x00ff_050dcc00ff050dbc
2024-07-19 01:15:10.872785 INFO  BF_MC Write LAG node at addr 0x50dc with id 255 and next node 0x50dd 0x0000_00000000ff050ddc
2024-07-19 01:15:10.872789 INFO  BF_MC Write LAG node at addr 0x50dd with id 255 and next node 0x50de 0x00ff_050dec00ff050ddc
2024-07-19 01:15:10.872793 INFO  BF_MC Write LAG node at addr 0x50de with id 255 and next node 0x50df 0x0000_00000000ff050dfc
2024-07-19 01:15:10.872797 INFO  BF_MC Write LAG node at addr 0x50df with id 255 and next node 0x50e0 0x00ff_050e0c00ff050dfc
2024-07-19 01:15:10.872801 INFO  BF_MC Write LAG node at addr 0x50e0 with id 255 and next node 0x50e1 0x0000_00000000ff050e1c
2024-07-19 01:15:10.872805 INFO  BF_MC Write LAG node at addr 0x50e1 with id 255 and next node 0x50e2 0x00ff_050e2c00ff050e1c
2024-07-19 01:15:10.872809 INFO  BF_MC Write LAG node at addr 0x50e2 with id 255 and next node 0x50e3 0x0000_00000000ff050e3c
2024-07-19 01:15:10.872813 INFO  BF_MC Write LAG node at addr 0x50e3 with id 255 and next node 0x50e4 0x00ff_050e4c00ff050e3c
2024-07-19 01:15:10.872817 INFO  BF_MC Write LAG node at addr 0x50e4 with id 255 and next node 0x50e5 0x0000_00000000ff050e5c
2024-07-19 01:15:10.872821 INFO  BF_MC Write LAG node at addr 0x50e5 with id 255 and next node 0x50e6 0x00ff_050e6c00ff050e5c
2024-07-19 01:15:10.872825 INFO  BF_MC Write LAG node at addr 0x50e6 with id 255 and next node 0x50e7 0x0000_00000000ff050e7c
2024-07-19 01:15:10.872829 INFO  BF_MC Write LAG node at addr 0x50e7 with id 255 and next node 0x50e8 0x00ff_050e8c00ff050e7c
2024-07-19 01:15:10.872833 INFO  BF_MC Write LAG node at addr 0x50e8 with id 255 and next node 0x50e9 0x0000_00000000ff050e9c
2024-07-19 01:15:10.872837 INFO  BF_MC Write LAG node at addr 0x50e9 with id 255 and next node 0x50ea 0x00ff_050eac00ff050e9c
2024-07-19 01:15:10.872841 INFO  BF_MC Write LAG node at addr 0x50ea with id 255 and next node 0x50eb 0x0000_00000000ff050ebc
2024-07-19 01:15:10.872845 INFO  BF_MC Write LAG node at addr 0x50eb with id 255 and next node 0x50ec 0x00ff_050ecc00ff050ebc
2024-07-19 01:15:10.872849 INFO  BF_MC Write LAG node at addr 0x50ec with id 255 and next node 0x50ed 0x0000_00000000ff050edc
2024-07-19 01:15:10.872853 INFO  BF_MC Write LAG node at addr 0x50ed with id 255 and next node 0x50ee 0x00ff_050eec00ff050edc
2024-07-19 01:15:10.872857 INFO  BF_MC Write LAG node at addr 0x50ee with id 255 and next node 0x50ef 0x0000_00000000ff050efc
2024-07-19 01:15:10.872861 INFO  BF_MC Write LAG node at addr 0x50ef with id 255 and next node 0x50f0 0x00ff_050f0c00ff050efc
2024-07-19 01:15:10.872865 INFO  BF_MC Write LAG node at addr 0x50f0 with id 255 and next node 0x50f1 0x0000_00000000ff050f1c
2024-07-19 01:15:10.872869 INFO  BF_MC Write LAG node at addr 0x50f1 with id 255 and next node 0x50f2 0x00ff_050f2c00ff050f1c
2024-07-19 01:15:10.872873 INFO  BF_MC Write LAG node at addr 0x50f2 with id 255 and next node 0x50f3 0x0000_00000000ff050f3c
2024-07-19 01:15:10.872877 INFO  BF_MC Write LAG node at addr 0x50f3 with id 255 and next node 0x50f4 0x00ff_050f4c00ff050f3c
2024-07-19 01:15:10.872881 INFO  BF_MC Write LAG node at addr 0x50f4 with id 255 and next node 0x50f5 0x0000_00000000ff050f5c
2024-07-19 01:15:10.872886 INFO  BF_MC Write LAG node at addr 0x50f5 with id 255 and next node 0x50f6 0x00ff_050f6c00ff050f5c
2024-07-19 01:15:10.872891 INFO  BF_MC Write LAG node at addr 0x50f6 with id 255 and next node 0x50f7 0x0000_00000000ff050f7c
2024-07-19 01:15:10.872895 INFO  BF_MC Write LAG node at addr 0x50f7 with id 255 and next node 0x50f8 0x00ff_050f8c00ff050f7c
2024-07-19 01:15:10.872898 INFO  BF_MC Write LAG node at addr 0x50f8 with id 255 and next node 0x50f9 0x0000_00000000ff050f9c
2024-07-19 01:15:10.872904 INFO  BF_MC Write LAG node at addr 0x50f9 with id 255 and next node 0x50fa 0x00ff_050fac00ff050f9c
2024-07-19 01:15:10.872909 INFO  BF_MC Write LAG node at addr 0x50fa with id 255 and next node 0x50fb 0x0000_00000000ff050fbc
2024-07-19 01:15:10.872913 INFO  BF_MC Write LAG node at addr 0x50fb with id 255 and next node 0x50fc 0x00ff_050fcc00ff050fbc
2024-07-19 01:15:10.872917 INFO  BF_MC Write LAG node at addr 0x50fc with id 255 and next node 0x50fd 0x0000_00000000ff050fdc
2024-07-19 01:15:10.872920 INFO  BF_MC Write LAG node at addr 0x50fd with id 255 and next node 0x50fe 0x00ff_050fec00ff050fdc
2024-07-19 01:15:10.872925 INFO  BF_MC Write LAG node at addr 0x50fe with id 255 and next node 0x50ff 0x0000_00000000ff050ffc
2024-07-19 01:15:10.872929 INFO  BF_MC Write LAG node at addr 0x50ff with id 255 and next node 0x5100 0x00ff_05100c00ff050ffc
2024-07-19 01:15:10.872932 INFO  BF_MC Write LAG node at addr 0x5100 with id 255 and next node 0x5101 0x0000_00000000ff05101c
2024-07-19 01:15:10.872936 INFO  BF_MC Write LAG node at addr 0x5101 with id 255 and next node 0x5102 0x00ff_05102c00ff05101c
2024-07-19 01:15:10.872941 INFO  BF_MC Write LAG node at addr 0x5102 with id 255 and next node 0x5103 0x0000_00000000ff05103c
2024-07-19 01:15:10.872945 INFO  BF_MC Write LAG node at addr 0x5103 with id 255 and next node 0 0x00ff_00000c00ff05103c
2024-07-19 01:15:10.872950 INFO  BF_MC Allocated RDM addresses 0x11c0 - 0x11df
2024-07-19 01:15:10.872955 INFO  BF_MC Write L1End node at addr 0x11c0, rid 0, l2 0x5101
2024-07-19 01:15:10.872962 INFO  BF_MC Write L1End node at addr 0x11c1, rid 0, l2 0x5100
2024-07-19 01:15:10.872966 INFO  BF_MC Write L1End node at addr 0x11c2, rid 0, l2 0x50ff
2024-07-19 01:15:10.872970 INFO  BF_MC Write L1End node at addr 0x11c3, rid 0, l2 0x50fe
2024-07-19 01:15:10.872974 INFO  BF_MC Write L1End node at addr 0x11c4, rid 0, l2 0x50fd
2024-07-19 01:15:10.872978 INFO  BF_MC Write L1End node at addr 0x11c5, rid 0, l2 0x50fc
2024-07-19 01:15:10.872982 INFO  BF_MC Write L1End node at addr 0x11c6, rid 0, l2 0x50fb
2024-07-19 01:15:10.872986 INFO  BF_MC Write L1End node at addr 0x11c7, rid 0, l2 0x50fa
2024-07-19 01:15:10.872990 INFO  BF_MC Write L1End node at addr 0x11c8, rid 0, l2 0x50f8
2024-07-19 01:15:10.872994 INFO  BF_MC Write L1End node at addr 0x11c9, rid 0, l2 0x50f6
2024-07-19 01:15:10.872997 INFO  BF_MC Write L1End node at addr 0x11ca, rid 0, l2 0x50f4
2024-07-19 01:15:10.873001 INFO  BF_MC Write L1End node at addr 0x11cb, rid 0, l2 0x50f2
2024-07-19 01:15:10.873005 INFO  BF_MC Write L1End node at addr 0x11cc, rid 0, l2 0x50f0
2024-07-19 01:15:10.873009 INFO  BF_MC Write L1End node at addr 0x11cd, rid 0, l2 0x50ee
2024-07-19 01:15:10.873013 INFO  BF_MC Write L1End node at addr 0x11ce, rid 0, l2 0x50ec
2024-07-19 01:15:10.873016 INFO  BF_MC Write L1End node at addr 0x11cf, rid 0, l2 0x50ea
2024-07-19 01:15:10.873021 INFO  BF_MC Write L1End node at addr 0x11d0, rid 0, l2 0x50e8
2024-07-19 01:15:10.873026 INFO  BF_MC Write L1End node at addr 0x11d1, rid 0, l2 0x50e6
2024-07-19 01:15:10.873029 INFO  BF_MC Write L1End node at addr 0x11d2, rid 0, l2 0x50e4
2024-07-19 01:15:10.873033 INFO  BF_MC Write L1End node at addr 0x11d3, rid 0, l2 0x50e0
2024-07-19 01:15:10.873036 INFO  BF_MC Write L1End node at addr 0x11d4, rid 0, l2 0x50dc
2024-07-19 01:15:10.873041 INFO  BF_MC Write L1End node at addr 0x11d5, rid 0, l2 0x50d8
2024-07-19 01:15:10.873044 INFO  BF_MC Write L1End node at addr 0x11d6, rid 0, l2 0x50d4
2024-07-19 01:15:10.873048 INFO  BF_MC Write L1End node at addr 0x11d7, rid 0, l2 0x50cc
2024-07-19 01:15:10.873052 INFO  BF_MC Write L1End node at addr 0x11d8, rid 0, l2 0x50c4
2024-07-19 01:15:10.873056 INFO  BF_MC Write L1End node at addr 0x11d9, rid 0, l2 0x50bc
2024-07-19 01:15:10.873060 INFO  BF_MC Write L1End node at addr 0x11da, rid 0, l2 0x50a0
2024-07-19 01:15:10.873063 INFO  BF_MC Write L1End node at addr 0x11db, rid 0, l2 0x5087
2024-07-19 01:15:10.873067 INFO  BF_MC Write L1End node at addr 0x11dc, rid 0, l2 0x506e
2024-07-19 01:15:10.873074 INFO  BF_MC Write L1End node at addr 0x11dd, rid 0, l2 0x5055
2024-07-19 01:15:10.873077 INFO  BF_MC Write L1End node at addr 0x11de, rid 0, l2 0x503c
2024-07-19 01:15:10.873081 INFO  BF_MC Write L1End node at addr 0x11df, rid 0, l2 0x5000
2024-07-19 01:15:10.873086 INFO  BF_MC Allocated RDM addresses 0x6000 - 0x6103
2024-07-19 01:15:10.873091 INFO  BF_MC Write LAG node at addr 0x6000 with id 255 and next node 0x6001 0x0000_00000000ff06001c
2024-07-19 01:15:10.873095 INFO  BF_MC Write LAG node at addr 0x6001 with id 255 and next node 0x6002 0x00ff_06002c00ff06001c
2024-07-19 01:15:10.873099 INFO  BF_MC Write LAG node at addr 0x6002 with id 255 and next node 0x6003 0x0000_00000000ff06003c
2024-07-19 01:15:10.873103 INFO  BF_MC Write LAG node at addr 0x6003 with id 255 and next node 0x6004 0x00ff_06004c00ff06003c
2024-07-19 01:15:10.873107 INFO  BF_MC Write LAG node at addr 0x6004 with id 255 and next node 0x6005 0x0000_00000000ff06005c
2024-07-19 01:15:10.873111 INFO  BF_MC Write LAG node at addr 0x6005 with id 255 and next node 0x6006 0x00ff_06006c00ff06005c
2024-07-19 01:15:10.873115 INFO  BF_MC Write LAG node at addr 0x6006 with id 255 and next node 0x6007 0x0000_00000000ff06007c
2024-07-19 01:15:10.873119 INFO  BF_MC Write LAG node at addr 0x6007 with id 255 and next node 0x6008 0x00ff_06008c00ff06007c
2024-07-19 01:15:10.873123 INFO  BF_MC Write LAG node at addr 0x6008 with id 255 and next node 0x6009 0x0000_00000000ff06009c
2024-07-19 01:15:10.873127 INFO  BF_MC Write LAG node at addr 0x6009 with id 255 and next node 0x600a 0x00ff_0600ac00ff06009c
2024-07-19 01:15:10.873131 INFO  BF_MC Write LAG node at addr 0x600a with id 255 and next node 0x600b 0x0000_00000000ff0600bc
2024-07-19 01:15:10.873135 INFO  BF_MC Write LAG node at addr 0x600b with id 255 and next node 0x600c 0x00ff_0600cc00ff0600bc
2024-07-19 01:15:10.873139 INFO  BF_MC Write LAG node at addr 0x600c with id 255 and next node 0x600d 0x0000_00000000ff0600dc
2024-07-19 01:15:10.873143 INFO  BF_MC Write LAG node at addr 0x600d with id 255 and next node 0x600e 0x00ff_0600ec00ff0600dc
2024-07-19 01:15:10.873147 INFO  BF_MC Write LAG node at addr 0x600e with id 255 and next node 0x600f 0x0000_00000000ff0600fc
2024-07-19 01:15:10.873152 INFO  BF_MC Write LAG node at addr 0x600f with id 255 and next node 0x6010 0x00ff_06010c00ff0600fc
2024-07-19 01:15:10.873157 INFO  BF_MC Write LAG node at addr 0x6010 with id 255 and next node 0x6011 0x0000_00000000ff06011c
2024-07-19 01:15:10.873161 INFO  BF_MC Write LAG node at addr 0x6011 with id 255 and next node 0x6012 0x00ff_06012c00ff06011c
2024-07-19 01:15:10.873164 INFO  BF_MC Write LAG node at addr 0x6012 with id 255 and next node 0x6013 0x0000_00000000ff06013c
2024-07-19 01:15:10.873168 INFO  BF_MC Write LAG node at addr 0x6013 with id 255 and next node 0x6014 0x00ff_06014c00ff06013c
2024-07-19 01:15:10.873173 INFO  BF_MC Write LAG node at addr 0x6014 with id 255 and next node 0x6015 0x0000_00000000ff06015c
2024-07-19 01:15:10.873177 INFO  BF_MC Write LAG node at addr 0x6015 with id 255 and next node 0x6016 0x00ff_06016c00ff06015c
2024-07-19 01:15:10.873180 INFO  BF_MC Write LAG node at addr 0x6016 with id 255 and next node 0x6017 0x0000_00000000ff06017c
2024-07-19 01:15:10.873184 INFO  BF_MC Write LAG node at addr 0x6017 with id 255 and next node 0x6018 0x00ff_06018c00ff06017c
2024-07-19 01:15:10.873189 INFO  BF_MC Write LAG node at addr 0x6018 with id 255 and next node 0x6019 0x0000_00000000ff06019c
2024-07-19 01:15:10.873193 INFO  BF_MC Write LAG node at addr 0x6019 with id 255 and next node 0x601a 0x00ff_0601ac00ff06019c
2024-07-19 01:15:10.873196 INFO  BF_MC Write LAG node at addr 0x601a with id 255 and next node 0x601b 0x0000_00000000ff0601bc
2024-07-19 01:15:10.873200 INFO  BF_MC Write LAG node at addr 0x601b with id 255 and next node 0x601c 0x00ff_0601cc00ff0601bc
2024-07-19 01:15:10.873205 INFO  BF_MC Write LAG node at addr 0x601c with id 255 and next node 0x601d 0x0000_00000000ff0601dc
2024-07-19 01:15:10.873209 INFO  BF_MC Write LAG node at addr 0x601d with id 255 and next node 0x601e 0x00ff_0601ec00ff0601dc
2024-07-19 01:15:10.873215 INFO  BF_MC Write LAG node at addr 0x601e with id 255 and next node 0x601f 0x0000_00000000ff0601fc
2024-07-19 01:15:10.873219 INFO  BF_MC Write LAG node at addr 0x601f with id 255 and next node 0x6020 0x00ff_06020c00ff0601fc
2024-07-19 01:15:10.873223 INFO  BF_MC Write LAG node at addr 0x6020 with id 255 and next node 0x6021 0x0000_00000000ff06021c
2024-07-19 01:15:10.873227 INFO  BF_MC Write LAG node at addr 0x6021 with id 255 and next node 0x6022 0x00ff_06022c00ff06021c
2024-07-19 01:15:10.873231 INFO  BF_MC Write LAG node at addr 0x6022 with id 255 and next node 0x6023 0x0000_00000000ff06023c
2024-07-19 01:15:10.873235 INFO  BF_MC Write LAG node at addr 0x6023 with id 255 and next node 0x6024 0x00ff_06024c00ff06023c
2024-07-19 01:15:10.873239 INFO  BF_MC Write LAG node at addr 0x6024 with id 255 and next node 0x6025 0x0000_00000000ff06025c
2024-07-19 01:15:10.873243 INFO  BF_MC Write LAG node at addr 0x6025 with id 255 and next node 0x6026 0x00ff_06026c00ff06025c
2024-07-19 01:15:10.873247 INFO  BF_MC Write LAG node at addr 0x6026 with id 255 and next node 0x6027 0x0000_00000000ff06027c
2024-07-19 01:15:10.873251 INFO  BF_MC Write LAG node at addr 0x6027 with id 255 and next node 0x6028 0x00ff_06028c00ff06027c
2024-07-19 01:15:10.873255 INFO  BF_MC Write LAG node at addr 0x6028 with id 255 and next node 0x6029 0x0000_00000000ff06029c
2024-07-19 01:15:10.873259 INFO  BF_MC Write LAG node at addr 0x6029 with id 255 and next node 0x602a 0x00ff_0602ac00ff06029c
2024-07-19 01:15:10.873263 INFO  BF_MC Write LAG node at addr 0x602a with id 255 and next node 0x602b 0x0000_00000000ff0602bc
2024-07-19 01:15:10.873267 INFO  BF_MC Write LAG node at addr 0x602b with id 255 and next node 0x602c 0x00ff_0602cc00ff0602bc
2024-07-19 01:15:10.873271 INFO  BF_MC Write LAG node at addr 0x602c with id 255 and next node 0x602d 0x0000_00000000ff0602dc
2024-07-19 01:15:10.873275 INFO  BF_MC Write LAG node at addr 0x602d with id 255 and next node 0x602e 0x00ff_0602ec00ff0602dc
2024-07-19 01:15:10.873279 INFO  BF_MC Write LAG node at addr 0x602e with id 255 and next node 0x602f 0x0000_00000000ff0602fc
2024-07-19 01:15:10.873284 INFO  BF_MC Write LAG node at addr 0x602f with id 255 and next node 0x6030 0x00ff_06030c00ff0602fc
2024-07-19 01:15:10.873288 INFO  BF_MC Write LAG node at addr 0x6030 with id 255 and next node 0x6031 0x0000_00000000ff06031c
2024-07-19 01:15:10.873292 INFO  BF_MC Write LAG node at addr 0x6031 with id 255 and next node 0x6032 0x00ff_06032c00ff06031c
2024-07-19 01:15:10.873296 INFO  BF_MC Write LAG node at addr 0x6032 with id 255 and next node 0x6033 0x0000_00000000ff06033c
2024-07-19 01:15:10.873300 INFO  BF_MC Write LAG node at addr 0x6033 with id 255 and next node 0x6034 0x00ff_06034c00ff06033c
2024-07-19 01:15:10.873305 INFO  BF_MC Write LAG node at addr 0x6034 with id 255 and next node 0x6035 0x0000_00000000ff06035c
2024-07-19 01:15:10.873308 INFO  BF_MC Write LAG node at addr 0x6035 with id 255 and next node 0x6036 0x00ff_06036c00ff06035c
2024-07-19 01:15:10.873314 INFO  BF_MC Write LAG node at addr 0x6036 with id 255 and next node 0x6037 0x0000_00000000ff06037c
2024-07-19 01:15:10.873320 INFO  BF_MC Write LAG node at addr 0x6037 with id 255 and next node 0x6038 0x00ff_06038c00ff06037c
2024-07-19 01:15:10.873324 INFO  BF_MC Write LAG node at addr 0x6038 with id 255 and next node 0x6039 0x0000_00000000ff06039c
2024-07-19 01:15:10.873328 INFO  BF_MC Write LAG node at addr 0x6039 with id 255 and next node 0x603a 0x00ff_0603ac00ff06039c
2024-07-19 01:15:10.873332 INFO  BF_MC Write LAG node at addr 0x603a with id 255 and next node 0x603b 0x0000_00000000ff0603bc
2024-07-19 01:15:10.873336 INFO  BF_MC Write LAG node at addr 0x603b with id 255 and next node 0x603c 0x00ff_0603cc00ff0603bc
2024-07-19 01:15:10.873341 INFO  BF_MC Write LAG node at addr 0x603c with id 255 and next node 0x603d 0x0000_00000000ff0603dc
2024-07-19 01:15:10.873345 INFO  BF_MC Write LAG node at addr 0x603d with id 255 and next node 0x603e 0x00ff_0603ec00ff0603dc
2024-07-19 01:15:10.873349 INFO  BF_MC Write LAG node at addr 0x603e with id 255 and next node 0x603f 0x0000_00000000ff0603fc
2024-07-19 01:15:10.873355 INFO  BF_MC Write LAG node at addr 0x603f with id 255 and next node 0x6040 0x00ff_06040c00ff0603fc
2024-07-19 01:15:10.873359 INFO  BF_MC Write LAG node at addr 0x6040 with id 255 and next node 0x6041 0x0000_00000000ff06041c
2024-07-19 01:15:10.873363 INFO  BF_MC Write LAG node at addr 0x6041 with id 255 and next node 0x6042 0x00ff_06042c00ff06041c
2024-07-19 01:15:10.873367 INFO  BF_MC Write LAG node at addr 0x6042 with id 255 and next node 0x6043 0x0000_00000000ff06043c
2024-07-19 01:15:10.873371 INFO  BF_MC Write LAG node at addr 0x6043 with id 255 and next node 0x6044 0x00ff_06044c00ff06043c
2024-07-19 01:15:10.873376 INFO  BF_MC Write LAG node at addr 0x6044 with id 255 and next node 0x6045 0x0000_00000000ff06045c
2024-07-19 01:15:10.873380 INFO  BF_MC Write LAG node at addr 0x6045 with id 255 and next node 0x6046 0x00ff_06046c00ff06045c
2024-07-19 01:15:10.873383 INFO  BF_MC Write LAG node at addr 0x6046 with id 255 and next node 0x6047 0x0000_00000000ff06047c
2024-07-19 01:15:10.873387 INFO  BF_MC Write LAG node at addr 0x6047 with id 255 and next node 0x6048 0x00ff_06048c00ff06047c
2024-07-19 01:15:10.873392 INFO  BF_MC Write LAG node at addr 0x6048 with id 255 and next node 0x6049 0x0000_00000000ff06049c
2024-07-19 01:15:10.873396 INFO  BF_MC Write LAG node at addr 0x6049 with id 255 and next node 0x604a 0x00ff_0604ac00ff06049c
2024-07-19 01:15:10.873400 INFO  BF_MC Write LAG node at addr 0x604a with id 255 and next node 0x604b 0x0000_00000000ff0604bc
2024-07-19 01:15:10.873404 INFO  BF_MC Write LAG node at addr 0x604b with id 255 and next node 0x604c 0x00ff_0604cc00ff0604bc
2024-07-19 01:15:10.873408 INFO  BF_MC Write LAG node at addr 0x604c with id 255 and next node 0x604d 0x0000_00000000ff0604dc
2024-07-19 01:15:10.873412 INFO  BF_MC Write LAG node at addr 0x604d with id 255 and next node 0x604e 0x00ff_0604ec00ff0604dc
2024-07-19 01:15:10.873416 INFO  BF_MC Write LAG node at addr 0x604e with id 255 and next node 0x604f 0x0000_00000000ff0604fc
2024-07-19 01:15:10.873428 INFO  BF_MC Write LAG node at addr 0x604f with id 255 and next node 0x6050 0x00ff_06050c00ff0604fc
2024-07-19 01:15:10.873434 INFO  BF_MC Write LAG node at addr 0x6050 with id 255 and next node 0x6051 0x0000_00000000ff06051c
2024-07-19 01:15:10.873438 INFO  BF_MC Write LAG node at addr 0x6051 with id 255 and next node 0x6052 0x00ff_06052c00ff06051c
2024-07-19 01:15:10.873442 INFO  BF_MC Write LAG node at addr 0x6052 with id 255 and next node 0x6053 0x0000_00000000ff06053c
2024-07-19 01:15:10.873446 INFO  BF_MC Write LAG node at addr 0x6053 with id 255 and next node 0x6054 0x00ff_06054c00ff06053c
2024-07-19 01:15:10.873450 INFO  BF_MC Write LAG node at addr 0x6054 with id 255 and next node 0x6055 0x0000_00000000ff06055c
2024-07-19 01:15:10.873454 INFO  BF_MC Write LAG node at addr 0x6055 with id 255 and next node 0x6056 0x00ff_06056c00ff06055c
2024-07-19 01:15:10.873458 INFO  BF_MC Write LAG node at addr 0x6056 with id 255 and next node 0x6057 0x0000_00000000ff06057c
2024-07-19 01:15:10.873462 INFO  BF_MC Write LAG node at addr 0x6057 with id 255 and next node 0x6058 0x00ff_06058c00ff06057c
2024-07-19 01:15:10.873467 INFO  BF_MC Write LAG node at addr 0x6058 with id 255 and next node 0x6059 0x0000_00000000ff06059c
2024-07-19 01:15:10.873471 INFO  BF_MC Write LAG node at addr 0x6059 with id 255 and next node 0x605a 0x00ff_0605ac00ff06059c
2024-07-19 01:15:10.873474 INFO  BF_MC Write LAG node at addr 0x605a with id 255 and next node 0x605b 0x0000_00000000ff0605bc
2024-07-19 01:15:10.873478 INFO  BF_MC Write LAG node at addr 0x605b with id 255 and next node 0x605c 0x00ff_0605cc00ff0605bc
2024-07-19 01:15:10.873483 INFO  BF_MC Write LAG node at addr 0x605c with id 255 and next node 0x605d 0x0000_00000000ff0605dc
2024-07-19 01:15:10.873486 INFO  BF_MC Write LAG node at addr 0x605d with id 255 and next node 0x605e 0x00ff_0605ec00ff0605dc
2024-07-19 01:15:10.873490 INFO  BF_MC Write LAG node at addr 0x605e with id 255 and next node 0x605f 0x0000_00000000ff0605fc
2024-07-19 01:15:10.873497 INFO  BF_MC Write LAG node at addr 0x605f with id 255 and next node 0x6060 0x00ff_06060c00ff0605fc
2024-07-19 01:15:10.873502 INFO  BF_MC Write LAG node at addr 0x6060 with id 255 and next node 0x6061 0x0000_00000000ff06061c
2024-07-19 01:15:10.873505 INFO  BF_MC Write LAG node at addr 0x6061 with id 255 and next node 0x6062 0x00ff_06062c00ff06061c
2024-07-19 01:15:10.873509 INFO  BF_MC Write LAG node at addr 0x6062 with id 255 and next node 0x6063 0x0000_00000000ff06063c
2024-07-19 01:15:10.873513 INFO  BF_MC Write LAG node at addr 0x6063 with id 255 and next node 0x6064 0x00ff_06064c00ff06063c
2024-07-19 01:15:10.873518 INFO  BF_MC Write LAG node at addr 0x6064 with id 255 and next node 0x6065 0x0000_00000000ff06065c
2024-07-19 01:15:10.873522 INFO  BF_MC Write LAG node at addr 0x6065 with id 255 and next node 0x6066 0x00ff_06066c00ff06065c
2024-07-19 01:15:10.873526 INFO  BF_MC Write LAG node at addr 0x6066 with id 255 and next node 0x6067 0x0000_00000000ff06067c
2024-07-19 01:15:10.873529 INFO  BF_MC Write LAG node at addr 0x6067 with id 255 and next node 0x6068 0x00ff_06068c00ff06067c
2024-07-19 01:15:10.873534 INFO  BF_MC Write LAG node at addr 0x6068 with id 255 and next node 0x6069 0x0000_00000000ff06069c
2024-07-19 01:15:10.873538 INFO  BF_MC Write LAG node at addr 0x6069 with id 255 and next node 0x606a 0x00ff_0606ac00ff06069c
2024-07-19 01:15:10.873542 INFO  BF_MC Write LAG node at addr 0x606a with id 255 and next node 0x606b 0x0000_00000000ff0606bc
2024-07-19 01:15:10.873545 INFO  BF_MC Write LAG node at addr 0x606b with id 255 and next node 0x606c 0x00ff_0606cc00ff0606bc
2024-07-19 01:15:10.873550 INFO  BF_MC Write LAG node at addr 0x606c with id 255 and next node 0x606d 0x0000_00000000ff0606dc
2024-07-19 01:15:10.873554 INFO  BF_MC Write LAG node at addr 0x606d with id 255 and next node 0x606e 0x00ff_0606ec00ff0606dc
2024-07-19 01:15:10.873558 INFO  BF_MC Write LAG node at addr 0x606e with id 255 and next node 0x606f 0x0000_00000000ff0606fc
2024-07-19 01:15:10.873563 INFO  BF_MC Write LAG node at addr 0x606f with id 255 and next node 0x6070 0x00ff_06070c00ff0606fc
2024-07-19 01:15:10.873567 INFO  BF_MC Write LAG node at addr 0x6070 with id 255 and next node 0x6071 0x0000_00000000ff06071c
2024-07-19 01:15:10.873571 INFO  BF_MC Write LAG node at addr 0x6071 with id 255 and next node 0x6072 0x00ff_06072c00ff06071c
2024-07-19 01:15:10.873575 INFO  BF_MC Write LAG node at addr 0x6072 with id 255 and next node 0x6073 0x0000_00000000ff06073c
2024-07-19 01:15:10.873579 INFO  BF_MC Write LAG node at addr 0x6073 with id 255 and next node 0x6074 0x00ff_06074c00ff06073c
2024-07-19 01:15:10.873583 INFO  BF_MC Write LAG node at addr 0x6074 with id 255 and next node 0x6075 0x0000_00000000ff06075c
2024-07-19 01:15:10.873587 INFO  BF_MC Write LAG node at addr 0x6075 with id 255 and next node 0x6076 0x00ff_06076c00ff06075c
2024-07-19 01:15:10.873591 INFO  BF_MC Write LAG node at addr 0x6076 with id 255 and next node 0x6077 0x0000_00000000ff06077c
2024-07-19 01:15:10.873595 INFO  BF_MC Write LAG node at addr 0x6077 with id 255 and next node 0x6078 0x00ff_06078c00ff06077c
2024-07-19 01:15:10.873599 INFO  BF_MC Write LAG node at addr 0x6078 with id 255 and next node 0x6079 0x0000_00000000ff06079c
2024-07-19 01:15:10.873603 INFO  BF_MC Write LAG node at addr 0x6079 with id 255 and next node 0x607a 0x00ff_0607ac00ff06079c
2024-07-19 01:15:10.873607 INFO  BF_MC Write LAG node at addr 0x607a with id 255 and next node 0x607b 0x0000_00000000ff0607bc
2024-07-19 01:15:10.873611 INFO  BF_MC Write LAG node at addr 0x607b with id 255 and next node 0x607c 0x00ff_0607cc00ff0607bc
2024-07-19 01:15:10.873615 INFO  BF_MC Write LAG node at addr 0x607c with id 255 and next node 0x607d 0x0000_00000000ff0607dc
2024-07-19 01:15:10.873619 INFO  BF_MC Write LAG node at addr 0x607d with id 255 and next node 0x607e 0x00ff_0607ec00ff0607dc
2024-07-19 01:15:10.873623 INFO  BF_MC Write LAG node at addr 0x607e with id 255 and next node 0x607f 0x0000_00000000ff0607fc
2024-07-19 01:15:10.873627 INFO  BF_MC Write LAG node at addr 0x607f with id 255 and next node 0x6080 0x00ff_06080c00ff0607fc
2024-07-19 01:15:10.873634 INFO  BF_MC Write LAG node at addr 0x6080 with id 255 and next node 0x6081 0x0000_00000000ff06081c
2024-07-19 01:15:10.873637 INFO  BF_MC Write LAG node at addr 0x6081 with id 255 and next node 0x6082 0x00ff_06082c00ff06081c
2024-07-19 01:15:10.873641 INFO  BF_MC Write LAG node at addr 0x6082 with id 255 and next node 0x6083 0x0000_00000000ff06083c
2024-07-19 01:15:10.873645 INFO  BF_MC Write LAG node at addr 0x6083 with id 255 and next node 0x6084 0x00ff_06084c00ff06083c
2024-07-19 01:15:10.873650 INFO  BF_MC Write LAG node at addr 0x6084 with id 255 and next node 0x6085 0x0000_00000000ff06085c
2024-07-19 01:15:10.873653 INFO  BF_MC Write LAG node at addr 0x6085 with id 255 and next node 0x6086 0x00ff_06086c00ff06085c
2024-07-19 01:15:10.873657 INFO  BF_MC Write LAG node at addr 0x6086 with id 255 and next node 0x6087 0x0000_00000000ff06087c
2024-07-19 01:15:10.873661 INFO  BF_MC Write LAG node at addr 0x6087 with id 255 and next node 0x6088 0x00ff_06088c00ff06087c
2024-07-19 01:15:10.873666 INFO  BF_MC Write LAG node at addr 0x6088 with id 255 and next node 0x6089 0x0000_00000000ff06089c
2024-07-19 01:15:10.873672 INFO  BF_MC Write LAG node at addr 0x6089 with id 255 and next node 0x608a 0x00ff_0608ac00ff06089c
2024-07-19 01:15:10.873678 INFO  BF_MC Write LAG node at addr 0x608a with id 255 and next node 0x608b 0x0000_00000000ff0608bc
2024-07-19 01:15:10.873682 INFO  BF_MC Write LAG node at addr 0x608b with id 255 and next node 0x608c 0x00ff_0608cc00ff0608bc
2024-07-19 01:15:10.873687 INFO  BF_MC Write LAG node at addr 0x608c with id 255 and next node 0x608d 0x0000_00000000ff0608dc
2024-07-19 01:15:10.873690 INFO  BF_MC Write LAG node at addr 0x608d with id 255 and next node 0x608e 0x00ff_0608ec00ff0608dc
2024-07-19 01:15:10.873694 INFO  BF_MC Write LAG node at addr 0x608e with id 255 and next node 0x608f 0x0000_00000000ff0608fc
2024-07-19 01:15:10.873700 INFO  BF_MC Write LAG node at addr 0x608f with id 255 and next node 0x6090 0x00ff_06090c00ff0608fc
2024-07-19 01:15:10.873704 INFO  BF_MC Write LAG node at addr 0x6090 with id 255 and next node 0x6091 0x0000_00000000ff06091c
2024-07-19 01:15:10.873708 INFO  BF_MC Write LAG node at addr 0x6091 with id 255 and next node 0x6092 0x00ff_06092c00ff06091c
2024-07-19 01:15:10.873712 INFO  BF_MC Write LAG node at addr 0x6092 with id 255 and next node 0x6093 0x0000_00000000ff06093c
2024-07-19 01:15:10.873716 INFO  BF_MC Write LAG node at addr 0x6093 with id 255 and next node 0x6094 0x00ff_06094c00ff06093c
2024-07-19 01:15:10.873720 INFO  BF_MC Write LAG node at addr 0x6094 with id 255 and next node 0x6095 0x0000_00000000ff06095c
2024-07-19 01:15:10.873724 INFO  BF_MC Write LAG node at addr 0x6095 with id 255 and next node 0x6096 0x00ff_06096c00ff06095c
2024-07-19 01:15:10.873728 INFO  BF_MC Write LAG node at addr 0x6096 with id 255 and next node 0x6097 0x0000_00000000ff06097c
2024-07-19 01:15:10.873732 INFO  BF_MC Write LAG node at addr 0x6097 with id 255 and next node 0x6098 0x00ff_06098c00ff06097c
2024-07-19 01:15:10.873736 INFO  BF_MC Write LAG node at addr 0x6098 with id 255 and next node 0x6099 0x0000_00000000ff06099c
2024-07-19 01:15:10.873740 INFO  BF_MC Write LAG node at addr 0x6099 with id 255 and next node 0x609a 0x00ff_0609ac00ff06099c
2024-07-19 01:15:10.873744 INFO  BF_MC Write LAG node at addr 0x609a with id 255 and next node 0x609b 0x0000_00000000ff0609bc
2024-07-19 01:15:10.873748 INFO  BF_MC Write LAG node at addr 0x609b with id 255 and next node 0x609c 0x00ff_0609cc00ff0609bc
2024-07-19 01:15:10.873752 INFO  BF_MC Write LAG node at addr 0x609c with id 255 and next node 0x609d 0x0000_00000000ff0609dc
2024-07-19 01:15:10.873756 INFO  BF_MC Write LAG node at addr 0x609d with id 255 and next node 0x609e 0x00ff_0609ec00ff0609dc
2024-07-19 01:15:10.873760 INFO  BF_MC Write LAG node at addr 0x609e with id 255 and next node 0x609f 0x0000_00000000ff0609fc
2024-07-19 01:15:10.873764 INFO  BF_MC Write LAG node at addr 0x609f with id 255 and next node 0x60a0 0x00ff_060a0c00ff0609fc
2024-07-19 01:15:10.873789 INFO  BF_MC Write LAG node at addr 0x60a0 with id 255 and next node 0x60a1 0x0000_00000000ff060a1c
2024-07-19 01:15:10.873793 INFO  BF_MC Write LAG node at addr 0x60a1 with id 255 and next node 0x60a2 0x00ff_060a2c00ff060a1c
2024-07-19 01:15:10.873797 INFO  BF_MC Write LAG node at addr 0x60a2 with id 255 and next node 0x60a3 0x0000_00000000ff060a3c
2024-07-19 01:15:10.873800 INFO  BF_MC Write LAG node at addr 0x60a3 with id 255 and next node 0x60a4 0x00ff_060a4c00ff060a3c
2024-07-19 01:15:10.873805 INFO  BF_MC Write LAG node at addr 0x60a4 with id 255 and next node 0x60a5 0x0000_00000000ff060a5c
2024-07-19 01:15:10.873809 INFO  BF_MC Write LAG node at addr 0x60a5 with id 255 and next node 0x60a6 0x00ff_060a6c00ff060a5c
2024-07-19 01:15:10.873813 INFO  BF_MC Write LAG node at addr 0x60a6 with id 255 and next node 0x60a7 0x0000_00000000ff060a7c
2024-07-19 01:15:10.873816 INFO  BF_MC Write LAG node at addr 0x60a7 with id 255 and next node 0x60a8 0x00ff_060a8c00ff060a7c
2024-07-19 01:15:10.873821 INFO  BF_MC Write LAG node at addr 0x60a8 with id 255 and next node 0x60a9 0x0000_00000000ff060a9c
2024-07-19 01:15:10.873825 INFO  BF_MC Write LAG node at addr 0x60a9 with id 255 and next node 0x60aa 0x00ff_060aac00ff060a9c
2024-07-19 01:15:10.873828 INFO  BF_MC Write LAG node at addr 0x60aa with id 255 and next node 0x60ab 0x0000_00000000ff060abc
2024-07-19 01:15:10.873832 INFO  BF_MC Write LAG node at addr 0x60ab with id 255 and next node 0x60ac 0x00ff_060acc00ff060abc
2024-07-19 01:15:10.873837 INFO  BF_MC Write LAG node at addr 0x60ac with id 255 and next node 0x60ad 0x0000_00000000ff060adc
2024-07-19 01:15:10.873840 INFO  BF_MC Write LAG node at addr 0x60ad with id 255 and next node 0x60ae 0x00ff_060aec00ff060adc
2024-07-19 01:15:10.873844 INFO  BF_MC Write LAG node at addr 0x60ae with id 255 and next node 0x60af 0x0000_00000000ff060afc
2024-07-19 01:15:10.873849 INFO  BF_MC Write LAG node at addr 0x60af with id 255 and next node 0x60b0 0x00ff_060b0c00ff060afc
2024-07-19 01:15:10.873854 INFO  BF_MC Write LAG node at addr 0x60b0 with id 255 and next node 0x60b1 0x0000_00000000ff060b1c
2024-07-19 01:15:10.873858 INFO  BF_MC Write LAG node at addr 0x60b1 with id 255 and next node 0x60b2 0x00ff_060b2c00ff060b1c
2024-07-19 01:15:10.873861 INFO  BF_MC Write LAG node at addr 0x60b2 with id 255 and next node 0x60b3 0x0000_00000000ff060b3c
2024-07-19 01:15:10.873865 INFO  BF_MC Write LAG node at addr 0x60b3 with id 255 and next node 0x60b4 0x00ff_060b4c00ff060b3c
2024-07-19 01:15:10.873870 INFO  BF_MC Write LAG node at addr 0x60b4 with id 255 and next node 0x60b5 0x0000_00000000ff060b5c
2024-07-19 01:15:10.873874 INFO  BF_MC Write LAG node at addr 0x60b5 with id 255 and next node 0x60b6 0x00ff_060b6c00ff060b5c
2024-07-19 01:15:10.873878 INFO  BF_MC Write LAG node at addr 0x60b6 with id 255 and next node 0x60b7 0x0000_00000000ff060b7c
2024-07-19 01:15:10.873882 INFO  BF_MC Write LAG node at addr 0x60b7 with id 255 and next node 0x60b8 0x00ff_060b8c00ff060b7c
2024-07-19 01:15:10.873886 INFO  BF_MC Write LAG node at addr 0x60b8 with id 255 and next node 0x60b9 0x0000_00000000ff060b9c
2024-07-19 01:15:10.873890 INFO  BF_MC Write LAG node at addr 0x60b9 with id 255 and next node 0x60ba 0x00ff_060bac00ff060b9c
2024-07-19 01:15:10.873894 INFO  BF_MC Write LAG node at addr 0x60ba with id 255 and next node 0x60bb 0x0000_00000000ff060bbc
2024-07-19 01:15:10.873897 INFO  BF_MC Write LAG node at addr 0x60bb with id 255 and next node 0x60bc 0x00ff_060bcc00ff060bbc
2024-07-19 01:15:10.873902 INFO  BF_MC Write LAG node at addr 0x60bc with id 255 and next node 0x60bd 0x0000_00000000ff060bdc
2024-07-19 01:15:10.873906 INFO  BF_MC Write LAG node at addr 0x60bd with id 255 and next node 0x60be 0x00ff_060bec00ff060bdc
2024-07-19 01:15:10.873910 INFO  BF_MC Write LAG node at addr 0x60be with id 255 and next node 0x60bf 0x0000_00000000ff060bfc
2024-07-19 01:15:10.873913 INFO  BF_MC Write LAG node at addr 0x60bf with id 255 and next node 0x60c0 0x00ff_060c0c00ff060bfc
2024-07-19 01:15:10.873918 INFO  BF_MC Write LAG node at addr 0x60c0 with id 255 and next node 0x60c1 0x0000_00000000ff060c1c
2024-07-19 01:15:10.873924 INFO  BF_MC Write LAG node at addr 0x60c1 with id 255 and next node 0x60c2 0x00ff_060c2c00ff060c1c
2024-07-19 01:15:10.873928 INFO  BF_MC Write LAG node at addr 0x60c2 with id 255 and next node 0x60c3 0x0000_00000000ff060c3c
2024-07-19 01:15:10.873932 INFO  BF_MC Write LAG node at addr 0x60c3 with id 255 and next node 0x60c4 0x00ff_060c4c00ff060c3c
2024-07-19 01:15:10.873936 INFO  BF_MC Write LAG node at addr 0x60c4 with id 255 and next node 0x60c5 0x0000_00000000ff060c5c
2024-07-19 01:15:10.873940 INFO  BF_MC Write LAG node at addr 0x60c5 with id 255 and next node 0x60c6 0x00ff_060c6c00ff060c5c
2024-07-19 01:15:10.873944 INFO  BF_MC Write LAG node at addr 0x60c6 with id 255 and next node 0x60c7 0x0000_00000000ff060c7c
2024-07-19 01:15:10.873948 INFO  BF_MC Write LAG node at addr 0x60c7 with id 255 and next node 0x60c8 0x00ff_060c8c00ff060c7c
2024-07-19 01:15:10.873952 INFO  BF_MC Write LAG node at addr 0x60c8 with id 255 and next node 0x60c9 0x0000_00000000ff060c9c
2024-07-19 01:15:10.873956 INFO  BF_MC Write LAG node at addr 0x60c9 with id 255 and next node 0x60ca 0x00ff_060cac00ff060c9c
2024-07-19 01:15:10.873960 INFO  BF_MC Write LAG node at addr 0x60ca with id 255 and next node 0x60cb 0x0000_00000000ff060cbc
2024-07-19 01:15:10.873964 INFO  BF_MC Write LAG node at addr 0x60cb with id 255 and next node 0x60cc 0x00ff_060ccc00ff060cbc
2024-07-19 01:15:10.873968 INFO  BF_MC Write LAG node at addr 0x60cc with id 255 and next node 0x60cd 0x0000_00000000ff060cdc
2024-07-19 01:15:10.873972 INFO  BF_MC Write LAG node at addr 0x60cd with id 255 and next node 0x60ce 0x00ff_060cec00ff060cdc
2024-07-19 01:15:10.873976 INFO  BF_MC Write LAG node at addr 0x60ce with id 255 and next node 0x60cf 0x0000_00000000ff060cfc
2024-07-19 01:15:10.873981 INFO  BF_MC Write LAG node at addr 0x60cf with id 255 and next node 0x60d0 0x00ff_060d0c00ff060cfc
2024-07-19 01:15:10.873985 INFO  BF_MC Write LAG node at addr 0x60d0 with id 255 and next node 0x60d1 0x0000_00000000ff060d1c
2024-07-19 01:15:10.873989 INFO  BF_MC Write LAG node at addr 0x60d1 with id 255 and next node 0x60d2 0x00ff_060d2c00ff060d1c
2024-07-19 01:15:10.873993 INFO  BF_MC Write LAG node at addr 0x60d2 with id 255 and next node 0x60d3 0x0000_00000000ff060d3c
2024-07-19 01:15:10.873997 INFO  BF_MC Write LAG node at addr 0x60d3 with id 255 and next node 0x60d4 0x00ff_060d4c00ff060d3c
2024-07-19 01:15:10.874001 INFO  BF_MC Write LAG node at addr 0x60d4 with id 255 and next node 0x60d5 0x0000_00000000ff060d5c
2024-07-19 01:15:10.874005 INFO  BF_MC Write LAG node at addr 0x60d5 with id 255 and next node 0x60d6 0x00ff_060d6c00ff060d5c
2024-07-19 01:15:10.874009 INFO  BF_MC Write LAG node at addr 0x60d6 with id 255 and next node 0x60d7 0x0000_00000000ff060d7c
2024-07-19 01:15:10.874013 INFO  BF_MC Write LAG node at addr 0x60d7 with id 255 and next node 0x60d8 0x00ff_060d8c00ff060d7c
2024-07-19 01:15:10.874017 INFO  BF_MC Write LAG node at addr 0x60d8 with id 255 and next node 0x60d9 0x0000_00000000ff060d9c
2024-07-19 01:15:10.874021 INFO  BF_MC Write LAG node at addr 0x60d9 with id 255 and next node 0x60da 0x00ff_060dac00ff060d9c
2024-07-19 01:15:10.874026 INFO  BF_MC Write LAG node at addr 0x60da with id 255 and next node 0x60db 0x0000_00000000ff060dbc
2024-07-19 01:15:10.874032 INFO  BF_MC Write LAG node at addr 0x60db with id 255 and next node 0x60dc 0x00ff_060dcc00ff060dbc
2024-07-19 01:15:10.874037 INFO  BF_MC Write LAG node at addr 0x60dc with id 255 and next node 0x60dd 0x0000_00000000ff060ddc
2024-07-19 01:15:10.874041 INFO  BF_MC Write LAG node at addr 0x60dd with id 255 and next node 0x60de 0x00ff_060dec00ff060ddc
2024-07-19 01:15:10.874045 INFO  BF_MC Write LAG node at addr 0x60de with id 255 and next node 0x60df 0x0000_00000000ff060dfc
2024-07-19 01:15:10.874049 INFO  BF_MC Write LAG node at addr 0x60df with id 255 and next node 0x60e0 0x00ff_060e0c00ff060dfc
2024-07-19 01:15:10.874053 INFO  BF_MC Write LAG node at addr 0x60e0 with id 255 and next node 0x60e1 0x0000_00000000ff060e1c
2024-07-19 01:15:10.874059 INFO  BF_MC Write LAG node at addr 0x60e1 with id 255 and next node 0x60e2 0x00ff_060e2c00ff060e1c
2024-07-19 01:15:10.874063 INFO  BF_MC Write LAG node at addr 0x60e2 with id 255 and next node 0x60e3 0x0000_00000000ff060e3c
2024-07-19 01:15:10.874067 INFO  BF_MC Write LAG node at addr 0x60e3 with id 255 and next node 0x60e4 0x00ff_060e4c00ff060e3c
2024-07-19 01:15:10.874072 INFO  BF_MC Write LAG node at addr 0x60e4 with id 255 and next node 0x60e5 0x0000_00000000ff060e5c
2024-07-19 01:15:10.874075 INFO  BF_MC Write LAG node at addr 0x60e5 with id 255 and next node 0x60e6 0x00ff_060e6c00ff060e5c
2024-07-19 01:15:10.874079 INFO  BF_MC Write LAG node at addr 0x60e6 with id 255 and next node 0x60e7 0x0000_00000000ff060e7c
2024-07-19 01:15:10.874083 INFO  BF_MC Write LAG node at addr 0x60e7 with id 255 and next node 0x60e8 0x00ff_060e8c00ff060e7c
2024-07-19 01:15:10.874087 INFO  BF_MC Write LAG node at addr 0x60e8 with id 255 and next node 0x60e9 0x0000_00000000ff060e9c
2024-07-19 01:15:10.874091 INFO  BF_MC Write LAG node at addr 0x60e9 with id 255 and next node 0x60ea 0x00ff_060eac00ff060e9c
2024-07-19 01:15:10.874095 INFO  BF_MC Write LAG node at addr 0x60ea with id 255 and next node 0x60eb 0x0000_00000000ff060ebc
2024-07-19 01:15:10.874099 INFO  BF_MC Write LAG node at addr 0x60eb with id 255 and next node 0x60ec 0x00ff_060ecc00ff060ebc
2024-07-19 01:15:10.874103 INFO  BF_MC Write LAG node at addr 0x60ec with id 255 and next node 0x60ed 0x0000_00000000ff060edc
2024-07-19 01:15:10.874107 INFO  BF_MC Write LAG node at addr 0x60ed with id 255 and next node 0x60ee 0x00ff_060eec00ff060edc
2024-07-19 01:15:10.874111 INFO  BF_MC Write LAG node at addr 0x60ee with id 255 and next node 0x60ef 0x0000_00000000ff060efc
2024-07-19 01:15:10.874116 INFO  BF_MC Write LAG node at addr 0x60ef with id 255 and next node 0x60f0 0x00ff_060f0c00ff060efc
2024-07-19 01:15:10.874121 INFO  BF_MC Write LAG node at addr 0x60f0 with id 255 and next node 0x60f1 0x0000_00000000ff060f1c
2024-07-19 01:15:10.874125 INFO  BF_MC Write LAG node at addr 0x60f1 with id 255 and next node 0x60f2 0x00ff_060f2c00ff060f1c
2024-07-19 01:15:10.874129 INFO  BF_MC Write LAG node at addr 0x60f2 with id 255 and next node 0x60f3 0x0000_00000000ff060f3c
2024-07-19 01:15:10.874132 INFO  BF_MC Write LAG node at addr 0x60f3 with id 255 and next node 0x60f4 0x00ff_060f4c00ff060f3c
2024-07-19 01:15:10.874137 INFO  BF_MC Write LAG node at addr 0x60f4 with id 255 and next node 0x60f5 0x0000_00000000ff060f5c
2024-07-19 01:15:10.874141 INFO  BF_MC Write LAG node at addr 0x60f5 with id 255 and next node 0x60f6 0x00ff_060f6c00ff060f5c
2024-07-19 01:15:10.874145 INFO  BF_MC Write LAG node at addr 0x60f6 with id 255 and next node 0x60f7 0x0000_00000000ff060f7c
2024-07-19 01:15:10.874148 INFO  BF_MC Write LAG node at addr 0x60f7 with id 255 and next node 0x60f8 0x00ff_060f8c00ff060f7c
2024-07-19 01:15:10.874153 INFO  BF_MC Write LAG node at addr 0x60f8 with id 255 and next node 0x60f9 0x0000_00000000ff060f9c
2024-07-19 01:15:10.874157 INFO  BF_MC Write LAG node at addr 0x60f9 with id 255 and next node 0x60fa 0x00ff_060fac00ff060f9c
2024-07-19 01:15:10.874160 INFO  BF_MC Write LAG node at addr 0x60fa with id 255 and next node 0x60fb 0x0000_00000000ff060fbc
2024-07-19 01:15:10.874164 INFO  BF_MC Write LAG node at addr 0x60fb with id 255 and next node 0x60fc 0x00ff_060fcc00ff060fbc
2024-07-19 01:15:10.874169 INFO  BF_MC Write LAG node at addr 0x60fc with id 255 and next node 0x60fd 0x0000_00000000ff060fdc
2024-07-19 01:15:10.874173 INFO  BF_MC Write LAG node at addr 0x60fd with id 255 and next node 0x60fe 0x00ff_060fec00ff060fdc
2024-07-19 01:15:10.874177 INFO  BF_MC Write LAG node at addr 0x60fe with id 255 and next node 0x60ff 0x0000_00000000ff060ffc
2024-07-19 01:15:10.874181 INFO  BF_MC Write LAG node at addr 0x60ff with id 255 and next node 0x6100 0x00ff_06100c00ff060ffc
2024-07-19 01:15:10.874185 INFO  BF_MC Write LAG node at addr 0x6100 with id 255 and next node 0x6101 0x0000_00000000ff06101c
2024-07-19 01:15:10.874189 INFO  BF_MC Write LAG node at addr 0x6101 with id 255 and next node 0x6102 0x00ff_06102c00ff06101c
2024-07-19 01:15:10.874195 INFO  BF_MC Write LAG node at addr 0x6102 with id 255 and next node 0x6103 0x0000_00000000ff06103c
2024-07-19 01:15:10.874199 INFO  BF_MC Write LAG node at addr 0x6103 with id 255 and next node 0 0x00ff_00000c00ff06103c
2024-07-19 01:15:10.874204 INFO  BF_MC Allocated RDM addresses 0x21c0 - 0x21df
2024-07-19 01:15:10.874208 INFO  BF_MC Write L1End node at addr 0x21c0, rid 0, l2 0x6101
2024-07-19 01:15:10.874212 INFO  BF_MC Write L1End node at addr 0x21c1, rid 0, l2 0x6100
2024-07-19 01:15:10.874216 INFO  BF_MC Write L1End node at addr 0x21c2, rid 0, l2 0x60ff
2024-07-19 01:15:10.874220 INFO  BF_MC Write L1End node at addr 0x21c3, rid 0, l2 0x60fe
2024-07-19 01:15:10.874224 INFO  BF_MC Write L1End node at addr 0x21c4, rid 0, l2 0x60fd
2024-07-19 01:15:10.874227 INFO  BF_MC Write L1End node at addr 0x21c5, rid 0, l2 0x60fc
2024-07-19 01:15:10.874231 INFO  BF_MC Write L1End node at addr 0x21c6, rid 0, l2 0x60fb
2024-07-19 01:15:10.874235 INFO  BF_MC Write L1End node at addr 0x21c7, rid 0, l2 0x60fa
2024-07-19 01:15:10.874239 INFO  BF_MC Write L1End node at addr 0x21c8, rid 0, l2 0x60f8
2024-07-19 01:15:10.874242 INFO  BF_MC Write L1End node at addr 0x21c9, rid 0, l2 0x60f6
2024-07-19 01:15:10.874247 INFO  BF_MC Write L1End node at addr 0x21ca, rid 0, l2 0x60f4
2024-07-19 01:15:10.874252 INFO  BF_MC Write L1End node at addr 0x21cb, rid 0, l2 0x60f2
2024-07-19 01:15:10.874255 INFO  BF_MC Write L1End node at addr 0x21cc, rid 0, l2 0x60f0
2024-07-19 01:15:10.874259 INFO  BF_MC Write L1End node at addr 0x21cd, rid 0, l2 0x60ee
2024-07-19 01:15:10.874263 INFO  BF_MC Write L1End node at addr 0x21ce, rid 0, l2 0x60ec
2024-07-19 01:15:10.874267 INFO  BF_MC Write L1End node at addr 0x21cf, rid 0, l2 0x60ea
2024-07-19 01:15:10.874270 INFO  BF_MC Write L1End node at addr 0x21d0, rid 0, l2 0x60e8
2024-07-19 01:15:10.874274 INFO  BF_MC Write L1End node at addr 0x21d1, rid 0, l2 0x60e6
2024-07-19 01:15:10.874278 INFO  BF_MC Write L1End node at addr 0x21d2, rid 0, l2 0x60e4
2024-07-19 01:15:10.874282 INFO  BF_MC Write L1End node at addr 0x21d3, rid 0, l2 0x60e0
2024-07-19 01:15:10.874286 INFO  BF_MC Write L1End node at addr 0x21d4, rid 0, l2 0x60dc
2024-07-19 01:15:10.874289 INFO  BF_MC Write L1End node at addr 0x21d5, rid 0, l2 0x60d8
2024-07-19 01:15:10.874293 INFO  BF_MC Write L1End node at addr 0x21d6, rid 0, l2 0x60d4
2024-07-19 01:15:10.874297 INFO  BF_MC Write L1End node at addr 0x21d7, rid 0, l2 0x60cc
2024-07-19 01:15:10.874301 INFO  BF_MC Write L1End node at addr 0x21d8, rid 0, l2 0x60c4
2024-07-19 01:15:10.874304 INFO  BF_MC Write L1End node at addr 0x21d9, rid 0, l2 0x60bc
2024-07-19 01:15:10.874308 INFO  BF_MC Write L1End node at addr 0x21da, rid 0, l2 0x60a0
2024-07-19 01:15:10.874313 INFO  BF_MC Write L1End node at addr 0x21db, rid 0, l2 0x6087
2024-07-19 01:15:10.874316 INFO  BF_MC Write L1End node at addr 0x21dc, rid 0, l2 0x606e
2024-07-19 01:15:10.874320 INFO  BF_MC Write L1End node at addr 0x21dd, rid 0, l2 0x6055
2024-07-19 01:15:10.874324 INFO  BF_MC Write L1End node at addr 0x21de, rid 0, l2 0x603c
2024-07-19 01:15:10.874328 INFO  BF_MC Write L1End node at addr 0x21df, rid 0, l2 0x6000
2024-07-19 01:15:10.874332 INFO  BF_MC Allocated RDM addresses 0x7000 - 0x7103
2024-07-19 01:15:10.874336 INFO  BF_MC Write LAG node at addr 0x7000 with id 255 and next node 0x7001 0x0000_00000000ff07001c
2024-07-19 01:15:10.874340 INFO  BF_MC Write LAG node at addr 0x7001 with id 255 and next node 0x7002 0x00ff_07002c00ff07001c
2024-07-19 01:15:10.874345 INFO  BF_MC Write LAG node at addr 0x7002 with id 255 and next node 0x7003 0x0000_00000000ff07003c
2024-07-19 01:15:10.874348 INFO  BF_MC Write LAG node at addr 0x7003 with id 255 and next node 0x7004 0x00ff_07004c00ff07003c
2024-07-19 01:15:10.874352 INFO  BF_MC Write LAG node at addr 0x7004 with id 255 and next node 0x7005 0x0000_00000000ff07005c
2024-07-19 01:15:10.874356 INFO  BF_MC Write LAG node at addr 0x7005 with id 255 and next node 0x7006 0x00ff_07006c00ff07005c
2024-07-19 01:15:10.874363 INFO  BF_MC Write LAG node at addr 0x7006 with id 255 and next node 0x7007 0x0000_00000000ff07007c
2024-07-19 01:15:10.874367 INFO  BF_MC Write LAG node at addr 0x7007 with id 255 and next node 0x7008 0x00ff_07008c00ff07007c
2024-07-19 01:15:10.874371 INFO  BF_MC Write LAG node at addr 0x7008 with id 255 and next node 0x7009 0x0000_00000000ff07009c
2024-07-19 01:15:10.874375 INFO  BF_MC Write LAG node at addr 0x7009 with id 255 and next node 0x700a 0x00ff_0700ac00ff07009c
2024-07-19 01:15:10.874381 INFO  BF_MC Write LAG node at addr 0x700a with id 255 and next node 0x700b 0x0000_00000000ff0700bc
2024-07-19 01:15:10.874387 INFO  BF_MC Write LAG node at addr 0x700b with id 255 and next node 0x700c 0x00ff_0700cc00ff0700bc
2024-07-19 01:15:10.874392 INFO  BF_MC Write LAG node at addr 0x700c with id 255 and next node 0x700d 0x0000_00000000ff0700dc
2024-07-19 01:15:10.874396 INFO  BF_MC Write LAG node at addr 0x700d with id 255 and next node 0x700e 0x00ff_0700ec00ff0700dc
2024-07-19 01:15:10.874400 INFO  BF_MC Write LAG node at addr 0x700e with id 255 and next node 0x700f 0x0000_00000000ff0700fc
2024-07-19 01:15:10.874404 INFO  BF_MC Write LAG node at addr 0x700f with id 255 and next node 0x7010 0x00ff_07010c00ff0700fc
2024-07-19 01:15:10.874408 INFO  BF_MC Write LAG node at addr 0x7010 with id 255 and next node 0x7011 0x0000_00000000ff07011c
2024-07-19 01:15:10.874412 INFO  BF_MC Write LAG node at addr 0x7011 with id 255 and next node 0x7012 0x00ff_07012c00ff07011c
2024-07-19 01:15:10.874416 INFO  BF_MC Write LAG node at addr 0x7012 with id 255 and next node 0x7013 0x0000_00000000ff07013c
2024-07-19 01:15:10.874428 INFO  BF_MC Write LAG node at addr 0x7013 with id 255 and next node 0x7014 0x00ff_07014c00ff07013c
2024-07-19 01:15:10.874432 INFO  BF_MC Write LAG node at addr 0x7014 with id 255 and next node 0x7015 0x0000_00000000ff07015c
2024-07-19 01:15:10.874436 INFO  BF_MC Write LAG node at addr 0x7015 with id 255 and next node 0x7016 0x00ff_07016c00ff07015c
2024-07-19 01:15:10.874441 INFO  BF_MC Write LAG node at addr 0x7016 with id 255 and next node 0x7017 0x0000_00000000ff07017c
2024-07-19 01:15:10.874445 INFO  BF_MC Write LAG node at addr 0x7017 with id 255 and next node 0x7018 0x00ff_07018c00ff07017c
2024-07-19 01:15:10.874449 INFO  BF_MC Write LAG node at addr 0x7018 with id 255 and next node 0x7019 0x0000_00000000ff07019c
2024-07-19 01:15:10.874453 INFO  BF_MC Write LAG node at addr 0x7019 with id 255 and next node 0x701a 0x00ff_0701ac00ff07019c
2024-07-19 01:15:10.874457 INFO  BF_MC Write LAG node at addr 0x701a with id 255 and next node 0x701b 0x0000_00000000ff0701bc
2024-07-19 01:15:10.874461 INFO  BF_MC Write LAG node at addr 0x701b with id 255 and next node 0x701c 0x00ff_0701cc00ff0701bc
2024-07-19 01:15:10.874465 INFO  BF_MC Write LAG node at addr 0x701c with id 255 and next node 0x701d 0x0000_00000000ff0701dc
2024-07-19 01:15:10.874469 INFO  BF_MC Write LAG node at addr 0x701d with id 255 and next node 0x701e 0x00ff_0701ec00ff0701dc
2024-07-19 01:15:10.874473 INFO  BF_MC Write LAG node at addr 0x701e with id 255 and next node 0x701f 0x0000_00000000ff0701fc
2024-07-19 01:15:10.874477 INFO  BF_MC Write LAG node at addr 0x701f with id 255 and next node 0x7020 0x00ff_07020c00ff0701fc
2024-07-19 01:15:10.874481 INFO  BF_MC Write LAG node at addr 0x7020 with id 255 and next node 0x7021 0x0000_00000000ff07021c
2024-07-19 01:15:10.874485 INFO  BF_MC Write LAG node at addr 0x7021 with id 255 and next node 0x7022 0x00ff_07022c00ff07021c
2024-07-19 01:15:10.874489 INFO  BF_MC Write LAG node at addr 0x7022 with id 255 and next node 0x7023 0x0000_00000000ff07023c
2024-07-19 01:15:10.874493 INFO  BF_MC Write LAG node at addr 0x7023 with id 255 and next node 0x7024 0x00ff_07024c00ff07023c
2024-07-19 01:15:10.874497 INFO  BF_MC Write LAG node at addr 0x7024 with id 255 and next node 0x7025 0x0000_00000000ff07025c
2024-07-19 01:15:10.874501 INFO  BF_MC Write LAG node at addr 0x7025 with id 255 and next node 0x7026 0x00ff_07026c00ff07025c
2024-07-19 01:15:10.874505 INFO  BF_MC Write LAG node at addr 0x7026 with id 255 and next node 0x7027 0x0000_00000000ff07027c
2024-07-19 01:15:10.874511 INFO  BF_MC Write LAG node at addr 0x7027 with id 255 and next node 0x7028 0x00ff_07028c00ff07027c
2024-07-19 01:15:10.874515 INFO  BF_MC Write LAG node at addr 0x7028 with id 255 and next node 0x7029 0x0000_00000000ff07029c
2024-07-19 01:15:10.874520 INFO  BF_MC Write LAG node at addr 0x7029 with id 255 and next node 0x702a 0x00ff_0702ac00ff07029c
2024-07-19 01:15:10.874525 INFO  BF_MC Write LAG node at addr 0x702a with id 255 and next node 0x702b 0x0000_00000000ff0702bc
2024-07-19 01:15:10.874529 INFO  BF_MC Write LAG node at addr 0x702b with id 255 and next node 0x702c 0x00ff_0702cc00ff0702bc
2024-07-19 01:15:10.874533 INFO  BF_MC Write LAG node at addr 0x702c with id 255 and next node 0x702d 0x0000_00000000ff0702dc
2024-07-19 01:15:10.874536 INFO  BF_MC Write LAG node at addr 0x702d with id 255 and next node 0x702e 0x00ff_0702ec00ff0702dc
2024-07-19 01:15:10.874541 INFO  BF_MC Write LAG node at addr 0x702e with id 255 and next node 0x702f 0x0000_00000000ff0702fc
2024-07-19 01:15:10.874545 INFO  BF_MC Write LAG node at addr 0x702f with id 255 and next node 0x7030 0x00ff_07030c00ff0702fc
2024-07-19 01:15:10.874549 INFO  BF_MC Write LAG node at addr 0x7030 with id 255 and next node 0x7031 0x0000_00000000ff07031c
2024-07-19 01:15:10.874552 INFO  BF_MC Write LAG node at addr 0x7031 with id 255 and next node 0x7032 0x00ff_07032c00ff07031c
2024-07-19 01:15:10.874557 INFO  BF_MC Write LAG node at addr 0x7032 with id 255 and next node 0x7033 0x0000_00000000ff07033c
2024-07-19 01:15:10.874561 INFO  BF_MC Write LAG node at addr 0x7033 with id 255 and next node 0x7034 0x00ff_07034c00ff07033c
2024-07-19 01:15:10.874565 INFO  BF_MC Write LAG node at addr 0x7034 with id 255 and next node 0x7035 0x0000_00000000ff07035c
2024-07-19 01:15:10.874568 INFO  BF_MC Write LAG node at addr 0x7035 with id 255 and next node 0x7036 0x00ff_07036c00ff07035c
2024-07-19 01:15:10.874573 INFO  BF_MC Write LAG node at addr 0x7036 with id 255 and next node 0x7037 0x0000_00000000ff07037c
2024-07-19 01:15:10.874577 INFO  BF_MC Write LAG node at addr 0x7037 with id 255 and next node 0x7038 0x00ff_07038c00ff07037c
2024-07-19 01:15:10.874580 INFO  BF_MC Write LAG node at addr 0x7038 with id 255 and next node 0x7039 0x0000_00000000ff07039c
2024-07-19 01:15:10.874584 INFO  BF_MC Write LAG node at addr 0x7039 with id 255 and next node 0x703a 0x00ff_0703ac00ff07039c
2024-07-19 01:15:10.874589 INFO  BF_MC Write LAG node at addr 0x703a with id 255 and next node 0x703b 0x0000_00000000ff0703bc
2024-07-19 01:15:10.874593 INFO  BF_MC Write LAG node at addr 0x703b with id 255 and next node 0x703c 0x00ff_0703cc00ff0703bc
2024-07-19 01:15:10.874597 INFO  BF_MC Write LAG node at addr 0x703c with id 255 and next node 0x703d 0x0000_00000000ff0703dc
2024-07-19 01:15:10.874600 INFO  BF_MC Write LAG node at addr 0x703d with id 255 and next node 0x703e 0x00ff_0703ec00ff0703dc
2024-07-19 01:15:10.874605 INFO  BF_MC Write LAG node at addr 0x703e with id 255 and next node 0x703f 0x0000_00000000ff0703fc
2024-07-19 01:15:10.874609 INFO  BF_MC Write LAG node at addr 0x703f with id 255 and next node 0x7040 0x00ff_07040c00ff0703fc
2024-07-19 01:15:10.874613 INFO  BF_MC Write LAG node at addr 0x7040 with id 255 and next node 0x7041 0x0000_00000000ff07041c
2024-07-19 01:15:10.874616 INFO  BF_MC Write LAG node at addr 0x7041 with id 255 and next node 0x7042 0x00ff_07042c00ff07041c
2024-07-19 01:15:10.874621 INFO  BF_MC Write LAG node at addr 0x7042 with id 255 and next node 0x7043 0x0000_00000000ff07043c
2024-07-19 01:15:10.874625 INFO  BF_MC Write LAG node at addr 0x7043 with id 255 and next node 0x7044 0x00ff_07044c00ff07043c
2024-07-19 01:15:10.874628 INFO  BF_MC Write LAG node at addr 0x7044 with id 255 and next node 0x7045 0x0000_00000000ff07045c
2024-07-19 01:15:10.874632 INFO  BF_MC Write LAG node at addr 0x7045 with id 255 and next node 0x7046 0x00ff_07046c00ff07045c
2024-07-19 01:15:10.874637 INFO  BF_MC Write LAG node at addr 0x7046 with id 255 and next node 0x7047 0x0000_00000000ff07047c
2024-07-19 01:15:10.874643 INFO  BF_MC Write LAG node at addr 0x7047 with id 255 and next node 0x7048 0x00ff_07048c00ff07047c
2024-07-19 01:15:10.874647 INFO  BF_MC Write LAG node at addr 0x7048 with id 255 and next node 0x7049 0x0000_00000000ff07049c
2024-07-19 01:15:10.874652 INFO  BF_MC Write LAG node at addr 0x7049 with id 255 and next node 0x704a 0x00ff_0704ac00ff07049c
2024-07-19 01:15:10.874656 INFO  BF_MC Write LAG node at addr 0x704a with id 255 and next node 0x704b 0x0000_00000000ff0704bc
2024-07-19 01:15:10.874660 INFO  BF_MC Write LAG node at addr 0x704b with id 255 and next node 0x704c 0x00ff_0704cc00ff0704bc
2024-07-19 01:15:10.874664 INFO  BF_MC Write LAG node at addr 0x704c with id 255 and next node 0x704d 0x0000_00000000ff0704dc
2024-07-19 01:15:10.874668 INFO  BF_MC Write LAG node at addr 0x704d with id 255 and next node 0x704e 0x00ff_0704ec00ff0704dc
2024-07-19 01:15:10.874672 INFO  BF_MC Write LAG node at addr 0x704e with id 255 and next node 0x704f 0x0000_00000000ff0704fc
2024-07-19 01:15:10.874676 INFO  BF_MC Write LAG node at addr 0x704f with id 255 and next node 0x7050 0x00ff_07050c00ff0704fc
2024-07-19 01:15:10.874680 INFO  BF_MC Write LAG node at addr 0x7050 with id 255 and next node 0x7051 0x0000_00000000ff07051c
2024-07-19 01:15:10.874684 INFO  BF_MC Write LAG node at addr 0x7051 with id 255 and next node 0x7052 0x00ff_07052c00ff07051c
2024-07-19 01:15:10.874688 INFO  BF_MC Write LAG node at addr 0x7052 with id 255 and next node 0x7053 0x0000_00000000ff07053c
2024-07-19 01:15:10.874692 INFO  BF_MC Write LAG node at addr 0x7053 with id 255 and next node 0x7054 0x00ff_07054c00ff07053c
2024-07-19 01:15:10.874696 INFO  BF_MC Write LAG node at addr 0x7054 with id 255 and next node 0x7055 0x0000_00000000ff07055c
2024-07-19 01:15:10.874700 INFO  BF_MC Write LAG node at addr 0x7055 with id 255 and next node 0x7056 0x00ff_07056c00ff07055c
2024-07-19 01:15:10.874704 INFO  BF_MC Write LAG node at addr 0x7056 with id 255 and next node 0x7057 0x0000_00000000ff07057c
2024-07-19 01:15:10.874708 INFO  BF_MC Write LAG node at addr 0x7057 with id 255 and next node 0x7058 0x00ff_07058c00ff07057c
2024-07-19 01:15:10.874712 INFO  BF_MC Write LAG node at addr 0x7058 with id 255 and next node 0x7059 0x0000_00000000ff07059c
2024-07-19 01:15:10.874716 INFO  BF_MC Write LAG node at addr 0x7059 with id 255 and next node 0x705a 0x00ff_0705ac00ff07059c
2024-07-19 01:15:10.874721 INFO  BF_MC Write LAG node at addr 0x705a with id 255 and next node 0x705b 0x0000_00000000ff0705bc
2024-07-19 01:15:10.874724 INFO  BF_MC Write LAG node at addr 0x705b with id 255 and next node 0x705c 0x00ff_0705cc00ff0705bc
2024-07-19 01:15:10.874728 INFO  BF_MC Write LAG node at addr 0x705c with id 255 and next node 0x705d 0x0000_00000000ff0705dc
2024-07-19 01:15:10.874732 INFO  BF_MC Write LAG node at addr 0x705d with id 255 and next node 0x705e 0x00ff_0705ec00ff0705dc
2024-07-19 01:15:10.874738 INFO  BF_MC Write LAG node at addr 0x705e with id 255 and next node 0x705f 0x0000_00000000ff0705fc
2024-07-19 01:15:10.874744 INFO  BF_MC Write LAG node at addr 0x705f with id 255 and next node 0x7060 0x00ff_07060c00ff0705fc
2024-07-19 01:15:10.874749 INFO  BF_MC Write LAG node at addr 0x7060 with id 255 and next node 0x7061 0x0000_00000000ff07061c
2024-07-19 01:15:10.874753 INFO  BF_MC Write LAG node at addr 0x7061 with id 255 and next node 0x7062 0x00ff_07062c00ff07061c
2024-07-19 01:15:10.874757 INFO  BF_MC Write LAG node at addr 0x7062 with id 255 and next node 0x7063 0x0000_00000000ff07063c
2024-07-19 01:15:10.874761 INFO  BF_MC Write LAG node at addr 0x7063 with id 255 and next node 0x7064 0x00ff_07064c00ff07063c
2024-07-19 01:15:10.874765 INFO  BF_MC Write LAG node at addr 0x7064 with id 255 and next node 0x7065 0x0000_00000000ff07065c
2024-07-19 01:15:10.874769 INFO  BF_MC Write LAG node at addr 0x7065 with id 255 and next node 0x7066 0x00ff_07066c00ff07065c
2024-07-19 01:15:10.874773 INFO  BF_MC Write LAG node at addr 0x7066 with id 255 and next node 0x7067 0x0000_00000000ff07067c
2024-07-19 01:15:10.874777 INFO  BF_MC Write LAG node at addr 0x7067 with id 255 and next node 0x7068 0x00ff_07068c00ff07067c
2024-07-19 01:15:10.874788 INFO  BF_MC Write LAG node at addr 0x7068 with id 255 and next node 0x7069 0x0000_00000000ff07069c
2024-07-19 01:15:10.874793 INFO  BF_MC Write LAG node at addr 0x7069 with id 255 and next node 0x706a 0x00ff_0706ac00ff07069c
2024-07-19 01:15:10.874798 INFO  BF_MC Write LAG node at addr 0x706a with id 255 and next node 0x706b 0x0000_00000000ff0706bc
2024-07-19 01:15:10.874802 INFO  BF_MC Write LAG node at addr 0x706b with id 255 and next node 0x706c 0x00ff_0706cc00ff0706bc
2024-07-19 01:15:10.874806 INFO  BF_MC Write LAG node at addr 0x706c with id 255 and next node 0x706d 0x0000_00000000ff0706dc
2024-07-19 01:15:10.875192 INFO  BF_PM bf_pm_pltfm_front_port_eligible_for_autoneg:3163 0:7/0:1(an_eligibility)
2024-07-19 01:15:10.875225 INFO  BF_PM bf_pm_pltfm_front_port_ready_for_bringup:3062 0:7/0:1(ready)
2024-07-19 01:15:10.875239 INFO  BF_PM bf_pm_pltfm_front_port_eligible_for_autoneg:3163 0:7/1:1(an_eligibility)
2024-07-19 01:15:10.875252 INFO  BF_PM bf_pm_pltfm_front_port_ready_for_bringup:3062 0:7/1:1(ready)
2024-07-19 01:15:10.875265 INFO  BF_PM bf_pm_pltfm_front_port_eligible_for_autoneg:3163 0:7/2:1(an_eligibility)
2024-07-19 01:15:10.875281 INFO  BF_PM bf_pm_pltfm_front_port_ready_for_bringup:3062 0:7/2:1(ready)
2024-07-19 01:15:10.875299 INFO  BF_PM bf_pm_pltfm_front_port_eligible_for_autoneg:3163 0:7/3:1(an_eligibility)
2024-07-19 01:15:10.875312 INFO  BF_PM bf_pm_pltfm_front_port_ready_for_bringup:3062 0:7/3:1(ready)
2024-07-19 01:15:10.875326 DEBUG BF_PLTFM QSFP:  7 : QSFP_FSM_ST_INSERTED         --> QSFP_FSM_ST_DETECTED         (0ms)
2024-07-19 01:15:10.877416 INFO  BF_MC Write LAG node at addr 0x706d with id 255 and next node 0x706e 0x00ff_0706ec00ff0706dc
2024-07-19 01:15:10.877476 INFO  BF_MC Write LAG node at addr 0x706e with id 255 and next node 0x706f 0x0000_00000000ff0706fc
2024-07-19 01:15:10.877492 INFO  BF_MC Write LAG node at addr 0x706f with id 255 and next node 0x7070 0x00ff_07070c00ff0706fc
2024-07-19 01:15:10.877506 INFO  BF_MC Write LAG node at addr 0x7070 with id 255 and next node 0x7071 0x0000_00000000ff07071c
2024-07-19 01:15:10.877521 INFO  BF_MC Write LAG node at addr 0x7071 with id 255 and next node 0x7072 0x00ff_07072c00ff07071c
2024-07-19 01:15:10.877534 INFO  BF_MC Write LAG node at addr 0x7072 with id 255 and next node 0x7073 0x0000_00000000ff07073c
2024-07-19 01:15:10.877547 INFO  BF_MC Write LAG node at addr 0x7073 with id 255 and next node 0x7074 0x00ff_07074c00ff07073c
2024-07-19 01:15:10.877559 INFO  BF_MC Write LAG node at addr 0x7074 with id 255 and next node 0x7075 0x0000_00000000ff07075c
2024-07-19 01:15:10.877574 INFO  BF_MC Write LAG node at addr 0x7075 with id 255 and next node 0x7076 0x00ff_07076c00ff07075c
2024-07-19 01:15:10.877587 INFO  BF_MC Write LAG node at addr 0x7076 with id 255 and next node 0x7077 0x0000_00000000ff07077c
2024-07-19 01:15:10.877599 INFO  BF_MC Write LAG node at addr 0x7077 with id 255 and next node 0x7078 0x00ff_07078c00ff07077c
2024-07-19 01:15:10.877612 INFO  BF_MC Write LAG node at addr 0x7078 with id 255 and next node 0x7079 0x0000_00000000ff07079c
2024-07-19 01:15:10.877627 INFO  BF_MC Write LAG node at addr 0x7079 with id 255 and next node 0x707a 0x00ff_0707ac00ff07079c
2024-07-19 01:15:10.877640 INFO  BF_MC Write LAG node at addr 0x707a with id 255 and next node 0x707b 0x0000_00000000ff0707bc
2024-07-19 01:15:10.877660 INFO  BF_MC Write LAG node at addr 0x707b with id 255 and next node 0x707c 0x00ff_0707cc00ff0707bc
2024-07-19 01:15:10.877674 INFO  BF_MC Write LAG node at addr 0x707c with id 255 and next node 0x707d 0x0000_00000000ff0707dc
2024-07-19 01:15:10.877689 INFO  BF_MC Write LAG node at addr 0x707d with id 255 and next node 0x707e 0x00ff_0707ec00ff0707dc
2024-07-19 01:15:10.877701 INFO  BF_MC Write LAG node at addr 0x707e with id 255 and next node 0x707f 0x0000_00000000ff0707fc
2024-07-19 01:15:10.877714 INFO  BF_MC Write LAG node at addr 0x707f with id 255 and next node 0x7080 0x00ff_07080c00ff0707fc
2024-07-19 01:15:10.877727 INFO  BF_MC Write LAG node at addr 0x7080 with id 255 and next node 0x7081 0x0000_00000000ff07081c
2024-07-19 01:15:10.877762 INFO  BF_MC Write LAG node at addr 0x7081 with id 255 and next node 0x7082 0x00ff_07082c00ff07081c
2024-07-19 01:15:10.877781 INFO  BF_MC Write LAG node at addr 0x7082 with id 255 and next node 0x7083 0x0000_00000000ff07083c
2024-07-19 01:15:10.877798 INFO  BF_MC Write LAG node at addr 0x7083 with id 255 and next node 0x7084 0x00ff_07084c00ff07083c
2024-07-19 01:15:10.877813 INFO  BF_MC Write LAG node at addr 0x7084 with id 255 and next node 0x7085 0x0000_00000000ff07085c
2024-07-19 01:15:10.877827 INFO  BF_MC Write LAG node at addr 0x7085 with id 255 and next node 0x7086 0x00ff_07086c00ff07085c
2024-07-19 01:15:10.877839 INFO  BF_MC Write LAG node at addr 0x7086 with id 255 and next node 0x7087 0x0000_00000000ff07087c
2024-07-19 01:15:10.877851 INFO  BF_MC Write LAG node at addr 0x7087 with id 255 and next node 0x7088 0x00ff_07088c00ff07087c
2024-07-19 01:15:10.877863 INFO  BF_MC Write LAG node at addr 0x7088 with id 255 and next node 0x7089 0x0000_00000000ff07089c
2024-07-19 01:15:10.877877 INFO  BF_MC Write LAG node at addr 0x7089 with id 255 and next node 0x708a 0x00ff_0708ac00ff07089c
2024-07-19 01:15:10.877889 INFO  BF_MC Write LAG node at addr 0x708a with id 255 and next node 0x708b 0x0000_00000000ff0708bc
2024-07-19 01:15:10.877901 INFO  BF_MC Write LAG node at addr 0x708b with id 255 and next node 0x708c 0x00ff_0708cc00ff0708bc
2024-07-19 01:15:10.877913 INFO  BF_MC Write LAG node at addr 0x708c with id 255 and next node 0x708d 0x0000_00000000ff0708dc
2024-07-19 01:15:10.877927 INFO  BF_MC Write LAG node at addr 0x708d with id 255 and next node 0x708e 0x00ff_0708ec00ff0708dc
2024-07-19 01:15:10.877939 INFO  BF_MC Write LAG node at addr 0x708e with id 255 and next node 0x708f 0x0000_00000000ff0708fc
2024-07-19 01:15:10.877951 INFO  BF_MC Write LAG node at addr 0x708f with id 255 and next node 0x7090 0x00ff_07090c00ff0708fc
2024-07-19 01:15:10.877963 INFO  BF_MC Write LAG node at addr 0x7090 with id 255 and next node 0x7091 0x0000_00000000ff07091c
2024-07-19 01:15:10.877977 INFO  BF_MC Write LAG node at addr 0x7091 with id 255 and next node 0x7092 0x00ff_07092c00ff07091c
2024-07-19 01:15:10.877989 INFO  BF_MC Write LAG node at addr 0x7092 with id 255 and next node 0x7093 0x0000_00000000ff07093c
2024-07-19 01:15:10.878003 INFO  BF_MC Write LAG node at addr 0x7093 with id 255 and next node 0x7094 0x00ff_07094c00ff07093c
2024-07-19 01:15:10.878022 INFO  BF_MC Write LAG node at addr 0x7094 with id 255 and next node 0x7095 0x0000_00000000ff07095c
2024-07-19 01:15:10.878036 INFO  BF_MC Write LAG node at addr 0x7095 with id 255 and next node 0x7096 0x00ff_07096c00ff07095c
2024-07-19 01:15:10.878048 INFO  BF_MC Write LAG node at addr 0x7096 with id 255 and next node 0x7097 0x0000_00000000ff07097c
2024-07-19 01:15:10.878060 INFO  BF_MC Write LAG node at addr 0x7097 with id 255 and next node 0x7098 0x00ff_07098c00ff07097c
2024-07-19 01:15:10.878072 INFO  BF_MC Write LAG node at addr 0x7098 with id 255 and next node 0x7099 0x0000_00000000ff07099c
2024-07-19 01:15:10.878086 INFO  BF_MC Write LAG node at addr 0x7099 with id 255 and next node 0x709a 0x00ff_0709ac00ff07099c
2024-07-19 01:15:10.878099 INFO  BF_MC Write LAG node at addr 0x709a with id 255 and next node 0x709b 0x0000_00000000ff0709bc
2024-07-19 01:15:10.878111 INFO  BF_MC Write LAG node at addr 0x709b with id 255 and next node 0x709c 0x00ff_0709cc00ff0709bc
2024-07-19 01:15:10.878123 INFO  BF_MC Write LAG node at addr 0x709c with id 255 and next node 0x709d 0x0000_00000000ff0709dc
2024-07-19 01:15:10.878140 INFO  BF_MC Write LAG node at addr 0x709d with id 255 and next node 0x709e 0x00ff_0709ec00ff0709dc
2024-07-19 01:15:10.878158 INFO  BF_MC Write LAG node at addr 0x709e with id 255 and next node 0x709f 0x0000_00000000ff0709fc
2024-07-19 01:15:10.878171 INFO  BF_MC Write LAG node at addr 0x709f with id 255 and next node 0x70a0 0x00ff_070a0c00ff0709fc
2024-07-19 01:15:10.878183 INFO  BF_MC Write LAG node at addr 0x70a0 with id 255 and next node 0x70a1 0x0000_00000000ff070a1c
2024-07-19 01:15:10.878204 INFO  BF_MC Write LAG node at addr 0x70a1 with id 255 and next node 0x70a2 0x00ff_070a2c00ff070a1c
2024-07-19 01:15:10.878216 INFO  BF_MC Write LAG node at addr 0x70a2 with id 255 and next node 0x70a3 0x0000_00000000ff070a3c
2024-07-19 01:15:10.878229 INFO  BF_MC Write LAG node at addr 0x70a3 with id 255 and next node 0x70a4 0x00ff_070a4c00ff070a3c
2024-07-19 01:15:10.878241 INFO  BF_MC Write LAG node at addr 0x70a4 with id 255 and next node 0x70a5 0x0000_00000000ff070a5c
2024-07-19 01:15:10.878255 INFO  BF_MC Write LAG node at addr 0x70a5 with id 255 and next node 0x70a6 0x00ff_070a6c00ff070a5c
2024-07-19 01:15:10.878267 INFO  BF_MC Write LAG node at addr 0x70a6 with id 255 and next node 0x70a7 0x0000_00000000ff070a7c
2024-07-19 01:15:10.878279 INFO  BF_MC Write LAG node at addr 0x70a7 with id 255 and next node 0x70a8 0x00ff_070a8c00ff070a7c
2024-07-19 01:15:10.878291 INFO  BF_MC Write LAG node at addr 0x70a8 with id 255 and next node 0x70a9 0x0000_00000000ff070a9c
2024-07-19 01:15:10.878305 INFO  BF_MC Write LAG node at addr 0x70a9 with id 255 and next node 0x70aa 0x00ff_070aac00ff070a9c
2024-07-19 01:15:10.878317 INFO  BF_MC Write LAG node at addr 0x70aa with id 255 and next node 0x70ab 0x0000_00000000ff070abc
2024-07-19 01:15:10.878329 INFO  BF_MC Write LAG node at addr 0x70ab with id 255 and next node 0x70ac 0x00ff_070acc00ff070abc
2024-07-19 01:15:10.878341 INFO  BF_MC Write LAG node at addr 0x70ac with id 255 and next node 0x70ad 0x0000_00000000ff070adc
2024-07-19 01:15:10.878355 INFO  BF_MC Write LAG node at addr 0x70ad with id 255 and next node 0x70ae 0x00ff_070aec00ff070adc
2024-07-19 01:15:10.878370 INFO  BF_MC Write LAG node at addr 0x70ae with id 255 and next node 0x70af 0x0000_00000000ff070afc
2024-07-19 01:15:10.878389 INFO  BF_MC Write LAG node at addr 0x70af with id 255 and next node 0x70b0 0x00ff_070b0c00ff070afc
2024-07-19 01:15:10.878403 INFO  BF_MC Write LAG node at addr 0x70b0 with id 255 and next node 0x70b1 0x0000_00000000ff070b1c
2024-07-19 01:15:10.878429 INFO  BF_MC Write LAG node at addr 0x70b1 with id 255 and next node 0x70b2 0x00ff_070b2c00ff070b1c
2024-07-19 01:15:10.878445 INFO  BF_MC Write LAG node at addr 0x70b2 with id 255 and next node 0x70b3 0x0000_00000000ff070b3c
2024-07-19 01:15:10.878457 INFO  BF_MC Write LAG node at addr 0x70b3 with id 255 and next node 0x70b4 0x00ff_070b4c00ff070b3c
2024-07-19 01:15:10.878470 INFO  BF_MC Write LAG node at addr 0x70b4 with id 255 and next node 0x70b5 0x0000_00000000ff070b5c
2024-07-19 01:15:10.878483 INFO  BF_MC Write LAG node at addr 0x70b5 with id 255 and next node 0x70b6 0x00ff_070b6c00ff070b5c
2024-07-19 01:15:10.878497 INFO  BF_MC Write LAG node at addr 0x70b6 with id 255 and next node 0x70b7 0x0000_00000000ff070b7c
2024-07-19 01:15:10.878516 INFO  BF_MC Write LAG node at addr 0x70b7 with id 255 and next node 0x70b8 0x00ff_070b8c00ff070b7c
2024-07-19 01:15:10.878529 INFO  BF_MC Write LAG node at addr 0x70b8 with id 255 and next node 0x70b9 0x0000_00000000ff070b9c
2024-07-19 01:15:10.878543 INFO  BF_MC Write LAG node at addr 0x70b9 with id 255 and next node 0x70ba 0x00ff_070bac00ff070b9c
2024-07-19 01:15:10.878556 INFO  BF_MC Write LAG node at addr 0x70ba with id 255 and next node 0x70bb 0x0000_00000000ff070bbc
2024-07-19 01:15:10.878568 INFO  BF_MC Write LAG node at addr 0x70bb with id 255 and next node 0x70bc 0x00ff_070bcc00ff070bbc
2024-07-19 01:15:10.878580 INFO  BF_MC Write LAG node at addr 0x70bc with id 255 and next node 0x70bd 0x0000_00000000ff070bdc
2024-07-19 01:15:10.878595 INFO  BF_MC Write LAG node at addr 0x70bd with id 255 and next node 0x70be 0x00ff_070bec00ff070bdc
2024-07-19 01:15:10.878607 INFO  BF_MC Write LAG node at addr 0x70be with id 255 and next node 0x70bf 0x0000_00000000ff070bfc
2024-07-19 01:15:10.878619 INFO  BF_MC Write LAG node at addr 0x70bf with id 255 and next node 0x70c0 0x00ff_070c0c00ff070bfc
2024-07-19 01:15:10.878631 INFO  BF_MC Write LAG node at addr 0x70c0 with id 255 and next node 0x70c1 0x0000_00000000ff070c1c
2024-07-19 01:15:10.878645 INFO  BF_MC Write LAG node at addr 0x70c1 with id 255 and next node 0x70c2 0x00ff_070c2c00ff070c1c
2024-07-19 01:15:10.878664 INFO  BF_MC Write LAG node at addr 0x70c2 with id 255 and next node 0x70c3 0x0000_00000000ff070c3c
2024-07-19 01:15:10.878676 INFO  BF_MC Write LAG node at addr 0x70c3 with id 255 and next node 0x70c4 0x00ff_070c4c00ff070c3c
2024-07-19 01:15:10.878688 INFO  BF_MC Write LAG node at addr 0x70c4 with id 255 and next node 0x70c5 0x0000_00000000ff070c5c
2024-07-19 01:15:10.878702 INFO  BF_MC Write LAG node at addr 0x70c5 with id 255 and next node 0x70c6 0x00ff_070c6c00ff070c5c
2024-07-19 01:15:10.878714 INFO  BF_MC Write LAG node at addr 0x70c6 with id 255 and next node 0x70c7 0x0000_00000000ff070c7c
2024-07-19 01:15:10.878726 INFO  BF_MC Write LAG node at addr 0x70c7 with id 255 and next node 0x70c8 0x00ff_070c8c00ff070c7c
2024-07-19 01:15:10.878742 INFO  BF_MC Write LAG node at addr 0x70c8 with id 255 and next node 0x70c9 0x0000_00000000ff070c9c
2024-07-19 01:15:10.878761 INFO  BF_MC Write LAG node at addr 0x70c9 with id 255 and next node 0x70ca 0x00ff_070cac00ff070c9c
2024-07-19 01:15:10.878774 INFO  BF_MC Write LAG node at addr 0x70ca with id 255 and next node 0x70cb 0x0000_00000000ff070cbc
2024-07-19 01:15:10.878786 INFO  BF_MC Write LAG node at addr 0x70cb with id 255 and next node 0x70cc 0x00ff_070ccc00ff070cbc
2024-07-19 01:15:10.878798 INFO  BF_MC Write LAG node at addr 0x70cc with id 255 and next node 0x70cd 0x0000_00000000ff070cdc
2024-07-19 01:15:10.878812 INFO  BF_MC Write LAG node at addr 0x70cd with id 255 and next node 0x70ce 0x00ff_070cec00ff070cdc
2024-07-19 01:15:10.878824 INFO  BF_MC Write LAG node at addr 0x70ce with id 255 and next node 0x70cf 0x0000_00000000ff070cfc
2024-07-19 01:15:10.878837 INFO  BF_MC Write LAG node at addr 0x70cf with id 255 and next node 0x70d0 0x00ff_070d0c00ff070cfc
2024-07-19 01:15:10.878849 INFO  BF_MC Write LAG node at addr 0x70d0 with id 255 and next node 0x70d1 0x0000_00000000ff070d1c
2024-07-19 01:15:10.878865 INFO  BF_MC Write LAG node at addr 0x70d1 with id 255 and next node 0x70d2 0x00ff_070d2c00ff070d1c
2024-07-19 01:15:10.878883 INFO  BF_MC Write LAG node at addr 0x70d2 with id 255 and next node 0x70d3 0x0000_00000000ff070d3c
2024-07-19 01:15:10.878896 INFO  BF_MC Write LAG node at addr 0x70d3 with id 255 and next node 0x70d4 0x00ff_070d4c00ff070d3c
2024-07-19 01:15:10.878908 INFO  BF_MC Write LAG node at addr 0x70d4 with id 255 and next node 0x70d5 0x0000_00000000ff070d5c
2024-07-19 01:15:10.878922 INFO  BF_MC Write LAG node at addr 0x70d5 with id 255 and next node 0x70d6 0x00ff_070d6c00ff070d5c
2024-07-19 01:15:10.878934 INFO  BF_MC Write LAG node at addr 0x70d6 with id 255 and next node 0x70d7 0x0000_00000000ff070d7c
2024-07-19 01:15:10.878946 INFO  BF_MC Write LAG node at addr 0x70d7 with id 255 and next node 0x70d8 0x00ff_070d8c00ff070d7c
2024-07-19 01:15:10.878958 INFO  BF_MC Write LAG node at addr 0x70d8 with id 255 and next node 0x70d9 0x0000_00000000ff070d9c
2024-07-19 01:15:10.878973 INFO  BF_MC Write LAG node at addr 0x70d9 with id 255 and next node 0x70da 0x00ff_070dac00ff070d9c
2024-07-19 01:15:10.878985 INFO  BF_MC Write LAG node at addr 0x70da with id 255 and next node 0x70db 0x0000_00000000ff070dbc
2024-07-19 01:15:10.878997 INFO  BF_MC Write LAG node at addr 0x70db with id 255 and next node 0x70dc 0x00ff_070dcc00ff070dbc
2024-07-19 01:15:10.879009 INFO  BF_MC Write LAG node at addr 0x70dc with id 255 and next node 0x70dd 0x0000_00000000ff070ddc
2024-07-19 01:15:10.879022 INFO  BF_MC Write LAG node at addr 0x70dd with id 255 and next node 0x70de 0x00ff_070dec00ff070ddc
2024-07-19 01:15:10.879034 INFO  BF_MC Write LAG node at addr 0x70de with id 255 and next node 0x70df 0x0000_00000000ff070dfc
2024-07-19 01:15:10.879046 INFO  BF_MC Write LAG node at addr 0x70df with id 255 and next node 0x70e0 0x00ff_070e0c00ff070dfc
2024-07-19 01:15:10.879058 INFO  BF_MC Write LAG node at addr 0x70e0 with id 255 and next node 0x70e1 0x0000_00000000ff070e1c
2024-07-19 01:15:10.879072 INFO  BF_MC Write LAG node at addr 0x70e1 with id 255 and next node 0x70e2 0x00ff_070e2c00ff070e1c
2024-07-19 01:15:10.879091 INFO  BF_MC Write LAG node at addr 0x70e2 with id 255 and next node 0x70e3 0x0000_00000000ff070e3c
2024-07-19 01:15:10.879107 INFO  BF_MC Write LAG node at addr 0x70e3 with id 255 and next node 0x70e4 0x00ff_070e4c00ff070e3c
2024-07-19 01:15:10.879124 INFO  BF_MC Write LAG node at addr 0x70e4 with id 255 and next node 0x70e5 0x0000_00000000ff070e5c
2024-07-19 01:15:10.879138 INFO  BF_MC Write LAG node at addr 0x70e5 with id 255 and next node 0x70e6 0x00ff_070e6c00ff070e5c
2024-07-19 01:15:10.879150 INFO  BF_MC Write LAG node at addr 0x70e6 with id 255 and next node 0x70e7 0x0000_00000000ff070e7c
2024-07-19 01:15:10.879162 INFO  BF_MC Write LAG node at addr 0x70e7 with id 255 and next node 0x70e8 0x00ff_070e8c00ff070e7c
2024-07-19 01:15:10.879174 INFO  BF_MC Write LAG node at addr 0x70e8 with id 255 and next node 0x70e9 0x0000_00000000ff070e9c
2024-07-19 01:15:10.879188 INFO  BF_MC Write LAG node at addr 0x70e9 with id 255 and next node 0x70ea 0x00ff_070eac00ff070e9c
2024-07-19 01:15:10.879200 INFO  BF_MC Write LAG node at addr 0x70ea with id 255 and next node 0x70eb 0x0000_00000000ff070ebc
2024-07-19 01:15:10.879212 INFO  BF_MC Write LAG node at addr 0x70eb with id 255 and next node 0x70ec 0x00ff_070ecc00ff070ebc
2024-07-19 01:15:10.879227 INFO  BF_MC Write LAG node at addr 0x70ec with id 255 and next node 0x70ed 0x0000_00000000ff070edc
2024-07-19 01:15:10.879247 INFO  BF_MC Write LAG node at addr 0x70ed with id 255 and next node 0x70ee 0x00ff_070eec00ff070edc
2024-07-19 01:15:10.879259 INFO  BF_MC Write LAG node at addr 0x70ee with id 255 and next node 0x70ef 0x0000_00000000ff070efc
2024-07-19 01:15:10.879271 INFO  BF_MC Write LAG node at addr 0x70ef with id 255 and next node 0x70f0 0x00ff_070f0c00ff070efc
2024-07-19 01:15:10.879284 INFO  BF_MC Write LAG node at addr 0x70f0 with id 255 and next node 0x70f1 0x0000_00000000ff070f1c
2024-07-19 01:15:10.879298 INFO  BF_MC Write LAG node at addr 0x70f1 with id 255 and next node 0x70f2 0x00ff_070f2c00ff070f1c
2024-07-19 01:15:10.879310 INFO  BF_MC Write LAG node at addr 0x70f2 with id 255 and next node 0x70f3 0x0000_00000000ff070f3c
2024-07-19 01:15:10.879322 INFO  BF_MC Write LAG node at addr 0x70f3 with id 255 and next node 0x70f4 0x00ff_070f4c00ff070f3c
2024-07-19 01:15:10.879334 INFO  BF_MC Write LAG node at addr 0x70f4 with id 255 and next node 0x70f5 0x0000_00000000ff070f5c
2024-07-19 01:15:10.879348 INFO  BF_MC Write LAG node at addr 0x70f5 with id 255 and next node 0x70f6 0x00ff_070f6c00ff070f5c
2024-07-19 01:15:10.879360 INFO  BF_MC Write LAG node at addr 0x70f6 with id 255 and next node 0x70f7 0x0000_00000000ff070f7c
2024-07-19 01:15:10.879372 INFO  BF_MC Write LAG node at addr 0x70f7 with id 255 and next node 0x70f8 0x00ff_070f8c00ff070f7c
2024-07-19 01:15:10.879385 INFO  BF_MC Write LAG node at addr 0x70f8 with id 255 and next node 0x70f9 0x0000_00000000ff070f9c
2024-07-19 01:15:10.879399 INFO  BF_MC Write LAG node at addr 0x70f9 with id 255 and next node 0x70fa 0x00ff_070fac00ff070f9c
2024-07-19 01:15:10.879411 INFO  BF_MC Write LAG node at addr 0x70fa with id 255 and next node 0x70fb 0x0000_00000000ff070fbc
2024-07-19 01:15:10.879433 INFO  BF_MC Write LAG node at addr 0x70fb with id 255 and next node 0x70fc 0x00ff_070fcc00ff070fbc
2024-07-19 01:15:10.879448 INFO  BF_MC Write LAG node at addr 0x70fc with id 255 and next node 0x70fd 0x0000_00000000ff070fdc
2024-07-19 01:15:10.879465 INFO  BF_MC Write LAG node at addr 0x70fd with id 255 and next node 0x70fe 0x00ff_070fec00ff070fdc
2024-07-19 01:15:10.879483 INFO  BF_MC Write LAG node at addr 0x70fe with id 255 and next node 0x70ff 0x0000_00000000ff070ffc
2024-07-19 01:15:10.879495 INFO  BF_MC Write LAG node at addr 0x70ff with id 255 and next node 0x7100 0x00ff_07100c00ff070ffc
2024-07-19 01:15:10.879507 INFO  BF_MC Write LAG node at addr 0x7100 with id 255 and next node 0x7101 0x0000_00000000ff07101c
2024-07-19 01:15:10.879522 INFO  BF_MC Write LAG node at addr 0x7101 with id 255 and next node 0x7102 0x00ff_07102c00ff07101c
2024-07-19 01:15:10.879534 INFO  BF_MC Write LAG node at addr 0x7102 with id 255 and next node 0x7103 0x0000_00000000ff07103c
2024-07-19 01:15:10.879552 INFO  BF_MC Write LAG node at addr 0x7103 with id 255 and next node 0 0x00ff_00000c00ff07103c
2024-07-19 01:15:10.879573 INFO  BF_MC Allocated RDM addresses 0x31c0 - 0x31df
2024-07-19 01:15:10.879589 INFO  BF_MC Write L1End node at addr 0x31c0, rid 0, l2 0x7101
2024-07-19 01:15:10.879607 INFO  BF_MC Write L1End node at addr 0x31c1, rid 0, l2 0x7100
2024-07-19 01:15:10.879619 INFO  BF_MC Write L1End node at addr 0x31c2, rid 0, l2 0x70ff
2024-07-19 01:15:10.879631 INFO  BF_MC Write L1End node at addr 0x31c3, rid 0, l2 0x70fe
2024-07-19 01:15:10.879644 INFO  BF_MC Write L1End node at addr 0x31c4, rid 0, l2 0x70fd
2024-07-19 01:15:10.879655 INFO  BF_MC Write L1End node at addr 0x31c5, rid 0, l2 0x70fc
2024-07-19 01:15:10.879667 INFO  BF_MC Write L1End node at addr 0x31c6, rid 0, l2 0x70fb
2024-07-19 01:15:10.879678 INFO  BF_MC Write L1End node at addr 0x31c7, rid 0, l2 0x70fa
2024-07-19 01:15:10.879692 INFO  BF_MC Write L1End node at addr 0x31c8, rid 0, l2 0x70f8
2024-07-19 01:15:10.879703 INFO  BF_MC Write L1End node at addr 0x31c9, rid 0, l2 0x70f6
2024-07-19 01:15:10.879714 INFO  BF_MC Write L1End node at addr 0x31ca, rid 0, l2 0x70f4
2024-07-19 01:15:10.879726 INFO  BF_MC Write L1End node at addr 0x31cb, rid 0, l2 0x70f2
2024-07-19 01:15:10.879739 INFO  BF_MC Write L1End node at addr 0x31cc, rid 0, l2 0x70f0
2024-07-19 01:15:10.879751 INFO  BF_MC Write L1End node at addr 0x31cd, rid 0, l2 0x70ee
2024-07-19 01:15:10.879762 INFO  BF_MC Write L1End node at addr 0x31ce, rid 0, l2 0x70ec
2024-07-19 01:15:10.879773 INFO  BF_MC Write L1End node at addr 0x31cf, rid 0, l2 0x70ea
2024-07-19 01:15:10.879787 INFO  BF_MC Write L1End node at addr 0x31d0, rid 0, l2 0x70e8
2024-07-19 01:15:10.879798 INFO  BF_MC Write L1End node at addr 0x31d1, rid 0, l2 0x70e6
2024-07-19 01:15:10.879809 INFO  BF_MC Write L1End node at addr 0x31d2, rid 0, l2 0x70e4
2024-07-19 01:15:10.879822 INFO  BF_MC Write L1End node at addr 0x31d3, rid 0, l2 0x70e0
2024-07-19 01:15:10.879842 INFO  BF_MC Write L1End node at addr 0x31d4, rid 0, l2 0x70dc
2024-07-19 01:15:10.879854 INFO  BF_MC Write L1End node at addr 0x31d5, rid 0, l2 0x70d8
2024-07-19 01:15:10.879865 INFO  BF_MC Write L1End node at addr 0x31d6, rid 0, l2 0x70d4
2024-07-19 01:15:10.879877 INFO  BF_MC Write L1End node at addr 0x31d7, rid 0, l2 0x70cc
2024-07-19 01:15:10.879890 INFO  BF_MC Write L1End node at addr 0x31d8, rid 0, l2 0x70c4
2024-07-19 01:15:10.879902 INFO  BF_MC Write L1End node at addr 0x31d9, rid 0, l2 0x70bc
2024-07-19 01:15:10.879914 INFO  BF_MC Write L1End node at addr 0x31da, rid 0, l2 0x70a0
2024-07-19 01:15:10.879925 INFO  BF_MC Write L1End node at addr 0x31db, rid 0, l2 0x7087
2024-07-19 01:15:10.879939 INFO  BF_MC Write L1End node at addr 0x31dc, rid 0, l2 0x706e
2024-07-19 01:15:10.879953 INFO  BF_MC Write L1End node at addr 0x31dd, rid 0, l2 0x7055
2024-07-19 01:15:10.879969 INFO  BF_MC Write L1End node at addr 0x31de, rid 0, l2 0x703c
2024-07-19 01:15:10.879981 INFO  BF_MC Write L1End node at addr 0x31df, rid 0, l2 0x7000
2024-07-19 01:15:10.887799 INFO  BF_PM bf_pm_pltfm_front_port_eligible_for_autoneg:3163 0:21/0:1(an_eligibility)
2024-07-19 01:15:10.887849 INFO  BF_PM bf_pm_pltfm_front_port_ready_for_bringup:3062 0:21/0:1(ready)
2024-07-19 01:15:10.887863 INFO  BF_PM bf_pm_pltfm_front_port_eligible_for_autoneg:3163 0:21/1:1(an_eligibility)
2024-07-19 01:15:10.887875 INFO  BF_PM bf_pm_pltfm_front_port_ready_for_bringup:3062 0:21/1:1(ready)
2024-07-19 01:15:10.887889 INFO  BF_PM bf_pm_pltfm_front_port_eligible_for_autoneg:3163 0:21/2:1(an_eligibility)
2024-07-19 01:15:10.887901 INFO  BF_PM bf_pm_pltfm_front_port_ready_for_bringup:3062 0:21/2:1(ready)
2024-07-19 01:15:10.887915 INFO  BF_PM bf_pm_pltfm_front_port_eligible_for_autoneg:3163 0:21/3:1(an_eligibility)
2024-07-19 01:15:10.887933 INFO  BF_PM bf_pm_pltfm_front_port_ready_for_bringup:3062 0:21/3:1(ready)
2024-07-19 01:15:10.887955 DEBUG BF_PLTFM QSFP: 21 : QSFP_FSM_ST_INSERTED         --> QSFP_FSM_ST_DETECTED         (0ms)
2024-07-19 01:15:10.895510 INFO  BF_MC mc_mgr_add_device: Device 0 add successful.
2024-07-19 01:15:10.935155 DEBUG BF_PORT 0:68: 64(speed): 0(fec): 4(n_lanes)
2024-07-19 01:15:10.935190 DEBUG BF_PORT port_mgr_tof1_port_add:1021:0:68:64(speed):0(fec)
2024-07-19 01:15:10.935540 INFO  BF_TM Enabling QAC rx during port-add for dev 0, dev_port 68
2024-07-19 01:15:10.936065 DEBUG BF_PORT 0:68: 64(speed): 0(fec): 4(n_lanes)
2024-07-19 01:15:10.936073 DEBUG BF_PORT port_mgr_tof1_port_add:1021:0:68:64(speed):0(fec)
2024-07-19 01:15:10.936231 INFO  BF_DVM Dev 0 port 68 added sts Success (0)
2024-07-19 01:15:10.936239 DEBUG BF_PORT 0:192: 64(speed): 0(fec): 4(n_lanes)
2024-07-19 01:15:10.936243 DEBUG BF_PORT port_mgr_tof1_port_add:1021:0:192:64(speed):0(fec)
2024-07-19 01:15:10.936581 INFO  BF_TM Enabling QAC rx during port-add for dev 0, dev_port 192
2024-07-19 01:15:10.937070 DEBUG BF_PORT 0:192: 64(speed): 0(fec): 4(n_lanes)
2024-07-19 01:15:10.937079 DEBUG BF_PORT port_mgr_tof1_port_add:1021:0:192:64(speed):0(fec)
2024-07-19 01:15:10.937237 INFO  BF_DVM Dev 0 port 192 added sts Success (0)
2024-07-19 01:15:10.937243 DEBUG BF_PORT 0:196: 64(speed): 0(fec): 4(n_lanes)
2024-07-19 01:15:10.937247 DEBUG BF_PORT port_mgr_tof1_port_add:1021:0:196:64(speed):0(fec)
2024-07-19 01:15:10.937580 INFO  BF_TM Enabling QAC rx during port-add for dev 0, dev_port 196
2024-07-19 01:15:10.938068 DEBUG BF_PORT 0:196: 64(speed): 0(fec): 4(n_lanes)
2024-07-19 01:15:10.938074 DEBUG BF_PORT port_mgr_tof1_port_add:1021:0:196:64(speed):0(fec)
2024-07-19 01:15:10.938232 INFO  BF_DVM Dev 0 port 196 added sts Success (0)
2024-07-19 01:15:12.403969 DEBUG BF_PLTFM QSFP Scan started..
2024-07-19 01:15:15.835235 INFO  BF_PM bf_pm_port_add_with_lanes:3876 0:7/0:64(speed):2(fec):4(n_lanes)
2024-07-19 01:15:15.835356 DEBUG BF_PORT 0:180: 64(speed): 2(fec): 4(n_lanes)
2024-07-19 01:15:15.835382 DEBUG BF_PORT port_mgr_tof1_port_add:1021:0:180:64(speed):2(fec)
2024-07-19 01:15:15.836648 DEBUG BF_PORT MAC: DIS: 0:34:0 : Disable channel
2024-07-19 01:15:15.836677 DEBUG BF_PORT MAC: DIS: 0:34:0 : ERROR! : ch0mode.ena = 0!
2024-07-19 01:15:15.837237 INFO  BF_TM TM buffers egress usage count after disabling qac_rx for dev 0, dev_port 180 before wait 1 is 0
2024-07-19 01:15:15.837281 INFO  BF_TM TM buffers got drained after disabling qac_rx for dev 0, dev_port 180 after 0 waits
2024-07-19 01:15:15.837794 DEBUG BF_PORT 0:180: 64(speed): 2(fec): 4(n_lanes)
2024-07-19 01:15:15.837822 DEBUG BF_PORT port_mgr_tof1_port_add:1021:0:180:64(speed):2(fec)
2024-07-19 01:15:15.837998 INFO  BF_DVM Dev 0 port 180 added sts Success (0)
2024-07-19 01:15:15.838015 INFO  BF_PM bf_pm_port_direction_clear:3485 0:7/0
2024-07-19 01:15:15.838050 DEBUG BF_PLTFM Extended Mac addr: 6c:ec:5a:62:a8:20 

2024-07-19 01:15:15.838089 DEBUG BF_PORT SDS :0:180:0: MAP: Rx inv=0
2024-07-19 01:15:15.838225 DEBUG BF_PORT SDS :0:180:0: MAP: Tx inv=0
2024-07-19 01:15:15.838346 DEBUG BF_PORT SDS :0:180:1: MAP: Rx inv=0
2024-07-19 01:15:15.838467 DEBUG BF_PORT SDS :0:180:1: MAP: Tx inv=0
2024-07-19 01:15:15.838584 DEBUG BF_PORT SDS :0:180:2: MAP: Rx inv=0
2024-07-19 01:15:15.838697 DEBUG BF_PORT SDS :0:180:2: MAP: Tx inv=0
2024-07-19 01:15:15.838811 DEBUG BF_PORT SDS :0:180:3: MAP: Rx inv=0
2024-07-19 01:15:15.838928 DEBUG BF_PORT SDS :0:180:3: MAP: Tx inv=0
2024-07-19 01:15:15.842649 INFO  BF_PM bf_pm_port_add_with_lanes:3876 0:3/0:64(speed):2(fec):4(n_lanes)
2024-07-19 01:15:15.842668 DEBUG BF_PORT 0:148: 64(speed): 2(fec): 4(n_lanes)
2024-07-19 01:15:15.842674 DEBUG BF_PORT port_mgr_tof1_port_add:1021:0:148:64(speed):2(fec)
2024-07-19 01:15:15.843317 DEBUG BF_PORT MAC: DIS: 0:42:0 : Disable channel
2024-07-19 01:15:15.843324 DEBUG BF_PORT MAC: DIS: 0:42:0 : ERROR! : ch0mode.ena = 0!
2024-07-19 01:15:15.843747 INFO  BF_TM TM buffers egress usage count after disabling qac_rx for dev 0, dev_port 148 before wait 1 is 0
2024-07-19 01:15:15.843778 INFO  BF_TM TM buffers got drained after disabling qac_rx for dev 0, dev_port 148 after 0 waits
2024-07-19 01:15:15.844298 DEBUG BF_PORT 0:148: 64(speed): 2(fec): 4(n_lanes)
2024-07-19 01:15:15.844314 DEBUG BF_PORT port_mgr_tof1_port_add:1021:0:148:64(speed):2(fec)
2024-07-19 01:15:15.844475 INFO  BF_DVM Dev 0 port 148 added sts Success (0)
2024-07-19 01:15:15.844484 INFO  BF_PM bf_pm_port_direction_clear:3485 0:3/0
2024-07-19 01:15:15.844495 DEBUG BF_PLTFM Extended Mac addr: 6c:ec:5a:62:a8:10 

2024-07-19 01:15:15.844504 DEBUG BF_PORT SDS :0:148:0: MAP: Rx inv=0
2024-07-19 01:15:15.844610 DEBUG BF_PORT SDS :0:148:0: MAP: Tx inv=0
2024-07-19 01:15:15.844713 DEBUG BF_PORT SDS :0:148:1: MAP: Rx inv=0
2024-07-19 01:15:15.844817 DEBUG BF_PORT SDS :0:148:1: MAP: Tx inv=0
2024-07-19 01:15:15.844921 DEBUG BF_PORT SDS :0:148:2: MAP: Rx inv=0
2024-07-19 01:15:15.845025 DEBUG BF_PORT SDS :0:148:2: MAP: Tx inv=0
2024-07-19 01:15:15.845128 DEBUG BF_PORT SDS :0:148:3: MAP: Rx inv=0
2024-07-19 01:15:15.845232 DEBUG BF_PORT SDS :0:148:3: MAP: Tx inv=0
2024-07-19 01:15:15.848733 INFO  BF_PM bf_pm_port_add_with_lanes:3876 0:33/2:2(speed):0(fec):1(n_lanes)
2024-07-19 01:15:15.848773 DEBUG BF_PORT 0:66: 2(speed): 0(fec): 1(n_lanes)
2024-07-19 01:15:15.848779 DEBUG BF_PORT port_mgr_tof1_port_add:1021:0:66:2(speed):0(fec)
2024-07-19 01:15:15.849437 DEBUG BF_PORT MAC: DIS: 0:64:2 : Disable channel
2024-07-19 01:15:15.849446 DEBUG BF_PORT MAC: DIS: 0:64:2 : ERROR! : ch0mode.ena = 0!
2024-07-19 01:15:15.849894 INFO  BF_TM TM buffers egress usage count after disabling qac_rx for dev 0, dev_port 66 before wait 1 is 0
2024-07-19 01:15:15.849916 INFO  BF_TM TM buffers got drained after disabling qac_rx for dev 0, dev_port 66 after 0 waits
2024-07-19 01:15:15.850430 DEBUG BF_PORT 0:66: 2(speed): 0(fec): 1(n_lanes)
2024-07-19 01:15:15.850438 DEBUG BF_PORT port_mgr_tof1_port_add:1021:0:66:2(speed):0(fec)
2024-07-19 01:15:15.850598 INFO  BF_DVM Dev 0 port 66 added sts Success (0)
2024-07-19 01:15:15.850604 INFO  BF_PM bf_pm_port_direction_clear:3485 0:33/2
2024-07-19 01:15:15.850613 DEBUG BF_PLTFM Extended Mac addr: 6c:ec:5a:62:a8:8a 

2024-07-19 01:15:15.850622 INFO  BF_PM bf_pm_pltfm_front_port_ready_for_bringup:3062 0:33/2:1(ready)
2024-07-19 01:15:15.850641 DEBUG BF_PORT SDS :0: 66:0: MAP: Rx inv=0
2024-07-19 01:15:15.850756 DEBUG BF_PORT SDS :0: 66:0: MAP: Tx inv=0
2024-07-19 01:15:15.851886 INFO  BF_PM bf_pm_port_autoneg_set:4523 0:7/0:1(an_policy)
2024-07-19 01:15:15.852043 INFO  BF_PM bf_pm_port_autoneg_set:4523 0:3/0:1(an_policy)
2024-07-19 01:15:15.852204 INFO  BF_PM bf_pm_port_autoneg_set:4523 0:33/2:1(an_policy)
2024-07-19 01:15:15.852393 INFO  BF_PM bf_pm_port_enable:4114 0:3/0
2024-07-19 01:15:15.855546 DEBUG BF_PLTFM QSFP:  3 : ch[0] : dev_port=148 : is COPPER
2024-07-19 01:15:15.855565 DEBUG BF_PORT port_mgr_port_enable:128:0:148:1(enb)
2024-07-19 01:15:15.855571 DEBUG BF_PORT port_mgr_tof1_port_enable:1312:0:148:1(enb)
2024-07-19 01:15:15.855576 DEBUG BF_PORT PRT :0:148:-: Enable
2024-07-19 01:15:15.855587 INFO  BF_TM Enabling QAC rx during port-enable for dev 0, dev_port 148
2024-07-19 01:15:15.855680 INFO  BF_PM bf_pm_port_enable:4114 0:7/0
2024-07-19 01:15:15.855945 DEBUG BF_PORT FSM :0:148:-: MACs serdesmux.sig_ok=PASS-THRU
2024-07-19 01:15:15.871798 DEBUG BF_PORT FSM :0:148:-: BF_FSM_ST_IDLE             --> BF_AN_FSM_ST_WAIT_PLL1    
2024-07-19 01:15:15.872195 DEBUG BF_PLTFM QSFP:  7 : ch[0] : dev_port=180 : is COPPER
2024-07-19 01:15:15.872208 DEBUG BF_PORT port_mgr_port_enable:128:0:180:1(enb)
2024-07-19 01:15:15.872213 DEBUG BF_PORT port_mgr_tof1_port_enable:1312:0:180:1(enb)
2024-07-19 01:15:15.872218 DEBUG BF_PORT PRT :0:180:-: Enable
2024-07-19 01:15:15.872229 INFO  BF_TM Enabling QAC rx during port-enable for dev 0, dev_port 180
2024-07-19 01:15:15.872531 DEBUG BF_PORT FSM :0:180:-: MACs serdesmux.sig_ok=PASS-THRU
2024-07-19 01:15:15.874058 INFO  BF_PM bf_pm_port_enable:4114 0:33/2
2024-07-19 01:15:15.874102 INFO  BF_PM bf_pm_pltfm_front_port_eligible_for_autoneg:3163 0:33/2:1(an_eligibility)
2024-07-19 01:15:15.874127 DEBUG BF_PORT port_mgr_port_enable:128:0:66:1(enb)
2024-07-19 01:15:15.874133 DEBUG BF_PORT port_mgr_tof1_port_enable:1312:0:66:1(enb)
2024-07-19 01:15:15.874139 DEBUG BF_PORT PRT :0: 66:-: Enable
2024-07-19 01:15:15.874159 INFO  BF_TM Enabling QAC rx during port-enable for dev 0, dev_port 66
2024-07-19 01:15:15.888021 DEBUG BF_PORT FSM :0:180:-: BF_FSM_ST_IDLE             --> BF_AN_FSM_ST_WAIT_PLL1    
2024-07-19 01:15:15.888039 DEBUG BF_PORT FSM :0: 66:-: MACs serdesmux.sig_ok=PASS-THRU
2024-07-19 01:15:15.892018 DEBUG BF_PORT FSM :0: 66:-: BF_FSM_ST_IDLE             --> BF_AN_FSM_ST_WAIT_PLL1    
2024-07-19 01:15:15.896810 DEBUG BF_PORT 0:1: 42:            raw: d000_2000_0001
2024-07-19 01:15:15.896823 DEBUG BF_PORT 0:1: 42:       AN speed: 100G_CR4 
2024-07-19 01:15:15.896827 DEBUG BF_PORT 0:1: 42:       AN   fec: f2 (25G-RS FEC REQUEST) f0 (10G-FC FEC ABILITY) f1 (10G-FC FEC REQUEST) 
2024-07-19 01:15:15.897424 DEBUG BF_PORT FSM :0:148:0: Set tx_output_en 1 <rc=0>
2024-07-19 01:15:15.897431 DEBUG BF_PORT FSM :0:148:-: BF_AN_FSM_ST_WAIT_PLL1     --> BF_AN_FSM_ST_WAIT_BASE_PG 
2024-07-19 01:15:15.902943 DEBUG BF_PORT 0:1:  9:            raw: d000_2000_0001
2024-07-19 01:15:15.902950 DEBUG BF_PORT 0:1:  9:       AN speed: 100G_CR4 
2024-07-19 01:15:15.902955 DEBUG BF_PORT 0:1:  9:       AN   fec: f2 (25G-RS FEC REQUEST) f0 (10G-FC FEC ABILITY) f1 (10G-FC FEC REQUEST) 
2024-07-19 01:15:15.903545 DEBUG BF_PORT FSM :0:180:0: Set tx_output_en 1 <rc=0>
2024-07-19 01:15:15.903552 DEBUG BF_PORT FSM :0:180:-: BF_AN_FSM_ST_WAIT_PLL1     --> BF_AN_FSM_ST_WAIT_BASE_PG 
2024-07-19 01:15:15.904925 DEBUG BF_PORT 0:0:142:            raw: 0000_0080_0001
2024-07-19 01:15:15.904932 DEBUG BF_PORT 0:0:142:       AN speed: 10G_KR 
2024-07-19 01:15:15.905568 DEBUG BF_PORT FSM :0: 66:0: Set tx_output_en 1 <rc=0>
2024-07-19 01:15:15.905576 DEBUG BF_PORT FSM :0: 66:-: BF_AN_FSM_ST_WAIT_PLL1     --> BF_AN_FSM_ST_WAIT_BASE_PG 
2024-07-19 01:15:15.988323 DEBUG BF_PORT 0:0:142:            raw: 4000_00aa_4d01
2024-07-19 01:15:15.988333 DEBUG BF_PORT 0:0:142:       AN speed: 1000_KX 10G_KR 
2024-07-19 01:15:15.988338 DEBUG BF_PORT 0:0:142:       AN   fec: f0 (10G-FC FEC ABILITY) 
2024-07-19 01:15:15.988345 DEBUG BF_PORT 0:0:142:       AN  pause: c0 (RX) c1 (TX) 
2024-07-19 01:15:15.988349 DEBUG BF_PORT FSM :0: 66:0: LP BASE PG: 4000_00aa_4d01
2024-07-19 01:15:15.988353 DEBUG BF_PORT FSM :0: 66:-: BF_AN_FSM_ST_WAIT_BASE_PG  --> BF_AN_FSM_ST_WAIT_NEXT_PG 
2024-07-19 01:15:15.998656 DEBUG BF_PORT FSM :0: 66:0: AN GOOD (early) an_cmpl=0
2024-07-19 01:15:15.998681 DEBUG BF_PORT FSM :0: 66:-: BF_AN_FSM_ST_WAIT_NEXT_PG  --> BF_AN_FSM_ST_WAIT_AN_GOOD 
2024-07-19 01:15:16.000513 DEBUG BF_PORT FSM :0: 66:-: BF_AN_FSM_ST_WAIT_AN_GOOD  --> BF_AN_FSM_ST_WAIT_PLL2    
2024-07-19 01:15:16.012083 DEBUG BF_PORT AAPL: HCD Technology selected on serdes 0x8e: 10GBASE-KR
2024-07-19 01:15:16.012650 DEBUG BF_PORT FSM :0: 66:-: Enable MAC CH Tx : Disable MAC Rx
2024-07-19 01:15:16.012670 DEBUG BF_PORT MAC: DIS: 0:64:2 : Disable channel
2024-07-19 01:15:16.012690 DEBUG BF_PORT MAC: ENA: 0:64:2 : Enable channel
2024-07-19 01:15:16.012920 DEBUG BF_PORT FSM :0: 66:-: BF_AN_FSM_ST_WAIT_PLL2     --> BF_AN_FSM_ST_WAIT_AN_CMPLT
2024-07-19 01:15:16.079882 DEBUG BF_PORT 0:1:  9:            raw: 4000_e2b3_c2e1
2024-07-19 01:15:16.079905 DEBUG BF_PORT 0:1:  9:       AN speed: 1000_KX 10G_KR 40G_CR4 100G_CR4 25G_KRS_CRS 25G_KR_CR 
2024-07-19 01:15:16.079918 DEBUG BF_PORT 0:1:  9:       AN   fec: f0 (10G-FC FEC ABILITY) 
2024-07-19 01:15:16.079930 DEBUG BF_PORT FSM :0:180:0: LP BASE PG: 4000_e2b3_c2e1
2024-07-19 01:15:16.080343 DEBUG BF_PORT FSM :0:180:-: BF_AN_FSM_ST_WAIT_BASE_PG  --> BF_AN_FSM_ST_WAIT_NEXT_PG 
2024-07-19 01:15:16.090954 DEBUG BF_PORT FSM :0:180:0: LP NEXT PG: 04df_0353_e805
2024-07-19 01:15:16.102096 DEBUG BF_PORT FSM :0:180:0: LP NEXT PG: 0300_0220_c203
2024-07-19 01:15:16.113129 DEBUG BF_PORT FSM :0:180:0: LP NEXT PG: 00b2_0000_e805
2024-07-19 01:15:16.124303 DEBUG BF_PORT FSM :0:180:0: LP NEXT PG: 0000_0008_c200
2024-07-19 01:15:16.124964 DEBUG BF_PORT 0:0:142: Link training: fail=0 : in_prg=1 : rx_trnd=0 : frm_lk=1 : rmt-rq=0 : lcl-rq=0 : RemRcvrRdy=1
2024-07-19 01:15:16.135059 DEBUG BF_PORT FSM :0:180:0: AN GOOD (early) an_cmpl=0
2024-07-19 01:15:16.135091 DEBUG BF_PORT FSM :0:180:-: BF_AN_FSM_ST_WAIT_NEXT_PG  --> BF_AN_FSM_ST_WAIT_AN_GOOD 
2024-07-19 01:15:16.136824 DEBUG BF_PORT FSM :0:180:-: BF_AN_FSM_ST_WAIT_AN_GOOD  --> BF_AN_FSM_ST_WAIT_PLL2    
2024-07-19 01:15:16.145504 DEBUG BF_PORT 0:0:142: Link training: fail=0 : in_prg=1 : rx_trnd=0 : frm_lk=1 : rmt-rq=0 : lcl-rq=0 : RemRcvrRdy=1
2024-07-19 01:15:16.148284 DEBUG BF_PORT AAPL: HCD Technology selected on serdes 0x109: 100GBASE-CR4
2024-07-19 01:15:16.150204 DEBUG BF_PORT FSM :0:180:-: Enable MAC CH Tx : Disable MAC Rx
2024-07-19 01:15:16.150223 DEBUG BF_PORT MAC: DIS: 0:34:0 : Disable channel
2024-07-19 01:15:16.150249 DEBUG BF_PORT MAC: ENA: 0:34:0 : Enable channel
2024-07-19 01:15:16.151069 DEBUG BF_PORT FSM :0:180:-: BF_AN_FSM_ST_WAIT_PLL2     --> BF_AN_FSM_ST_WAIT_AN_CMPLT
2024-07-19 01:15:16.151590 DEBUG BF_PORT 0:1: 42:            raw: 4000_e2b7_c021
2024-07-19 01:15:16.151606 DEBUG BF_PORT 0:1: 42:       AN speed: 1000_KX 10G_KR 40G_CR4 100G_CR4 25G_KRS_CRS 25G_KR_CR 
2024-07-19 01:15:16.151625 DEBUG BF_PORT 0:1: 42:       AN   fec: f0 (10G-FC FEC ABILITY) 
2024-07-19 01:15:16.151637 DEBUG BF_PORT FSM :0:148:0: LP BASE PG: 4000_e2b7_c021
2024-07-19 01:15:16.152049 DEBUG BF_PORT FSM :0:148:-: BF_AN_FSM_ST_WAIT_BASE_PG  --> BF_AN_FSM_ST_WAIT_NEXT_PG 
2024-07-19 01:15:16.162572 DEBUG BF_PORT FSM :0:148:0: LP NEXT PG: 04df_0353_e805
2024-07-19 01:15:16.166076 DEBUG BF_PORT 0:0:142: Link training: fail=0 : in_prg=1 : rx_trnd=0 : frm_lk=1 : rmt-rq=0 : lcl-rq=0 : RemRcvrRdy=1
2024-07-19 01:15:16.173723 DEBUG BF_PORT FSM :0:148:0: LP NEXT PG: 0300_0220_c203
2024-07-19 01:15:16.184696 DEBUG BF_PORT FSM :0:148:0: LP NEXT PG: 00b2_0000_e805
2024-07-19 01:15:16.186365 DEBUG BF_PORT 0:0:142: Link training: fail=0 : in_prg=1 : rx_trnd=0 : frm_lk=1 : rmt-rq=0 : lcl-rq=0 : RemRcvrRdy=1
2024-07-19 01:15:16.195811 DEBUG BF_PORT FSM :0:148:0: LP NEXT PG: 0000_0008_c200
2024-07-19 01:15:16.206502 DEBUG BF_PORT FSM :0:148:0: AN GOOD (early) an_cmpl=0
2024-07-19 01:15:16.206520 DEBUG BF_PORT FSM :0:148:-: BF_AN_FSM_ST_WAIT_NEXT_PG  --> BF_AN_FSM_ST_WAIT_AN_GOOD 
2024-07-19 01:15:16.206751 DEBUG BF_PORT 0:0:142: Link training: fail=0 : in_prg=1 : rx_trnd=0 : frm_lk=1 : rmt-rq=0 : lcl-rq=0 : RemRcvrRdy=1
2024-07-19 01:15:16.208504 DEBUG BF_PORT FSM :0:148:-: BF_AN_FSM_ST_WAIT_AN_GOOD  --> BF_AN_FSM_ST_WAIT_PLL2    
2024-07-19 01:15:16.219841 DEBUG BF_PORT AAPL: HCD Technology selected on serdes 0x12a: 100GBASE-CR4
2024-07-19 01:15:16.221760 DEBUG BF_PORT FSM :0:148:-: Enable MAC CH Tx : Disable MAC Rx
2024-07-19 01:15:16.221780 DEBUG BF_PORT MAC: DIS: 0:42:0 : Disable channel
2024-07-19 01:15:16.221806 DEBUG BF_PORT MAC: ENA: 0:42:0 : Enable channel
2024-07-19 01:15:16.222633 DEBUG BF_PORT FSM :0:148:-: BF_AN_FSM_ST_WAIT_PLL2     --> BF_AN_FSM_ST_WAIT_AN_CMPLT
2024-07-19 01:15:16.223053 DEBUG BF_PORT 0:1: 10: Link training: fail=0 : in_prg=1 : rx_trnd=0 : frm_lk=1 : rmt-rq=0 : lcl-rq=0 : RemRcvrRdy=1
2024-07-19 01:15:16.223268 DEBUG BF_PORT 0:1: 11: Link training: fail=0 : in_prg=1 : rx_trnd=0 : frm_lk=1 : rmt-rq=0 : lcl-rq=0 : RemRcvrRdy=1
2024-07-19 01:15:16.223489 DEBUG BF_PORT 0:1: 12: Link training: fail=0 : in_prg=1 : rx_trnd=0 : frm_lk=1 : rmt-rq=0 : lcl-rq=0 : RemRcvrRdy=1
2024-07-19 01:15:16.227304 DEBUG BF_PORT 0:0:142: Link training: fail=0 : in_prg=1 : rx_trnd=0 : frm_lk=1 : rmt-rq=0 : lcl-rq=0 : RemRcvrRdy=1
2024-07-19 01:15:16.243731 DEBUG BF_PORT 0:1:  9: Link training: fail=0 : in_prg=1 : rx_trnd=0 : frm_lk=1 : rmt-rq=0 : lcl-rq=0 : RemRcvrRdy=1
2024-07-19 01:15:16.243948 DEBUG BF_PORT 0:1: 10: Link training: fail=0 : in_prg=1 : rx_trnd=0 : frm_lk=1 : rmt-rq=0 : lcl-rq=0 : RemRcvrRdy=1
2024-07-19 01:15:16.244165 DEBUG BF_PORT 0:1: 11: Link training: fail=0 : in_prg=1 : rx_trnd=0 : frm_lk=1 : rmt-rq=0 : lcl-rq=0 : RemRcvrRdy=1
2024-07-19 01:15:16.244376 DEBUG BF_PORT 0:1: 12: Link training: fail=0 : in_prg=1 : rx_trnd=0 : frm_lk=1 : rmt-rq=0 : lcl-rq=0 : RemRcvrRdy=1
2024-07-19 01:15:16.247811 DEBUG BF_PORT 0:0:142: Link training: fail=0 : in_prg=1 : rx_trnd=0 : frm_lk=1 : rmt-rq=0 : lcl-rq=0 : RemRcvrRdy=1
2024-07-19 01:15:16.264893 DEBUG BF_PORT 0:1:  9: Link training: fail=0 : in_prg=1 : rx_trnd=0 : frm_lk=1 : rmt-rq=0 : lcl-rq=0 : RemRcvrRdy=1
2024-07-19 01:15:16.265119 DEBUG BF_PORT 0:1: 10: Link training: fail=0 : in_prg=1 : rx_trnd=0 : frm_lk=1 : rmt-rq=0 : lcl-rq=0 : RemRcvrRdy=1
2024-07-19 01:15:16.265332 DEBUG BF_PORT 0:1: 11: Link training: fail=0 : in_prg=1 : rx_trnd=0 : frm_lk=1 : rmt-rq=0 : lcl-rq=0 : RemRcvrRdy=1
2024-07-19 01:15:16.265546 DEBUG BF_PORT 0:1: 12: Link training: fail=0 : in_prg=1 : rx_trnd=0 : frm_lk=1 : rmt-rq=0 : lcl-rq=0 : RemRcvrRdy=1
2024-07-19 01:15:16.268291 DEBUG BF_PORT 0:0:142: Link training: fail=0 : in_prg=1 : rx_trnd=0 : frm_lk=1 : rmt-rq=0 : lcl-rq=0 : RemRcvrRdy=1
2024-07-19 01:15:16.286091 DEBUG BF_PORT 0:1:  9: Link training: fail=0 : in_prg=1 : rx_trnd=0 : frm_lk=1 : rmt-rq=0 : lcl-rq=0 : RemRcvrRdy=1
2024-07-19 01:15:16.286311 DEBUG BF_PORT 0:1: 10: Link training: fail=0 : in_prg=1 : rx_trnd=0 : frm_lk=1 : rmt-rq=0 : lcl-rq=0 : RemRcvrRdy=1
2024-07-19 01:15:16.286537 DEBUG BF_PORT 0:1: 11: Link training: fail=0 : in_prg=1 : rx_trnd=0 : frm_lk=1 : rmt-rq=0 : lcl-rq=0 : RemRcvrRdy=1
2024-07-19 01:15:16.286756 DEBUG BF_PORT 0:1: 12: Link training: fail=0 : in_prg=1 : rx_trnd=0 : frm_lk=1 : rmt-rq=0 : lcl-rq=0 : RemRcvrRdy=1
2024-07-19 01:15:16.288794 DEBUG BF_PORT 0:0:142: Link training: fail=0 : in_prg=1 : rx_trnd=0 : frm_lk=1 : rmt-rq=0 : lcl-rq=0 : RemRcvrRdy=1
2024-07-19 01:15:16.307294 DEBUG BF_PORT 0:1:  9: Link training: fail=0 : in_prg=1 : rx_trnd=0 : frm_lk=1 : rmt-rq=0 : lcl-rq=0 : RemRcvrRdy=1
2024-07-19 01:15:16.307532 DEBUG BF_PORT 0:1: 10: Link training: fail=0 : in_prg=1 : rx_trnd=0 : frm_lk=1 : rmt-rq=0 : lcl-rq=0 : RemRcvrRdy=1
2024-07-19 01:15:16.307752 DEBUG BF_PORT 0:1: 11: Link training: fail=0 : in_prg=1 : rx_trnd=0 : frm_lk=1 : rmt-rq=0 : lcl-rq=0 : RemRcvrRdy=1
2024-07-19 01:15:16.307971 DEBUG BF_PORT 0:1: 12: Link training: fail=0 : in_prg=1 : rx_trnd=0 : frm_lk=1 : rmt-rq=0 : lcl-rq=0 : RemRcvrRdy=1
2024-07-19 01:15:16.309280 DEBUG BF_PORT 0:0:142: Link training: fail=0 : in_prg=1 : rx_trnd=0 : frm_lk=1 : rmt-rq=0 : lcl-rq=0 : RemRcvrRdy=1
2024-07-19 01:15:16.315256 DEBUG BF_PORT 0:1: 44: Link training: fail=0 : in_prg=1 : rx_trnd=0 : frm_lk=1 : rmt-rq=0 : lcl-rq=0 : RemRcvrRdy=1
2024-07-19 01:15:16.315478 DEBUG BF_PORT 0:1: 45: Link training: fail=0 : in_prg=1 : rx_trnd=0 : frm_lk=1 : rmt-rq=0 : lcl-rq=0 : RemRcvrRdy=1
2024-07-19 01:15:16.328234 DEBUG BF_PORT 0:1:  9: Link training: fail=0 : in_prg=1 : rx_trnd=0 : frm_lk=1 : rmt-rq=0 : lcl-rq=0 : RemRcvrRdy=1
2024-07-19 01:15:16.328456 DEBUG BF_PORT 0:1: 10: Link training: fail=0 : in_prg=1 : rx_trnd=0 : frm_lk=1 : rmt-rq=0 : lcl-rq=0 : RemRcvrRdy=1
2024-07-19 01:15:16.328680 DEBUG BF_PORT 0:1: 11: Link training: fail=0 : in_prg=1 : rx_trnd=0 : frm_lk=1 : rmt-rq=0 : lcl-rq=0 : RemRcvrRdy=1
2024-07-19 01:15:16.328892 DEBUG BF_PORT 0:1: 12: Link training: fail=0 : in_prg=1 : rx_trnd=0 : frm_lk=1 : rmt-rq=0 : lcl-rq=0 : RemRcvrRdy=1
2024-07-19 01:15:16.329852 DEBUG BF_PORT 0:0:142: Link training: fail=0 : in_prg=1 : rx_trnd=0 : frm_lk=1 : rmt-rq=0 : lcl-rq=0 : RemRcvrRdy=1
2024-07-19 01:15:16.335986 DEBUG BF_PORT 0:1: 43: Link training: fail=0 : in_prg=1 : rx_trnd=0 : frm_lk=1 : rmt-rq=0 : lcl-rq=0 : RemRcvrRdy=1
2024-07-19 01:15:16.336205 DEBUG BF_PORT 0:1: 44: Link training: fail=0 : in_prg=1 : rx_trnd=0 : frm_lk=1 : rmt-rq=0 : lcl-rq=0 : RemRcvrRdy=1
2024-07-19 01:15:16.336427 DEBUG BF_PORT 0:1: 45: Link training: fail=0 : in_prg=1 : rx_trnd=0 : frm_lk=1 : rmt-rq=0 : lcl-rq=0 : RemRcvrRdy=1
2024-07-19 01:15:16.349171 DEBUG BF_PORT 0:1:  9: Link training: fail=0 : in_prg=1 : rx_trnd=0 : frm_lk=1 : rmt-rq=0 : lcl-rq=0 : RemRcvrRdy=1
2024-07-19 01:15:16.349391 DEBUG BF_PORT 0:1: 10: Link training: fail=0 : in_prg=1 : rx_trnd=0 : frm_lk=1 : rmt-rq=0 : lcl-rq=0 : RemRcvrRdy=1
2024-07-19 01:15:16.349605 DEBUG BF_PORT 0:1: 11: Link training: fail=0 : in_prg=1 : rx_trnd=0 : frm_lk=1 : rmt-rq=0 : lcl-rq=0 : RemRcvrRdy=1
2024-07-19 01:15:16.349824 DEBUG BF_PORT 0:1: 12: Link training: fail=0 : in_prg=1 : rx_trnd=0 : frm_lk=1 : rmt-rq=0 : lcl-rq=0 : RemRcvrRdy=1
2024-07-19 01:15:16.350441 DEBUG BF_PORT 0:0:142: Link training: fail=0 : in_prg=1 : rx_trnd=0 : frm_lk=1 : rmt-rq=0 : lcl-rq=0 : RemRcvrRdy=1
2024-07-19 01:15:16.356714 DEBUG BF_PORT 0:1: 42: Link training: fail=0 : in_prg=1 : rx_trnd=0 : frm_lk=1 : rmt-rq=0 : lcl-rq=0 : RemRcvrRdy=1
2024-07-19 01:15:16.356933 DEBUG BF_PORT 0:1: 43: Link training: fail=0 : in_prg=1 : rx_trnd=0 : frm_lk=1 : rmt-rq=0 : lcl-rq=0 : RemRcvrRdy=1
2024-07-19 01:15:16.357146 DEBUG BF_PORT 0:1: 44: Link training: fail=0 : in_prg=1 : rx_trnd=0 : frm_lk=1 : rmt-rq=0 : lcl-rq=0 : RemRcvrRdy=1
2024-07-19 01:15:16.357364 DEBUG BF_PORT 0:1: 45: Link training: fail=0 : in_prg=1 : rx_trnd=0 : frm_lk=1 : rmt-rq=0 : lcl-rq=0 : RemRcvrRdy=1
2024-07-19 01:15:16.370064 DEBUG BF_PORT 0:1:  9: Link training: fail=0 : in_prg=1 : rx_trnd=0 : frm_lk=1 : rmt-rq=0 : lcl-rq=0 : RemRcvrRdy=1
2024-07-19 01:15:16.370283 DEBUG BF_PORT 0:1: 10: Link training: fail=0 : in_prg=1 : rx_trnd=0 : frm_lk=1 : rmt-rq=0 : lcl-rq=0 : RemRcvrRdy=1
2024-07-19 01:15:16.370497 DEBUG BF_PORT 0:1: 11: Link training: fail=0 : in_prg=1 : rx_trnd=0 : frm_lk=1 : rmt-rq=0 : lcl-rq=0 : RemRcvrRdy=1
2024-07-19 01:15:16.370722 DEBUG BF_PORT 0:1: 12: Link training: fail=0 : in_prg=1 : rx_trnd=0 : frm_lk=1 : rmt-rq=0 : lcl-rq=0 : RemRcvrRdy=1
2024-07-19 01:15:16.370954 DEBUG BF_PORT 0:0:142: Link training: fail=0 : in_prg=0 : rx_trnd=1 : frm_lk=0 : rmt-rq=0 : lcl-rq=0 : RemRcvrRdy=1
2024-07-19 01:15:16.370967 DEBUG BF_PORT FSM :0: 66:-: LT: | complete | none     | none     | none     |
2024-07-19 01:15:16.371090 DEBUG BF_PORT FSM :0: 66:-: Enable MAC Rx
2024-07-19 01:15:16.371218 DEBUG BF_PORT FSM :0: 66:-: BF_AN_FSM_ST_WAIT_AN_CMPLT --> BF_AN_FSM_ST_WAIT_PCS_UP  
2024-07-19 01:15:16.377853 DEBUG BF_PORT 0:1: 42: Link training: fail=0 : in_prg=1 : rx_trnd=0 : frm_lk=1 : rmt-rq=0 : lcl-rq=0 : RemRcvrRdy=1
2024-07-19 01:15:16.378073 DEBUG BF_PORT 0:1: 43: Link training: fail=0 : in_prg=1 : rx_trnd=0 : frm_lk=1 : rmt-rq=0 : lcl-rq=0 : RemRcvrRdy=1
2024-07-19 01:15:16.378288 DEBUG BF_PORT 0:1: 44: Link training: fail=0 : in_prg=1 : rx_trnd=0 : frm_lk=1 : rmt-rq=0 : lcl-rq=0 : RemRcvrRdy=1
2024-07-19 01:15:16.378509 DEBUG BF_PORT 0:1: 45: Link training: fail=0 : in_prg=1 : rx_trnd=0 : frm_lk=1 : rmt-rq=0 : lcl-rq=0 : RemRcvrRdy=1
2024-07-19 01:15:16.391227 DEBUG BF_PORT 0:1:  9: Link training: fail=0 : in_prg=1 : rx_trnd=0 : frm_lk=1 : rmt-rq=0 : lcl-rq=0 : RemRcvrRdy=1
2024-07-19 01:15:16.391448 DEBUG BF_PORT 0:1: 10: Link training: fail=0 : in_prg=1 : rx_trnd=0 : frm_lk=1 : rmt-rq=0 : lcl-rq=0 : RemRcvrRdy=1
2024-07-19 01:15:16.391668 DEBUG BF_PORT 0:1: 11: Link training: fail=0 : in_prg=1 : rx_trnd=0 : frm_lk=1 : rmt-rq=0 : lcl-rq=0 : RemRcvrRdy=1
2024-07-19 01:15:16.391886 DEBUG BF_PORT 0:1: 12: Link training: fail=0 : in_prg=1 : rx_trnd=0 : frm_lk=1 : rmt-rq=0 : lcl-rq=0 : RemRcvrRdy=1
2024-07-19 01:15:16.398907 DEBUG BF_PORT 0:1: 42: Link training: fail=0 : in_prg=1 : rx_trnd=0 : frm_lk=1 : rmt-rq=0 : lcl-rq=0 : RemRcvrRdy=1
2024-07-19 01:15:16.399126 DEBUG BF_PORT 0:1: 43: Link training: fail=0 : in_prg=1 : rx_trnd=0 : frm_lk=1 : rmt-rq=0 : lcl-rq=0 : RemRcvrRdy=1
2024-07-19 01:15:16.399340 DEBUG BF_PORT 0:1: 44: Link training: fail=0 : in_prg=1 : rx_trnd=0 : frm_lk=1 : rmt-rq=0 : lcl-rq=0 : RemRcvrRdy=1
2024-07-19 01:15:16.399562 DEBUG BF_PORT 0:1: 45: Link training: fail=0 : in_prg=1 : rx_trnd=0 : frm_lk=1 : rmt-rq=0 : lcl-rq=0 : RemRcvrRdy=1
2024-07-19 01:15:16.412299 DEBUG BF_PORT 0:1:  9: Link training: fail=0 : in_prg=1 : rx_trnd=0 : frm_lk=1 : rmt-rq=0 : lcl-rq=0 : RemRcvrRdy=1
2024-07-19 01:15:16.412532 DEBUG BF_PORT 0:1: 10: Link training: fail=0 : in_prg=1 : rx_trnd=0 : frm_lk=1 : rmt-rq=0 : lcl-rq=0 : RemRcvrRdy=1
2024-07-19 01:15:16.412749 DEBUG BF_PORT 0:1: 11: Link training: fail=0 : in_prg=1 : rx_trnd=0 : frm_lk=1 : rmt-rq=0 : lcl-rq=0 : RemRcvrRdy=1
2024-07-19 01:15:16.412968 DEBUG BF_PORT 0:1: 12: Link training: fail=0 : in_prg=0 : rx_trnd=1 : frm_lk=0 : rmt-rq=0 : lcl-rq=0 : RemRcvrRdy=1
2024-07-19 01:15:16.412988 DEBUG BF_PORT FSM :0:180:-: LT: | running  | running  | running  | complete |
2024-07-19 01:15:16.419989 DEBUG BF_PORT 0:1: 42: Link training: fail=0 : in_prg=1 : rx_trnd=0 : frm_lk=1 : rmt-rq=0 : lcl-rq=0 : RemRcvrRdy=1
2024-07-19 01:15:16.420209 DEBUG BF_PORT 0:1: 43: Link training: fail=0 : in_prg=1 : rx_trnd=0 : frm_lk=1 : rmt-rq=0 : lcl-rq=0 : RemRcvrRdy=1
2024-07-19 01:15:16.420441 DEBUG BF_PORT 0:1: 44: Link training: fail=0 : in_prg=1 : rx_trnd=0 : frm_lk=1 : rmt-rq=0 : lcl-rq=0 : RemRcvrRdy=1
2024-07-19 01:15:16.420666 DEBUG BF_PORT 0:1: 45: Link training: fail=0 : in_prg=1 : rx_trnd=0 : frm_lk=1 : rmt-rq=0 : lcl-rq=0 : RemRcvrRdy=1
2024-07-19 01:15:16.433378 DEBUG BF_PORT 0:1:  9: Link training: fail=0 : in_prg=1 : rx_trnd=0 : frm_lk=1 : rmt-rq=0 : lcl-rq=0 : RemRcvrRdy=1
2024-07-19 01:15:16.433598 DEBUG BF_PORT 0:1: 10: Link training: fail=0 : in_prg=0 : rx_trnd=1 : frm_lk=0 : rmt-rq=0 : lcl-rq=0 : RemRcvrRdy=1
2024-07-19 01:15:16.433823 DEBUG BF_PORT 0:1: 11: Link training: fail=0 : in_prg=0 : rx_trnd=1 : frm_lk=0 : rmt-rq=0 : lcl-rq=0 : RemRcvrRdy=1
2024-07-19 01:15:16.434036 DEBUG BF_PORT 0:1: 12: Link training: fail=0 : in_prg=0 : rx_trnd=1 : frm_lk=0 : rmt-rq=0 : lcl-rq=0 : RemRcvrRdy=1
2024-07-19 01:15:16.434049 DEBUG BF_PORT FSM :0:180:-: LT: | running  | complete | complete | complete |
2024-07-19 01:15:16.441064 DEBUG BF_PORT 0:1: 42: Link training: fail=0 : in_prg=1 : rx_trnd=0 : frm_lk=1 : rmt-rq=0 : lcl-rq=0 : RemRcvrRdy=1
2024-07-19 01:15:16.441290 DEBUG BF_PORT 0:1: 43: Link training: fail=0 : in_prg=1 : rx_trnd=0 : frm_lk=1 : rmt-rq=0 : lcl-rq=0 : RemRcvrRdy=1
2024-07-19 01:15:16.441503 DEBUG BF_PORT 0:1: 44: Link training: fail=0 : in_prg=1 : rx_trnd=0 : frm_lk=1 : rmt-rq=0 : lcl-rq=0 : RemRcvrRdy=1
2024-07-19 01:15:16.441721 DEBUG BF_PORT 0:1: 45: Link training: fail=0 : in_prg=1 : rx_trnd=0 : frm_lk=1 : rmt-rq=0 : lcl-rq=0 : RemRcvrRdy=1
2024-07-19 01:15:16.454428 DEBUG BF_PORT 0:1:  9: Link training: fail=0 : in_prg=0 : rx_trnd=1 : frm_lk=0 : rmt-rq=0 : lcl-rq=0 : RemRcvrRdy=1
2024-07-19 01:15:16.454653 DEBUG BF_PORT 0:1: 10: Link training: fail=0 : in_prg=0 : rx_trnd=1 : frm_lk=0 : rmt-rq=0 : lcl-rq=0 : RemRcvrRdy=1
2024-07-19 01:15:16.454866 DEBUG BF_PORT 0:1: 11: Link training: fail=0 : in_prg=0 : rx_trnd=1 : frm_lk=0 : rmt-rq=0 : lcl-rq=0 : RemRcvrRdy=1
2024-07-19 01:15:16.455080 DEBUG BF_PORT 0:1: 12: Link training: fail=0 : in_prg=0 : rx_trnd=1 : frm_lk=0 : rmt-rq=0 : lcl-rq=0 : RemRcvrRdy=1
2024-07-19 01:15:16.455093 DEBUG BF_PORT FSM :0:180:-: LT: | complete | complete | complete | complete |
2024-07-19 01:15:16.455209 DEBUG BF_PORT FSM :0:180:-: Enable MAC Rx
2024-07-19 01:15:16.455632 DEBUG BF_PORT FSM :0:180:-: BF_AN_FSM_ST_WAIT_AN_CMPLT --> BF_AN_FSM_ST_WAIT_PCS_UP  
2024-07-19 01:15:16.462283 DEBUG BF_PORT 0:1: 42: Link training: fail=0 : in_prg=1 : rx_trnd=0 : frm_lk=1 : rmt-rq=0 : lcl-rq=0 : RemRcvrRdy=1
2024-07-19 01:15:16.462503 DEBUG BF_PORT 0:1: 43: Link training: fail=0 : in_prg=1 : rx_trnd=0 : frm_lk=1 : rmt-rq=0 : lcl-rq=0 : RemRcvrRdy=1
2024-07-19 01:15:16.462724 DEBUG BF_PORT 0:1: 44: Link training: fail=0 : in_prg=1 : rx_trnd=0 : frm_lk=1 : rmt-rq=0 : lcl-rq=0 : RemRcvrRdy=1
2024-07-19 01:15:16.462937 DEBUG BF_PORT 0:1: 45: Link training: fail=0 : in_prg=1 : rx_trnd=0 : frm_lk=1 : rmt-rq=0 : lcl-rq=0 : RemRcvrRdy=1
2024-07-19 01:15:16.483194 DEBUG BF_PORT 0:1: 42: Link training: fail=0 : in_prg=1 : rx_trnd=0 : frm_lk=1 : rmt-rq=0 : lcl-rq=0 : RemRcvrRdy=1
2024-07-19 01:15:16.483415 DEBUG BF_PORT 0:1: 43: Link training: fail=0 : in_prg=1 : rx_trnd=0 : frm_lk=1 : rmt-rq=0 : lcl-rq=0 : RemRcvrRdy=1
2024-07-19 01:15:16.483804 DEBUG BF_PORT 0:1: 44: Link training: fail=0 : in_prg=1 : rx_trnd=0 : frm_lk=1 : rmt-rq=0 : lcl-rq=0 : RemRcvrRdy=1
2024-07-19 01:15:16.484017 DEBUG BF_PORT 0:1: 45: Link training: fail=0 : in_prg=1 : rx_trnd=0 : frm_lk=1 : rmt-rq=0 : lcl-rq=0 : RemRcvrRdy=1
2024-07-19 01:15:16.504301 DEBUG BF_PORT 0:1: 42: Link training: fail=0 : in_prg=1 : rx_trnd=0 : frm_lk=1 : rmt-rq=0 : lcl-rq=0 : RemRcvrRdy=1
2024-07-19 01:15:16.504533 DEBUG BF_PORT 0:1: 43: Link training: fail=0 : in_prg=1 : rx_trnd=0 : frm_lk=1 : rmt-rq=0 : lcl-rq=0 : RemRcvrRdy=1
2024-07-19 01:15:16.504766 DEBUG BF_PORT 0:1: 44: Link training: fail=0 : in_prg=1 : rx_trnd=0 : frm_lk=1 : rmt-rq=0 : lcl-rq=0 : RemRcvrRdy=1
2024-07-19 01:15:16.504979 DEBUG BF_PORT 0:1: 45: Link training: fail=0 : in_prg=1 : rx_trnd=0 : frm_lk=1 : rmt-rq=0 : lcl-rq=0 : RemRcvrRdy=1
2024-07-19 01:15:16.525279 DEBUG BF_PORT 0:1: 42: Link training: fail=0 : in_prg=1 : rx_trnd=0 : frm_lk=1 : rmt-rq=0 : lcl-rq=0 : RemRcvrRdy=1
2024-07-19 01:15:16.525503 DEBUG BF_PORT 0:1: 43: Link training: fail=0 : in_prg=0 : rx_trnd=1 : frm_lk=0 : rmt-rq=0 : lcl-rq=0 : RemRcvrRdy=1
2024-07-19 01:15:16.525728 DEBUG BF_PORT 0:1: 44: Link training: fail=0 : in_prg=1 : rx_trnd=0 : frm_lk=1 : rmt-rq=0 : lcl-rq=0 : RemRcvrRdy=1
2024-07-19 01:15:16.525942 DEBUG BF_PORT 0:1: 45: Link training: fail=0 : in_prg=1 : rx_trnd=0 : frm_lk=1 : rmt-rq=0 : lcl-rq=0 : RemRcvrRdy=1
2024-07-19 01:15:16.525954 DEBUG BF_PORT FSM :0:148:-: LT: | running  | complete | running  | running  |
2024-07-19 01:15:16.546232 DEBUG BF_PORT 0:1: 42: Link training: fail=0 : in_prg=0 : rx_trnd=1 : frm_lk=0 : rmt-rq=0 : lcl-rq=0 : RemRcvrRdy=1
2024-07-19 01:15:16.546464 DEBUG BF_PORT 0:1: 43: Link training: fail=0 : in_prg=0 : rx_trnd=1 : frm_lk=0 : rmt-rq=0 : lcl-rq=0 : RemRcvrRdy=1
2024-07-19 01:15:16.546681 DEBUG BF_PORT 0:1: 44: Link training: fail=0 : in_prg=0 : rx_trnd=1 : frm_lk=0 : rmt-rq=0 : lcl-rq=0 : RemRcvrRdy=1
2024-07-19 01:15:16.546894 DEBUG BF_PORT 0:1: 45: Link training: fail=0 : in_prg=0 : rx_trnd=1 : frm_lk=0 : rmt-rq=0 : lcl-rq=0 : RemRcvrRdy=1
2024-07-19 01:15:16.546907 DEBUG BF_PORT FSM :0:148:-: LT: | complete | complete | complete | complete |
2024-07-19 01:15:16.547024 DEBUG BF_PORT FSM :0:148:-: Enable MAC Rx
2024-07-19 01:15:16.547439 DEBUG BF_PORT FSM :0:148:-: BF_AN_FSM_ST_WAIT_AN_CMPLT --> BF_AN_FSM_ST_WAIT_PCS_UP  
2024-07-19 01:15:17.371384 DEBUG BF_PORT FSM :0: 66:-: PCS sts=1 : blk-lk=0 : blk-lk-all=1 : hi-ber=0 : algn-lk-all=0 : algn-lk=0
2024-07-19 01:15:17.371515 DEBUG BF_PORT 0 : MAC64: CH2: oper: 0 live-st: 1 LF: 0 : RF:0 
2024-07-19 01:15:17.371549 DEBUG BF_PORT FSM :0: 66:-: Op=Up : PCS err-blk=251 : syn-lst=0 : bk-lk-lst=0 : hi_ber=0 : val-err=251 : unk-err=0 : inv-err=0 : bip=0
2024-07-19 01:15:17.371566 DEBUG BF_PORT 0 : MAC64: CH2: oper: 0 live-st: 1 LF: 0 : RF:0 
2024-07-19 01:15:17.373515 DEBUG BF_PORT FSM :0: 66:-: BF_AN_FSM_ST_WAIT_PCS_UP   --> BF_AN_FSM_ST_WAIT_DWN_EVNT
2024-07-19 01:15:17.373539 DEBUG BF_PORT 0: 66: --- Up
2024-07-19 01:15:17.373597 DEBUG BF_PM pm_port_link_status_chg_cb:2830 PM: Dev 0 : front port 33/2 (66) : UP
2024-07-19 01:15:17.456000 DEBUG BF_PORT FSM :0:180:-: RS FEC align status=1 : hi_ser=0 : uncorr=0
2024-07-19 01:15:17.547626 DEBUG BF_PORT FSM :0:148:-: RS FEC align status=1 : hi_ser=0 : uncorr=0
2024-07-19 01:15:18.456287 DEBUG BF_PORT FSM :0:180:-: RS FEC align status=1 : hi_ser=0 : uncorr=0
2024-07-19 01:15:18.547947 DEBUG BF_PORT FSM :0:148:-: RS FEC align status=1 : hi_ser=0 : uncorr=0
2024-07-19 01:15:19.456615 DEBUG BF_PORT FSM :0:180:-: RS FEC align status=1 : hi_ser=0 : uncorr=0
2024-07-19 01:15:19.456667 DEBUG BF_PORT 0 : MAC34: CH0: oper: 0 live-st: 1 LF: 0 : RF:0 
2024-07-19 01:15:19.456695 DEBUG BF_PORT 0 : MAC34: CH0: oper: 0 live-st: 1 LF: 0 : RF:0 
2024-07-19 01:15:19.463635 DEBUG BF_PORT FSM :0:180:-: BF_AN_FSM_ST_WAIT_PCS_UP   --> BF_AN_FSM_ST_WAIT_DWN_EVNT
2024-07-19 01:15:19.463655 DEBUG BF_PORT 0:180: --- Up
2024-07-19 01:15:19.463678 DEBUG BF_PM pm_port_link_status_chg_cb:2830 PM: Dev 0 : front port 7/0 (180) : UP
2024-07-19 01:15:19.548363 DEBUG BF_PORT FSM :0:148:-: RS FEC align status=0 : hi_ser=0 : uncorr=0
2024-07-19 01:15:20.548478 DEBUG BF_PORT FSM :0:148:-: RS FEC align status=1 : hi_ser=0 : uncorr=0
2024-07-19 01:15:21.548753 DEBUG BF_PORT FSM :0:148:-: RS FEC align status=1 : hi_ser=0 : uncorr=0
2024-07-19 01:15:22.549049 DEBUG BF_PORT FSM :0:148:-: RS FEC align status=1 : hi_ser=0 : uncorr=0
2024-07-19 01:15:22.549123 DEBUG BF_PORT 0 : MAC42: CH0: oper: 0 live-st: 1 LF: 0 : RF:0 
2024-07-19 01:15:22.549166 DEBUG BF_PORT 0 : MAC42: CH0: oper: 0 live-st: 1 LF: 0 : RF:0 
2024-07-19 01:15:22.556046 DEBUG BF_PORT FSM :0:148:-: BF_AN_FSM_ST_WAIT_PCS_UP   --> BF_AN_FSM_ST_WAIT_DWN_EVNT
2024-07-19 01:15:22.556067 DEBUG BF_PORT 0:148: --- Up
2024-07-19 01:15:22.556088 DEBUG BF_PM pm_port_link_status_chg_cb:2830 PM: Dev 0 : front port 3/0 (148) : UP
2024-07-19 01:15:24.874781 INFO  BF_MC L1 Create by session 0x10000003 with RID 0 allocated handle 0x40000002 (status Success)
2024-07-19 01:15:24.874822 INFO  BF_MC Session 0x10000003 created L2 on L1 0x40000002 PortMap 000000000000000000000000000000000000000000000000100000000000000000000000 LagMap 0000000000000000000000000000000000000000000000000000000000000001, status Success (0)
2024-07-19 01:15:24.875108 INFO  BF_MC L1 Create by session 0x10000003 with RID 0 allocated handle 0x40000003 (status Success)
2024-07-19 01:15:24.875127 INFO  BF_MC Session 0x10000003 created L2 on L1 0x40000003 PortMap 000000000000000000000000000000000000000000000000100000000000000000000000 LagMap 0000000000000000000000000000000000000000000000000000000000000001, status Success (0)
2024-07-19 01:15:24.875355 INFO  BF_MC L1 Create by session 0x10000003 with RID 0 allocated handle 0x40000004 (status Success)
2024-07-19 01:15:24.875378 INFO  BF_MC Session 0x10000003 created L2 on L1 0x40000004 PortMap 000000000000000000000000000000000000000000000000100000000000000000000000 LagMap 0000000000000000000000000000000000000000000000000000000000000001, status Success (0)
2024-07-19 01:15:24.875747 INFO  BF_MC Reserved grp 0x3 for session 0x10000003 on device 0 with handle 0x20000003 (status Success)
2024-07-19 01:15:24.875768 INFO  BF_MC Allocated RDM addresses 0x2 - 0x3
2024-07-19 01:15:24.875777 INFO  BF_MC Allocated RDM addresses 0x4107 - 0x4107
2024-07-19 01:15:24.875787 INFO  BF_MC Allocated RDM addresses 0x11fc - 0x11fd
2024-07-19 01:15:24.875792 INFO  BF_MC Allocated RDM addresses 0x5107 - 0x5107
2024-07-19 01:15:24.875798 INFO  BF_MC Allocated RDM addresses 0x21fc - 0x21fd
2024-07-19 01:15:24.875802 INFO  BF_MC Allocated RDM addresses 0x6107 - 0x6107
2024-07-19 01:15:24.875806 INFO  BF_MC Allocated RDM addresses 0x31fc - 0x31fd
2024-07-19 01:15:24.875811 INFO  BF_MC Allocated RDM addresses 0x7106 - 0x7107
2024-07-19 01:15:24.875815 INFO  BF_MC Allocated RDM addresses 0x7105 - 0x7105
2024-07-19 01:15:24.875826 INFO  BF_MC Write LAG node at addr 0x4107 with id   0 and next node 0 0x0000_00000c0000000000
2024-07-19 01:15:24.875834 INFO  BF_MC Write L1Rid node at addr 0x2, rid 0, l2 0x4107, next 0
2024-07-19 01:15:24.875844 INFO  BF_MC Write LAG node at addr 0x5107 with id   0 and next node 0 0x0000_00000c0000000000
2024-07-19 01:15:24.875849 INFO  BF_MC Write L1Rid node at addr 0x11fc, rid 0, l2 0x5107, next 0
2024-07-19 01:15:24.875856 INFO  BF_MC Write LAG node at addr 0x6107 with id   0 and next node 0 0x0000_00000c0000000000
2024-07-19 01:15:24.875861 INFO  BF_MC Write L1Rid node at addr 0x21fc, rid 0, l2 0x6107, next 0
2024-07-19 01:15:24.875868 INFO  BF_MC Write Port72 0x00_0000000000100000 pipe 3 last 1 node at addr 0x7106 0x0000_00000000100000b9
2024-07-19 01:15:24.875873 INFO  BF_MC Write LAG node at addr 0x7105 with id   0 and next node 0x7106 0x0000_07106c0000000000
2024-07-19 01:15:24.875879 INFO  BF_MC Write L1Rid node at addr 0x31fc, rid 0, l2 0x7105, next 0
2024-07-19 01:15:24.875921 INFO  BF_MC L1 Associate by session 0x10000003 for node 0x40000002 to group 0x20000003 (status Success)
2024-07-19 01:15:24.875928 INFO  BF_MC Allocated RDM addresses 0x6 - 0x7
2024-07-19 01:15:24.875935 INFO  BF_MC Allocated RDM addresses 0x4106 - 0x4106
2024-07-19 01:15:24.875940 INFO  BF_MC Allocated RDM addresses 0x11fa - 0x11fb
2024-07-19 01:15:24.875944 INFO  BF_MC Allocated RDM addresses 0x5106 - 0x5106
2024-07-19 01:15:24.875948 INFO  BF_MC Allocated RDM addresses 0x21fa - 0x21fb
2024-07-19 01:15:24.875953 INFO  BF_MC Allocated RDM addresses 0x6106 - 0x6106
2024-07-19 01:15:24.875957 INFO  BF_MC Allocated RDM addresses 0x31fa - 0x31fb
2024-07-19 01:15:24.875961 INFO  BF_MC Allocated RDM addresses 0x710e - 0x710f
2024-07-19 01:15:24.875971 INFO  BF_MC Allocated RDM addresses 0x7104 - 0x7104
2024-07-19 01:15:24.875979 INFO  BF_MC Write LAG node at addr 0x4106 with id   0 and next node 0 0x0000_00000c000000000c
2024-07-19 01:15:24.875988 INFO  BF_MC Write L1Rid node at addr 0x6, rid 0, l2 0x4106, next 0x2
2024-07-19 01:15:24.875995 INFO  BF_MC Write LAG node at addr 0x5106 with id   0 and next node 0 0x0000_00000c000000000c
2024-07-19 01:15:24.876000 INFO  BF_MC Write L1Rid node at addr 0x11fa, rid 0, l2 0x5106, next 0x11fc
2024-07-19 01:15:24.876005 INFO  BF_MC Write LAG node at addr 0x6106 with id   0 and next node 0 0x0000_00000c000000000c
2024-07-19 01:15:24.876009 INFO  BF_MC Write L1Rid node at addr 0x21fa, rid 0, l2 0x6106, next 0x21fc
2024-07-19 01:15:24.876014 INFO  BF_MC Write Port72 0x00_0000000000100000 pipe 3 last 1 node at addr 0x710e 0x0000_00000000100000b9
2024-07-19 01:15:24.876019 INFO  BF_MC Write LAG node at addr 0x7104 with id   0 and next node 0x710e 0x0000_07106c00000710ec
2024-07-19 01:15:24.876023 INFO  BF_MC Write L1Rid node at addr 0x31fa, rid 0, l2 0x7104, next 0x31fc
2024-07-19 01:15:24.876033 INFO  BF_MC Update L1-next at addr 0x31fc, next 0x31c0
2024-07-19 01:15:24.876044 INFO  BF_MC L1 Associate by session 0x10000003 for node 0x40000003 to group 0x20000003 (status Success)
2024-07-19 01:15:24.876054 INFO  BF_MC Allocated RDM addresses 0x4 - 0x5
2024-07-19 01:15:24.876059 INFO  BF_MC Allocated RDM addresses 0x4105 - 0x4105
2024-07-19 01:15:24.876063 INFO  BF_MC Allocated RDM addresses 0x11f8 - 0x11f9
2024-07-19 01:15:24.876067 INFO  BF_MC Allocated RDM addresses 0x5105 - 0x5105
2024-07-19 01:15:24.876071 INFO  BF_MC Allocated RDM addresses 0x21f8 - 0x21f9
2024-07-19 01:15:24.876081 INFO  BF_MC Allocated RDM addresses 0x6105 - 0x6105
2024-07-19 01:15:24.876089 INFO  BF_MC Allocated RDM addresses 0x31f8 - 0x31f9
2024-07-19 01:15:24.876093 INFO  BF_MC Allocated RDM addresses 0x710c - 0x710d
2024-07-19 01:15:24.876097 INFO  BF_MC Allocated RDM addresses 0x710b - 0x710b
2024-07-19 01:15:24.876102 INFO  BF_MC Write LAG node at addr 0x4105 with id   0 and next node 0 0x0000_00000c0000000000
2024-07-19 01:15:24.876107 INFO  BF_MC Write L1Rid node at addr 0x4, rid 0, l2 0x4105, next 0x6
2024-07-19 01:15:24.876112 INFO  BF_MC Write LAG node at addr 0x5105 with id   0 and next node 0 0x0000_00000c0000000000
2024-07-19 01:15:24.876116 INFO  BF_MC Write L1Rid node at addr 0x11f8, rid 0, l2 0x5105, next 0x11fa
2024-07-19 01:15:24.876120 INFO  BF_MC Write LAG node at addr 0x6105 with id   0 and next node 0 0x0000_00000c0000000000
2024-07-19 01:15:24.876129 INFO  BF_MC Write L1Rid node at addr 0x21f8, rid 0, l2 0x6105, next 0x21fa
2024-07-19 01:15:24.876134 INFO  BF_MC Write Port72 0x00_0000000000100000 pipe 3 last 1 node at addr 0x710c 0x0000_00000000100000b9
2024-07-19 01:15:24.876139 INFO  BF_MC Write LAG node at addr 0x710b with id   0 and next node 0x710c 0x0000_0710cc0000000000
2024-07-19 01:15:24.876143 INFO  BF_MC Write L1Rid node at addr 0x31f8, rid 0, l2 0x710b, next 0x31fa
2024-07-19 01:15:24.876148 INFO  BF_MC Update L1-next at addr 0x31fc, next 0x31c0
2024-07-19 01:15:24.876153 INFO  BF_MC L1 Associate by session 0x10000003 for node 0x40000004 to group 0x20000003 (status Success)
